기업명,CSR Hub ID,기부금 순위,제안 우선도,회사 간단 소개,업종,법인유형,소재지,직원수(2025),"매출액(2025, 억원)",2022 기부금(백만원),2023 기부금(백만원),2024 기부금(백만원),2025 기부금(백만원),"2026 기부금(백만원, 7/1 기준)",22~25 연평균(백만원),"22~26 단순평균(백만원, 26 부분)",기준 충족 연도 수(22~25),주요 사업 분야,주요 공개사업(최대 3개),공개 주요사업 수,교육 연관사업 수,교육사업 비중,KMA 연관 분야,주요 교육사업(최대 3개),KMA와의 접점,사업정보 참고,홈페이지,지속가능보고서,CSR Hub 상세 URL,연락처 및 접근 경로
,,,아래에 등급 설명,,,,,,,,,,,,,,,"어떤 대상과 주제에 지속적으로 투자해왔는가, 근거 파악
기업마다 연락 이유가 구체적으로 달라져야 함. 참고할 수 있는 부분임",,,,,"실제 연락 시에는 기업당 한 가지 핵심 운영 문제로 좁히는 게 효과적임.
실제로 기업이 필요로 할 수 있는 운영 기능으로 번역해야 함 
예) AI 교육 가능->전국 단위 AI 교육의 강사 표준화와 학습성 관리",,,"누구에게 어떤 방식으로 연락할 것인가?
연락을 할지 공고나 모집을 기다릴지, 연락은 재단/부서/본사 어디로 할지 참고할 수 있음.
예를 들어 현대자동차·기아·현대모비스에 동일 사업이 표시된다면 세 기업에 같은 제안서를 각각 보내기보다, 현대차그룹의 사회공헌 구조와 실제 사업 주관 법인을 먼저 확인하는 게 효율적",,,,"공개된 공식 연락처만 기재. 우선순위: 사회공헌·재단·제휴 → 공식 문의 → 대표전화. 2차 선별 기업 132개를 우선 심층 조사했으며, 공개 직통 담당자가 없으면 연결 요청 경로를 표시함. 개인 연락처는 추정하지 않음."
애경산업,457,1,D,"치약, 비누 및 기타 세제 제조업 기업, 유가증권시장, 서울특별시 마포구 소재, 2025년 매출 약 6,545억원, 직원 943명.","치약, 비누 및 기타 세제 제조업",유가증권시장,서울특별시 마포구 양화로 188 -,943,"6,545.30","22,793.70","19,826.10","26,099.00","29,459.90",0,"24,544.60","19,635.70",4,공개 주요사업 없음,,0,0,,,,현재 공개 주요사업에서는 직접적인 교육 접점이 확인되지 않음. 신규 교육형 사회공헌사업 제안 가능,개별 귀속 여부는 원문 기준,http://www.aekyung.co.kr/,https://www.aekyung.co.kr/esg_report,https://csrhub.chest.or.kr/contributors/private/457,2차 선별 외—심층 연락처 우선조사 미실시 | 기본: http://www.aekyung.co.kr/ | 접근: 공식 대표·문의 페이지에서 ESG·사회공헌·대외협력 담당 연결 요청
신한은행,210,2,A,"국내은행 기업, 기타법인, 서울특별시 중구 소재, 직원 12,781명.",국내은행,기타법인,"서울특별시 중구 세종대로9길 20 (태평로2가, 신한은행 본점)","12,781",,"7,121.00","17,822.80","27,565.70","30,464.80",212.1,"20,743.60","16,637.30",4,교육자립지원(12) / 기초생계지원(5) / 주거안전지원(3),맞벌이가정 자녀 돌봄공백 해소를 위한 공동육아나눔터 공간 조성 지원 ‘신한 꿈도담터’ / 위기가정 재기지원사업(7차년도) / 아동학대 응급(보호)조치 아동 보호 및 가정복귀 지원사업 '신한-SOL Guard(4차)',28,12,42.90%,교육격차·취약계층 / 디지털·AI 교육 / 멘토링·학습관리 / 시니어·중장년 교육 / 진로·취업·자립 / 청소년·청년 교육 / 환경·안전·문화 교육,재생PC를 활용한 경로당 어르신 정보화 및 금융교육 / 해외 사회문제 해결을 위한 '글로벌 원신한' / 학교 밖 청소년의 직업탐색을 위한 뮤지컬 교육 및 공연,"AI·디지털 교육과정 설계, 강사 운영, 프로젝트형 학습·성과관리 / 멘토 모집·교육·매칭, 활동 모니터링, 학습·성과관리 / 시니어·중장년 디지털·생애역량 교육과 지역 거점 운영",개별 귀속 여부는 원문 기준,http://www.shinhan.com/,https://www.shinhan.com/hpe/index.jsp#300407010000,https://csrhub.chest.or.kr/contributors/private/210,우선: 신한금융희망재단(교육·사회문제 해결) 이메일 shdf@shinhan.com / https://shf.neocoms.co.kr/ | 접근: 재단 메일로 제안서 발송 후 해당 계열사 ESG·사회공헌 담당 연결 요청 | 기업 홈페이지: http://www.shinhan.com/
SK하이닉스,8,3,A,"다이오드, 트랜지스터 및 유사 반도체 소자 제조업 기업, 유가증권시장, 경기도 이천시 소재, 2025년 매출 약 97.1조원, 직원 34,549명.","다이오드, 트랜지스터 및 유사 반도체 소자 제조업",유가증권시장,경기도 이천시 부발읍 경충대로 2091,"34,549","971,466.80","11,512.40","28,273.60","13,319.50","18,309.00","1,460.80","17,853.60","14,575.10",4,교육자립지원(5) / 사회적돌봄강화(5) / 기초생계지원(4),ESG 환경개선 청주 도심 내 도시 숲 조성사업 / 2024 ESG 환경개선 ‘청주지역 화물차 무시동 장비지원사업’ / 미래세대 인재 양성을 위한 아동·청소년 소프트웨어 교육 사업 : 하인슈타인,21,9,42.90%,교육격차·취약계층 / 디지털·AI 교육 / 시니어·중장년 교육 / 일반 교육·역량강화 / 진로·취업·자립 / 청소년·청년 교육 / 환경·안전·문화 교육,미래세대 인재 양성을 위한 아동·청소년 소프트웨어 교육 사업 : 하인슈타인 / 2024년 독거노인 정서·생활·안전 AI스피커 지원사업「실버프렌드」7기 / 장애청소년 행복 AI 코딩 챌린지 대회 배분신청서,"AI·디지털 교육과정 설계, 강사 운영, 프로젝트형 학습·성과관리 / 시니어·중장년 디지털·생애역량 교육과 지역 거점 운영 / 청년·경력전환자 직무교육·취업지원, 멘토링, 성과관리",개별 귀속 여부는 원문 기준,http://www.skhynix.com/,https://www.skhynix.com/sustainability/UI-FR-SA01/,https://csrhub.chest.or.kr/contributors/private/8,우선: 행복나눔재단 02-333-3963 / https://skhappiness.org/contact/ | 접근: 교육·사회혁신 제안은 재단 문의 후 실제 사업 귀속 계열사 담당 연결 요청 | 기업 홈페이지: http://www.skhynix.com/
현대자동차,2,4,A,"승용차 및 기타 여객용 자동차 제조업 기업, 유가증권시장, 서울특별시 서초구 소재, 2025년 매출 약 186.3조원, 직원 72,598명.",승용차 및 기타 여객용 자동차 제조업,유가증권시장,서울특별시 서초구 헌릉로 12,"72,598","1,862,544.70","12,485.80","17,289.60","17,067.20","16,167.20",477.8,"15,752.40","12,697.50",4,주거안전지원(16) / 교육자립지원(13) / 보건의료지원(6),아동학대 예방 및 아동보호체계 강화를 위한 통합지원 사업 현대자동차그룹 'i-CARE(아이케어)'- 2차년도 / 전국 사회복지기관 친환경 EV패키지 지원사업 ‘E-share’ / 지역사회복지기관 지원을 통한 사회복지 서비스 역량 강화：지역사회복지 지원사업,50,22,44.00%,교육격차·취약계층 / 디지털·AI 교육 / 멘토링·학습관리 / 시니어·중장년 교육 / 진로·취업·자립 / 청소년·청년 교육 / 환경·안전·문화 교육,지역사회복지기관 지원을 통한 사회복지 서비스 역량 강화：지역사회복지 지원사업 / 취약계층 청소년 및 대학생 인재의 교육기회 불평등 해소를 위한 학습지도 및 멘토링 지원 사업 : H-점프스쿨 / 고령자 교통안전을 위한 교육 및 인식개선 사업 「2024년 교통안전 베테랑 교실」,"AI·디지털 교육과정 설계, 강사 운영, 프로젝트형 학습·성과관리 / 멘토 모집·교육·매칭, 활동 모니터링, 학습·성과관리 / 시니어·중장년 디지털·생애역량 교육과 지역 거점 운영",동일한 공개 사업 목록이 18개 기업에 공통 표시됨(그룹 사업 가능성),http://www.hyundai.com/,https://www.hyundai.com/kr/ko/sustain-manage/manage-system/sustainability-report,https://csrhub.chest.or.kr/contributors/private/2,"우선: 현대차정몽구재단 02-746-0001 / https://www.hyundai-cmkfoundation.org/ | 보조: 현대자동차 공식 1:1 문의 https://www.hyundai.com/kr/ko/digital-customer-support/helpdesk/ask | 접근: 그룹 공동교육이면 재단, 계열사 단독사업이면 해당사 ESG 담당 연결 요청 | 기업 홈페이지: http://www.hyundai.com/"
삼성전자,1,5,A,"통신 및 방송장비 제조업 기업, 유가증권시장, 경기도 수원시 소재, 2025년 매출 약 333.6조원, 직원 257,762명.",통신 및 방송장비 제조업,유가증권시장,경기도 수원시 영통구 삼성로 129 (매탄동),"257,762","3,336,059.40","22,793.10","11,382.20","11,933.90","14,666.50",37.8,"15,193.90","12,162.70",4,교육자립지원(6) / 심리정서지원(3) / 보건의료지원(2),미취업 청년들의 취업경쟁력을 높이기 위한 '삼성 청년 SW 아카데미'(SSAFY) / 취약계층 건강 증진을 위한 의료비 지원 사업 '희망진료센터' / 명절맞이 취약계층 및 사회복지시설 물품지원 사업,14,8,57.10%,교육격차·취약계층 / 디지털·AI 교육 / 멘토링·학습관리 / 시니어·중장년 교육 / 진로·취업·자립 / 청소년·청년 교육 / 환경·안전·문화 교육,미취업 청년들의 취업경쟁력을 높이기 위한 '삼성 청년 SW 아카데미'(SSAFY) / 시니어 디지털 역량 강화 및 활용을 위한 「삼성 시니어 디지털 아카데미」 / 삼성전자와 함께하는 자립준비청년 취업지원사업 ‘희망디딤돌 2.0’,"AI·디지털 교육과정 설계, 강사 운영, 프로젝트형 학습·성과관리 / 멘토 모집·교육·매칭, 활동 모니터링, 학습·성과관리 / 시니어·중장년 디지털·생애역량 교육과 지역 거점 운영",동일한 공개 사업 목록이 20개 기업에 공통 표시됨(그룹 사업 가능성),http://www.samsung.com/sec,https://www.samsung.com/sec/sustainability/main/,https://csrhub.chest.or.kr/contributors/private/1,기본: 삼성전자 대표 02-2255-0114 | 우선: 삼성 CSR https://csr.samsung.com/ko/ | 접근: 대표전화에서 사회공헌/CSR 담당 연결 요청 | 기업 홈페이지: http://www.samsung.com/sec
LG생활건강,74,6,A,"치약, 비누 및 기타 세제 제조업 기업, 유가증권시장, 서울특별시 중구 소재, 2025년 매출 약 6.4조원, 직원 4,013명.","치약, 비누 및 기타 세제 제조업",유가증권시장,서울특별시 중구 후암로 98 LG서울역빌딩,"4,013","63,554.90","20,222.60","11,671.40","10,134.60","15,007.40",0.1,"14,259.00","11,407.20",4,주거안전지원(5) / 교육자립지원(3) / 보건의료지원(2),"아동 대상 올바른 위생습관 형성을 위한 찾아가는 공연, 어린이 건강뮤지컬 <반짝반짝 페리오> / LG생활건강과 함께 가꾸는 도심 생태 공원 / 시각장애인의 안전한 소비생활을 위한 생활용품 점자스티커 제작 및 배포",12,3,25.00%,교육격차·취약계층 / 청소년·청년 교육,"시각장애인의 안전한 소비생활을 위한 생활용품 점자스티커 제작 및 배포 / 아동 대상 올바른 위생습관 형성을 위한 찾아가는 공연, 어린이 건강뮤지컬 <반짝반짝 페 / 시각장애인의 안전한 소비생활을 위한 생활용품 점자스티커 제작 및 배포사업","청소년 학습·진로 프로그램 기획, 학교·지역기관 연계, 참여자 운영 / 교육취약계층 맞춤형 학습지원, 모집·운영 통합관리, 지역 확산",개별 귀속 여부는 원문 기준,http://www.lghnh.com/,https://www.lghnh.com/manage/index.jsp,https://csrhub.chest.or.kr/contributors/private/74,2차 선별 외—심층 연락처 우선조사 미실시 | 기본: http://www.lghnh.com/ | 접근: 공식 대표·문의 페이지에서 ESG·사회공헌·대외협력 담당 연결 요청
우리은행,237,7,A,"국내은행 기업, 기타법인, 서울특별시 중구 소재, 직원 14,203명.",국내은행,기타법인,서울특별시 중구 소공로 51,"14,203",,"8,120.10","8,244.00","13,370.30","17,194.10",6,"11,732.10","9,386.90",4,교육자립지원(1) / 보건의료지원(1),저소득 중·고등학생 대상 재능개발 미래지원사업 「우리 꿈.꾸.당(堂)」 / 플랫폼·프리랜서 종사자 건강 증진 사업,2,1,50.00%,교육격차·취약계층 / 청소년·청년 교육,저소득 중·고등학생 대상 재능개발 미래지원사업 「우리 꿈.꾸.당(堂)」,"청소년 학습·진로 프로그램 기획, 학교·지역기관 연계, 참여자 운영 / 교육취약계층 맞춤형 학습지원, 모집·운영 통합관리, 지역 확산",개별 귀속 여부는 원문 기준,http://www.wooribank.com/,https://spot.wooribank.com/pot/Dream?withyou=BPPCT0059,https://csrhub.chest.or.kr/contributors/private/237,우선: 우리금융미래재단 02-2125-2145 / https://www.woorifuturefoundation.or.kr/company/contactus | 접근: 교육·격차해소 제안은 재단 문의 후 해당 계열사 담당 연결 요청 | 기업 홈페이지: http://www.wooribank.com/
하나은행,225,8,A,"국내은행 기업, 기타법인, 서울특별시 중구 소재, 직원 11,837명.",국내은행,기타법인,"서울특별시 중구 을지로 35 (을지로1가, 하나은행)","11,837",,"9,764.60","10,159.60","11,073.10","14,008.00",98,"11,251.30","9,020.70",4,교육자립지원(8) / 기초생계지원(6) / 문화정보격차해소(4),자립·자활을 위한 자산형성지원사업 / K리그 통합축구활성화 및 친환경리그 지원사업 / 해외청소년 한국어 교육 연수지원사업,22,9,40.90%,교육격차·취약계층 / 멘토링·학습관리 / 진로·취업·자립 / 청소년·청년 교육 / 환경·안전·문화 교육,해외청소년 한국어 교육 연수지원사업 / 소외계층 청년세대를 위한 복합문화공간 지원사업 : HANA SHARING / 지역아동센터 아동/청소년의 미래를 위한 환경교육지원사업,"멘토 모집·교육·매칭, 활동 모니터링, 학습·성과관리 / 청년·경력전환자 직무교육·취업지원, 멘토링, 성과관리 / 청소년 학습·진로 프로그램 기획, 학교·지역기관 연계, 참여자 운영",동일한 공개 사업 목록이 14개 기업에 공통 표시됨(그룹 사업 가능성),http://www.kebhana.com/,https://hanafn.com/esg/reporting/reprt.do,https://csrhub.chest.or.kr/contributors/private/225,"우선: 하나금융나눔재단 사업신청·문의 https://hana-nanum.com/?p=43&page=3&viewMode=add | 신청 안내 02-728-4092~5 / 재단 02-729-8934~7 | 접근: 기관회원 가입 후 사업신청, 전화는 접수 절차 확인용 | 기업 홈페이지: http://www.kebhana.com/"
국민은행,203,9,A,"국내은행 기업, 기타법인, 서울특별시 영등포구 소재.",국내은행,기타법인,서울특별시 영등포구 국제금융로8길 26 국민은행,,,"6,403.10","6,060.00","15,195.50","12,455.30","12,279.90","10,028.50","10,478.80",4,교육자립지원(9) / 기초생계지원(4) / 주거안전지원(3),"전국 취약계층 아동의 교육 격차 해소를 위한 스마트학습지원사업 『KB Dream Wave 2030』라스쿨(미취학, 초등) / 2024 KB국민은행_부스러기사랑나눔회_취약계층 청소년(중고등)장학금 지원 / 미취업 청년들의 S/W 교육기회 확대 지원사업",21,11,52.40%,교육격차·취약계층 / 디지털·AI 교육 / 멘토링·학습관리 / 진로·취업·자립 / 청소년·청년 교육 / 환경·안전·문화 교육,"전국 취약계층 아동의 교육 격차 해소를 위한 스마트학습지원사업 『KB Dream Wave 2030』라스쿨(미취학, 초등) / 2024 KB국민은행_부스러기사랑나눔회_취약계층 청소년(중고등)장학금 지원 / 미취업 청년들의 S/W 교육기회 확대 지원사업","AI·디지털 교육과정 설계, 강사 운영, 프로젝트형 학습·성과관리 / 멘토 모집·교육·매칭, 활동 모니터링, 학습·성과관리 / 청년·경력전환자 직무교육·취업지원, 멘토링, 성과관리",개별 귀속 여부는 원문 기준,http://www.kbstar.com/,https://www.kbfg.com/kor/esg/report/sustainability/list.jsp,https://csrhub.chest.or.kr/contributors/private/203,우선: KB금융공익재단 02-755-2242~3 / 02-2073-5773 / https://kbfoundation.or.kr/introduce/map.do | 접근: 교육·금융교육·자립지원 제안은 재단 문의 후 계열사 연결 요청 | 기업 홈페이지: http://www.kbstar.com/
기아,3,10,A,"승용차 및 기타 여객용 자동차 제조업 기업, 유가증권시장, 서울특별시 서초구 소재, 2025년 매출 약 114.1조원, 직원 36,566명.",승용차 및 기타 여객용 자동차 제조업,유가증권시장,서울특별시 서초구 헌릉로 12 기아자동차,"36,566","1,141,409.20","5,499.30","7,298.30","8,139.60","8,249.70",2,"7,296.70","5,837.80",4,주거안전지원(16) / 교육자립지원(13) / 보건의료지원(6),아동학대 예방 및 아동보호체계 강화를 위한 통합지원 사업 현대자동차그룹 'i-CARE(아이케어)'- 2차년도 / 전국 사회복지기관 친환경 EV패키지 지원사업 ‘E-share’ / 지역사회복지기관 지원을 통한 사회복지 서비스 역량 강화：지역사회복지 지원사업,50,22,44.00%,교육격차·취약계층 / 디지털·AI 교육 / 멘토링·학습관리 / 시니어·중장년 교육 / 진로·취업·자립 / 청소년·청년 교육 / 환경·안전·문화 교육,지역사회복지기관 지원을 통한 사회복지 서비스 역량 강화：지역사회복지 지원사업 / 취약계층 청소년 및 대학생 인재의 교육기회 불평등 해소를 위한 학습지도 및 멘토링 지원 사업 : H-점프스쿨 / 고령자 교통안전을 위한 교육 및 인식개선 사업 「2024년 교통안전 베테랑 교실」,"AI·디지털 교육과정 설계, 강사 운영, 프로젝트형 학습·성과관리 / 멘토 모집·교육·매칭, 활동 모니터링, 학습·성과관리 / 시니어·중장년 디지털·생애역량 교육과 지역 거점 운영",동일한 공개 사업 목록이 18개 기업에 공통 표시됨(그룹 사업 가능성),http://www.kia.co.kr/,https://worldwide.kia.com/kr/company/sustainability/sustainability-report,https://csrhub.chest.or.kr/contributors/private/3,"우선: 현대차정몽구재단 02-746-0001 / https://www.hyundai-cmkfoundation.org/ | 보조: 현대자동차 공식 1:1 문의 https://www.hyundai.com/kr/ko/digital-customer-support/helpdesk/ask | 접근: 그룹 공동교육이면 재단, 계열사 단독사업이면 해당사 ESG 담당 연결 요청 | 기업 홈페이지: http://www.kia.co.kr/"
현대모비스,4,11,A,"자동차 신품 부품 제조업 기업, 유가증권시장, 서울 강남구 소재, 2025년 매출 약 61.1조원, 직원 12,535명.",자동차 신품 부품 제조업,유가증권시장,서울 강남구 역삼1동 로담코빌딩 140-2,"12,535","611,181.30","5,714.30","8,326.40","7,783.70","7,090.20",8.2,"7,228.60","5,784.60",4,주거안전지원(16) / 교육자립지원(13) / 보건의료지원(6),아동학대 예방 및 아동보호체계 강화를 위한 통합지원 사업 현대자동차그룹 'i-CARE(아이케어)'- 2차년도 / 전국 사회복지기관 친환경 EV패키지 지원사업 ‘E-share’ / 지역사회복지기관 지원을 통한 사회복지 서비스 역량 강화：지역사회복지 지원사업,50,22,44.00%,교육격차·취약계층 / 디지털·AI 교육 / 멘토링·학습관리 / 시니어·중장년 교육 / 진로·취업·자립 / 청소년·청년 교육 / 환경·안전·문화 교육,지역사회복지기관 지원을 통한 사회복지 서비스 역량 강화：지역사회복지 지원사업 / 취약계층 청소년 및 대학생 인재의 교육기회 불평등 해소를 위한 학습지도 및 멘토링 지원 사업 : H-점프스쿨 / 고령자 교통안전을 위한 교육 및 인식개선 사업 「2024년 교통안전 베테랑 교실」,"AI·디지털 교육과정 설계, 강사 운영, 프로젝트형 학습·성과관리 / 멘토 모집·교육·매칭, 활동 모니터링, 학습·성과관리 / 시니어·중장년 디지털·생애역량 교육과 지역 거점 운영",동일한 공개 사업 목록이 18개 기업에 공통 표시됨(그룹 사업 가능성),http://www.mobis.com/,https://www.mobis.com/kr/sustain/sustain.do,https://csrhub.chest.or.kr/contributors/private/4,"우선: 현대차정몽구재단 02-746-0001 / https://www.hyundai-cmkfoundation.org/ | 보조: 현대자동차 공식 1:1 문의 https://www.hyundai.com/kr/ko/digital-customer-support/helpdesk/ask | 접근: 그룹 공동교육이면 재단, 계열사 단독사업이면 해당사 ESG 담당 연결 요청 | 기업 홈페이지: http://www.mobis.com/"
POSCO홀딩스,1159,12,D,"제철, 제강 및 합금철 제조업 기업, 유가증권시장, 경상북도 포항시 소재, 2025년 매출 약 69.1조원, 직원 524명.","제철, 제강 및 합금철 제조업",유가증권시장,경상북도 포항시 남구 동해안로 6261 -,524,"690,948.90","7,000.00","8,000.00","6,500.00","6,500.00",0,"7,000.00","5,600.00",4,공개 주요사업 없음,,0,0,,,,현재 공개 주요사업에서는 직접적인 교육 접점이 확인되지 않음. 신규 교육형 사회공헌사업 제안 가능,개별 귀속 여부는 원문 기준,http://www.posco-inc.com/,,https://csrhub.chest.or.kr/contributors/private/1159,2차 선별 외—심층 연락처 우선조사 미실시 | 기본: http://www.posco-inc.com/ | 접근: 공식 대표·문의 페이지에서 ESG·사회공헌·대외협력 담당 연결 요청
포스코,138,13,A,"제철, 제강 및 합금철 제조업 기업, 기타법인, 경상북도 포항시 소재, 2025년 매출 약 43.6조원, 직원 17,641명.","제철, 제강 및 합금철 제조업",기타법인,경상북도 포항시 남구 동해안로 6261,"17,641","435,591.40","7,000.00","8,000.00","6,500.00","5,500.00",0,"6,750.00","5,400.00",4,교육자립지원(2) / 기초생계지원(2) / 사회적돌봄강화(2),복지 사각지대 광복회원의 지속 지원사업 / 2024-25년 인도네시아 찔레곤지역 저소득층을 위한 기후변화적응 역량 강화 사업 / 나눔인재 및 미래 환경리더 양성을 위한 포스코 대학생봉사단 : 비욘드 17기,9,4,44.40%,교육격차·취약계층 / 진로·취업·자립 / 청소년·청년 교육 / 환경·안전·문화 교육,2024-25년 인도네시아 찔레곤지역 저소득층을 위한 기후변화적응 역량 강화 사업 / 나눔인재 및 미래 환경리더 양성을 위한 포스코 대학생봉사단 : 비욘드 17기 / 마다가스카르 안타나나리보 저소득 취약여성 역량강화를 위한 중고의류 리싸이클링 프로젝트,"청년·경력전환자 직무교육·취업지원, 멘토링, 성과관리 / 청소년 학습·진로 프로그램 기획, 학교·지역기관 연계, 참여자 운영 / 교육취약계층 맞춤형 학습지원, 모집·운영 통합관리, 지역 확산",개별 귀속 여부는 원문 기준,http://www.posco.co.kr/,https://sustainability.posco.co.kr/S91/S91F10/kor/UI-PK_W027.do,https://csrhub.chest.or.kr/contributors/private/138,우선: 포스코1%나눔재단 02-3457-1002 / nanum@poscofoundation.org / https://www.poscofoundation.org/front/consortium/location.do | 접근: 재단 메일·전화로 교육사업 제안 후 사업 귀속 계열사 확인 | 기업 홈페이지: http://www.posco.co.kr/
삼성화재해상보험,17,14,A,"손해보험업 기업, 유가증권시장, 서울특별시 서초구 소재.",손해보험업,유가증권시장,서울특별시 서초구 서초대로74길 14 (서초동),,,"3,246.50","7,161.00","8,139.00","6,969.00",0,"6,378.90","5,103.10",4,교육자립지원(6) / 심리정서지원(3) / 보건의료지원(2),미취업 청년들의 취업경쟁력을 높이기 위한 '삼성 청년 SW 아카데미'(SSAFY) / 취약계층 건강 증진을 위한 의료비 지원 사업 '희망진료센터' / 명절맞이 취약계층 및 사회복지시설 물품지원 사업,14,8,57.10%,교육격차·취약계층 / 디지털·AI 교육 / 멘토링·학습관리 / 시니어·중장년 교육 / 진로·취업·자립 / 청소년·청년 교육 / 환경·안전·문화 교육,미취업 청년들의 취업경쟁력을 높이기 위한 '삼성 청년 SW 아카데미'(SSAFY) / 시니어 디지털 역량 강화 및 활용을 위한 「삼성 시니어 디지털 아카데미」 / 삼성전자와 함께하는 자립준비청년 취업지원사업 ‘희망디딤돌 2.0’,"AI·디지털 교육과정 설계, 강사 운영, 프로젝트형 학습·성과관리 / 멘토 모집·교육·매칭, 활동 모니터링, 학습·성과관리 / 시니어·중장년 디지털·생애역량 교육과 지역 거점 운영",동일한 공개 사업 목록이 20개 기업에 공통 표시됨(그룹 사업 가능성),http://www.samsungfire.com/,https://www.samsungfire.com/v2/html/company/04/M_040_030_001.html,https://csrhub.chest.or.kr/contributors/private/17,우선: 삼성 CSR 공식 채널 https://csr.samsung.com/ko/ | 접근: 해당 계열사 대표전화·공식 문의에서 ‘사회공헌/ESG/대외협력 담당’ 연결 요청(공개된 공통 CSR 직통 연락처는 미확인) | 기업 홈페이지: http://www.samsungfire.com/
농협은행,468,15,A,"국내은행 기업, 기타법인, 서울특별시 중구 소재.",국내은행,기타법인,서울특별시 중구 통일로 120 농협중앙회건물 신관,,,"3,461.40","8,418.70","8,828.30","4,447.40",400.9,"6,288.90","5,111.30",4,기초생계지원(3) / 사회적돌봄강화(3) / 교육자립지원(1),2024 온기나눔 이불지원사업 / 취약계층 청소년의 올바른 역사문화 인식 향상을 위한 해외 역사·평화 캠프지원 사업 / 2024년 위기가정 생계비 지원 및 중증장애인 동절기 김장지원,8,1,12.50%,교육격차·취약계층 / 청소년·청년 교육 / 환경·안전·문화 교육,취약계층 청소년의 올바른 역사문화 인식 향상을 위한 해외 역사·평화 캠프지원 사업,"청소년 학습·진로 프로그램 기획, 학교·지역기관 연계, 참여자 운영 / 교육취약계층 맞춤형 학습지원, 모집·운영 통합관리, 지역 확산 / 주제형 교육 콘텐츠 개발, 강사·체험 운영, 성과측정",개별 귀속 여부는 원문 기준,http://banking.nonghyup.com/,https://www.nhbank.com/goSubPage.do,https://csrhub.chest.or.kr/contributors/private/468,2차 선별 외—심층 연락처 우선조사 미실시 | 기본: http://banking.nonghyup.com/ | 접근: 공식 대표·문의 페이지에서 ESG·사회공헌·대외협력 담당 연결 요청
삼성생명,30,16,A,"생명보험업 기업, 유가증권시장, 서울특별시 서초구 소재, 직원 5,124명.",생명보험업,유가증권시장,서울특별시 서초구 서초대로74길 11 (서초동) 삼성생명보험 주식회사,"5,124",,"3,931.00","6,234.00","6,874.00","5,944.00",0,"5,745.80","4,596.60",4,교육자립지원(6) / 심리정서지원(3) / 보건의료지원(2),미취업 청년들의 취업경쟁력을 높이기 위한 '삼성 청년 SW 아카데미'(SSAFY) / 취약계층 건강 증진을 위한 의료비 지원 사업 '희망진료센터' / 명절맞이 취약계층 및 사회복지시설 물품지원 사업,14,8,57.10%,교육격차·취약계층 / 디지털·AI 교육 / 멘토링·학습관리 / 시니어·중장년 교육 / 진로·취업·자립 / 청소년·청년 교육 / 환경·안전·문화 교육,미취업 청년들의 취업경쟁력을 높이기 위한 '삼성 청년 SW 아카데미'(SSAFY) / 시니어 디지털 역량 강화 및 활용을 위한 「삼성 시니어 디지털 아카데미」 / 삼성전자와 함께하는 자립준비청년 취업지원사업 ‘희망디딤돌 2.0’,"AI·디지털 교육과정 설계, 강사 운영, 프로젝트형 학습·성과관리 / 멘토 모집·교육·매칭, 활동 모니터링, 학습·성과관리 / 시니어·중장년 디지털·생애역량 교육과 지역 거점 운영",동일한 공개 사업 목록이 20개 기업에 공통 표시됨(그룹 사업 가능성),http://www.samsunglife.com/,https://www.samsunglife.com/individual/display/intro/PDK-CISSI030240M,https://csrhub.chest.or.kr/contributors/private/30,기본: 1588-3114 / https://www.samsunglife.com/ | 우선: 삼성 CSR https://csr.samsung.com/ko/ | 접근: 고객센터가 아닌 회사/사회공헌 담당 연결 요청 | 기업 홈페이지: http://www.samsunglife.com/
애터미,841,17,C,"화장품 및 화장용품 도매업 기업, 기타법인, 충청남도 공주시 소재, 직원 0명.",화장품 및 화장용품 도매업,기타법인,충청남도 공주시 백제문화로 2148-21 (웅진동),0,,469.1,90.5,"10,058.40","10,399.90",0,"5,254.50","4,203.60",4,기초생계지원(2),"2024년 저소득층 밑반찬 지원사업 ""든든한 밥상"" / 고령의 6·25참전유공자 취약계층 등 공훈 선양 및 생계 지원을 위한 영웅사진 촬영",2,0,0.00%,,,현재 공개 주요사업에서는 직접적인 교육 접점이 확인되지 않음. 신규 교육형 사회공헌사업 제안 가능,개별 귀속 여부는 원문 기준,http://www.atomy.kr/,https://global.atomy.com/menu.es?mid=a10307020100,https://csrhub.chest.or.kr/contributors/private/841,2차 선별 외—심층 연락처 우선조사 미실시 | 기본: http://www.atomy.kr/ | 접근: 공식 대표·문의 페이지에서 ESG·사회공헌·대외협력 담당 연결 요청
삼성디스플레이,116,18,A,"표시장치 제조업 기업, 기타법인, 경기도 용인시 소재, 2025년 매출 약 26.0조원, 직원 0명.",표시장치 제조업,기타법인,경기도 용인시 기흥구 삼성로 1,0,"259,933.20","2,476.30","5,234.60","4,566.90","3,611.80",0,"3,972.40","3,177.90",4,교육자립지원(6) / 심리정서지원(3) / 보건의료지원(2),미취업 청년들의 취업경쟁력을 높이기 위한 '삼성 청년 SW 아카데미'(SSAFY) / 취약계층 건강 증진을 위한 의료비 지원 사업 '희망진료센터' / 명절맞이 취약계층 및 사회복지시설 물품지원 사업,14,8,57.10%,교육격차·취약계층 / 디지털·AI 교육 / 멘토링·학습관리 / 시니어·중장년 교육 / 진로·취업·자립 / 청소년·청년 교육 / 환경·안전·문화 교육,미취업 청년들의 취업경쟁력을 높이기 위한 '삼성 청년 SW 아카데미'(SSAFY) / 시니어 디지털 역량 강화 및 활용을 위한 「삼성 시니어 디지털 아카데미」 / 삼성전자와 함께하는 자립준비청년 취업지원사업 ‘희망디딤돌 2.0’,"AI·디지털 교육과정 설계, 강사 운영, 프로젝트형 학습·성과관리 / 멘토 모집·교육·매칭, 활동 모니터링, 학습·성과관리 / 시니어·중장년 디지털·생애역량 교육과 지역 거점 운영",동일한 공개 사업 목록이 20개 기업에 공통 표시됨(그룹 사업 가능성),http://www.samsungdisplay.com/,https://www.samsungdisplay.com/kor/sustainability/sustainability-management.jsp,https://csrhub.chest.or.kr/contributors/private/116,우선: 삼성 CSR 공식 채널 https://csr.samsung.com/ko/ | 접근: 해당 계열사 대표전화·공식 문의에서 ‘사회공헌/ESG/대외협력 담당’ 연결 요청(공개된 공통 CSR 직통 연락처는 미확인) | 기업 홈페이지: http://www.samsungdisplay.com/
LG전자,6,19,A,"통신 및 방송장비 제조업 기업, 유가증권시장, 서울특별시 영등포구 소재, 2025년 매출 약 89.2조원, 직원 68,288명.",통신 및 방송장비 제조업,유가증권시장,서울특별시 영등포구 여의대로 128 LG트윈타워,"68,288","892,008.80",670,"2,926.00","4,536.00","7,278.40",0,"3,852.60","3,082.10",4,교육자립지원(2) / 보건의료지원(1) / 심리정서지원(1),국제백신연구소(IVI) 에티오피아 콜레라 취약 지역 주민들을 위한 콜레라 백신 접종 및 예방 사업 / 에티오피아 참전용사 마을 내 참전용사 가정 및 저소득층이 함께 성장 자립하는 희망키움 프로젝트 (3차년도) / 태양광 에너지 보급을 통한 콩고민주공화국 아동 학교 보내기 프로젝트: LG 스쿨 텔레포터,5,3,60.00%,교육격차·취약계층 / 진로·취업·자립 / 청소년·청년 교육,"태양광 에너지 보급을 통한 콩고민주공화국 아동 학교 보내기 프로젝트: LG 스쿨 텔레포터 / 자립준비청년(보호종료아동)의 심리정서 안정을 위한 플랫폼, 컨텐츠 지원사업 “마음하나” / 태양광 에너지 보급을 통한 콩고민주공화국 아동 학교 보내기 프로젝트: LG 스쿨 텔레포터","청년·경력전환자 직무교육·취업지원, 멘토링, 성과관리 / 청소년 학습·진로 프로그램 기획, 학교·지역기관 연계, 참여자 운영 / 교육취약계층 맞춤형 학습지원, 모집·운영 통합관리, 지역 확산",개별 귀속 여부는 원문 기준,http://www.lge.co.kr/,https://www.lge.co.kr/company/sustainable/download,https://csrhub.chest.or.kr/contributors/private/6,우선: LG재단 1:1 문의(첨부 가능) https://foundation.lg.or.kr/contact-us/ | 접근: LG복지재단·LG연암문화재단 중 사업 성격에 맞게 선택; 계열사 단독사업은 해당사 ESG 담당 연결 요청 | 기업 홈페이지: http://www.lge.co.kr/
아모레퍼시픽,103,20,C,"화장품 제조업 기업, 유가증권시장, 서울특별시 용산구 소재, 2025년 매출 약 4.3조원, 직원 4,748명.",화장품 제조업,유가증권시장,서울특별시 용산구 한강대로 100 (한강로2가),"4,748","42,528.20","4,830.50","3,020.40","2,687.20","3,903.40",300,"3,610.40","2,948.30",4,기초생계지원(1) / 심리정서지원(1),청소년의 건강한 미의식 형성을 위한 “Get RE&DY with Your New Beauty” / 2024 아모레퍼시픽 아리따운물품나눔,2,0,0.00%,,,현재 공개 주요사업에서는 직접적인 교육 접점이 확인되지 않음. 신규 교육형 사회공헌사업 제안 가능,개별 귀속 여부는 원문 기준,http://www.apgroup.com/,https://www.apgroup.com/int/ko/commitments/sustainability/sustainability-reports/sustainability-reports.html,https://csrhub.chest.or.kr/contributors/private/103,2차 선별 외—심층 연락처 우선조사 미실시 | 기본: http://www.apgroup.com/ | 접근: 공식 대표·문의 페이지에서 ESG·사회공헌·대외협력 담당 연결 요청
고려아연,41,21,A,"연 및 아연 제련, 정련 및 합금 제조업 기업, 유가증권시장, 서울특별시 종로구 소재, 2025년 매출 약 16.6조원, 직원 4,108명.","연 및 아연 제련, 정련 및 합금 제조업",유가증권시장,서울특별시 종로구 종로33 (청진동) -,"4,108","165,878.50","3,119.70","3,173.50","3,300.00","4,304.90",250,"3,474.50","2,829.60",4,기초생계지원(3) / 보건의료지원(2) / 교육자립지원(1),"2024년 ***, 사랑의열매, *** 취약계층 물품지원 사업 / 저소득층 청소년의 가치 있는 미래설계를 위한 장학사업 ‘려(麗)’ / 찾아가는 누구나진료센터",7,1,14.30%,교육격차·취약계층 / 진로·취업·자립 / 청소년·청년 교육,저소득층 청소년의 가치 있는 미래설계를 위한 장학사업 ‘려(麗)’,"청년·경력전환자 직무교육·취업지원, 멘토링, 성과관리 / 청소년 학습·진로 프로그램 기획, 학교·지역기관 연계, 참여자 운영 / 교육취약계층 맞춤형 학습지원, 모집·운영 통합관리, 지역 확산",개별 귀속 여부는 원문 기준,http://www.koreazinc.co.kr/,https://www.koreazinc.co.kr/sustainability/reporting/summary/,https://csrhub.chest.or.kr/contributors/private/41,2차 선별 외—심층 연락처 우선조사 미실시 | 기본: http://www.koreazinc.co.kr/ | 접근: 공식 대표·문의 페이지에서 ESG·사회공헌·대외협력 담당 연결 요청
현대건설,18,22,A,"도로 건설업 기업, 유가증권시장, 서울특별시 종로구 소재, 2025년 매출 약 31.1조원, 직원 6,900명.",도로 건설업,유가증권시장,서울특별시 종로구 율곡로 75,"6,900","310,629.10","2,107.60","2,924.30","3,146.50","3,272.60",4.7,"2,862.70","2,291.10",4,주거안전지원(16) / 교육자립지원(13) / 보건의료지원(6),아동학대 예방 및 아동보호체계 강화를 위한 통합지원 사업 현대자동차그룹 'i-CARE(아이케어)'- 2차년도 / 전국 사회복지기관 친환경 EV패키지 지원사업 ‘E-share’ / 지역사회복지기관 지원을 통한 사회복지 서비스 역량 강화：지역사회복지 지원사업,50,22,44.00%,교육격차·취약계층 / 디지털·AI 교육 / 멘토링·학습관리 / 시니어·중장년 교육 / 진로·취업·자립 / 청소년·청년 교육 / 환경·안전·문화 교육,지역사회복지기관 지원을 통한 사회복지 서비스 역량 강화：지역사회복지 지원사업 / 취약계층 청소년 및 대학생 인재의 교육기회 불평등 해소를 위한 학습지도 및 멘토링 지원 사업 : H-점프스쿨 / 고령자 교통안전을 위한 교육 및 인식개선 사업 「2024년 교통안전 베테랑 교실」,"AI·디지털 교육과정 설계, 강사 운영, 프로젝트형 학습·성과관리 / 멘토 모집·교육·매칭, 활동 모니터링, 학습·성과관리 / 시니어·중장년 디지털·생애역량 교육과 지역 거점 운영",동일한 공개 사업 목록이 18개 기업에 공통 표시됨(그룹 사업 가능성),http://www.hdec.kr/,https://www.hdec.kr/kr/company/library_03.aspx?,https://csrhub.chest.or.kr/contributors/private/18,"우선: 현대차정몽구재단 02-746-0001 / https://www.hyundai-cmkfoundation.org/ | 보조: 현대자동차 공식 1:1 문의 https://www.hyundai.com/kr/ko/digital-customer-support/helpdesk/ask | 접근: 그룹 공동교육이면 재단, 계열사 단독사업이면 해당사 ESG 담당 연결 요청 | 기업 홈페이지: http://www.hdec.kr/"
S-Oil,5,23,A,"원유 정제처리업 기업, 유가증권시장, 서울특별시 마포구 소재, 2025년 매출 약 34.2조원, 직원 3,537명.",원유 정제처리업,유가증권시장,서울특별시 마포구 백범로 192,"3,537","342,469.60","1,800.40","3,693.50","3,100.30","2,477.80","2,100.00","2,768.00","2,634.40",4,교육자립지원(1) / 보건의료지원(1),"화상환자 치료비 및 자립지원사업 ""Burn to Rise"" / 에쓰-오일과 함께하는 자립준비청년 및 고등학생 취업지원사업 「굿잡드림」",2,1,50.00%,교육격차·취약계층 / 진로·취업·자립 / 청소년·청년 교육,에쓰-오일과 함께하는 자립준비청년 및 고등학생 취업지원사업 「굿잡드림」,"청년·경력전환자 직무교육·취업지원, 멘토링, 성과관리 / 청소년 학습·진로 프로그램 기획, 학교·지역기관 연계, 참여자 운영 / 교육취약계층 맞춤형 학습지원, 모집·운영 통합관리, 지역 확산",개별 귀속 여부는 원문 기준,http://www.s-oil.com/,https://www.s-oil.com/sustainability/Report.aspx,https://csrhub.chest.or.kr/contributors/private/5,기본: 본사 02-3772-5151 / 고객센터 1644-5151 | 문의: https://www.s-oil.com/m/customer/CSMain.aspx | 접근: 일반문의에 교육 기반 사회공헌 협업 제안으로 접수 후 사회공헌 담당 연결 요청 | 기업 홈페이지: http://www.s-oil.com/
LG화학,12,24,A,"석유화학계 기초 화학 물질 제조업 기업, 유가증권시장, 서울특별시 영등포구 소재, 2025년 매출 약 45.9조원, 직원 12,869명.",석유화학계 기초 화학 물질 제조업,유가증권시장,서울특별시 영등포구 여의대로 128,"12,869","459,321.70","6,718.80","3,489.00",711.1,82.3,8.6,"2,750.30","2,202.00",4,교육자립지원(3) / 소통과참여확대(1),LG화학 아동청소년 ESG 리더 양성 교육사업 'LIKE GREEN' 5차년도 / 지역주민과의 소통으로 지역사회의 복지역량 강화를 위한 희망복지(소식지) 발간사업 / 아동청소년 ESG 리더 양성 교육사업 LIKE GREEN 4차년도,4,4,100.00%,진로·취업·자립 / 청소년·청년 교육,LG화학 아동청소년 ESG 리더 양성 교육사업 'LIKE GREEN' 5차년도 / 지역주민과의 소통으로 지역사회의 복지역량 강화를 위한 희망복지(소식지) 발간사업 / 아동청소년 ESG 리더 양성 교육사업 LIKE GREEN 4차년도,"청년·경력전환자 직무교육·취업지원, 멘토링, 성과관리 / 청소년 학습·진로 프로그램 기획, 학교·지역기관 연계, 참여자 운영",개별 귀속 여부는 원문 기준,http://www.lgchem.com/,https://www.lgchem.com/sustainability/sustainability-strategy/sustainability-reports?lang=ko_KR,https://csrhub.chest.or.kr/contributors/private/12,우선: LG재단 1:1 문의(첨부 가능) https://foundation.lg.or.kr/contact-us/ | 접근: LG복지재단·LG연암문화재단 중 사업 성격에 맞게 선택; 계열사 단독사업은 해당사 ESG 담당 연결 요청 | 기업 홈페이지: http://www.lgchem.com/
GS칼텍스,163,25,A,"원유 정제처리업 기업, 기타법인, 서울특별시 강남구 소재, 2025년 매출 약 44.6조원, 직원 3,120명.",원유 정제처리업,기타법인,"서울특별시 강남구 논현로 508 (역삼동, GS강남타워)","3,120","446,302.00","3,649.60","2,769.90","1,285.20","2,467.70",217,"2,543.10","2,077.90",4,심리정서지원(4) / 교육자립지원(3) / 기초생계지원(3),초기 청소년의 사회성 증진을 중심으로 한 심리정서지원사업 '마음톡톡' / 희망풍차 위기가정 긴급지원 / GS EPS(주) 민관 협업을 통한 지역사회 맞춤형 사회공헌(24년 1차),14,3,21.40%,교육격차·취약계층 / 디지털·AI 교육 / 진로·취업·자립 / 청소년·청년 교육 / 환경·안전·문화 교육,다문화 학생 학습환경을 위한 안전공사 및 교육환경개선 사업 / 다문화 청소년 창의인재 양성 지원 『에너지 플러스』 / 저소득가정 아동 미디어교육 지원사업,"AI·디지털 교육과정 설계, 강사 운영, 프로젝트형 학습·성과관리 / 청년·경력전환자 직무교육·취업지원, 멘토링, 성과관리 / 청소년 학습·진로 프로그램 기획, 학교·지역기관 연계, 참여자 운영",개별 귀속 여부는 원문 기준,http://www.gscaltex.co.kr/,https://www.gscaltex.com/kr/Sustainability/SustainabilityReport,https://csrhub.chest.or.kr/contributors/private/163,2차 선별 외—심층 연락처 우선조사 미실시 | 기본: http://www.gscaltex.co.kr/ | 접근: 공식 대표·문의 페이지에서 ESG·사회공헌·대외협력 담당 연결 요청
케이티,16,26,A,"전기 통신업 기업, 유가증권시장, 경기도 성남시 소재, 2025년 매출 약 28.2조원, 직원 14,701명.",전기 통신업,유가증권시장,경기도 성남시 분당구 불정로 90 KT 본사,"14,701","282,441.60","1,530.00","2,500.00","1,520.00","3,505.80","2,000.00","2,264.00","2,211.20",4,교육자립지원(6) / 기초생계지원(5) / 주거안전지원(2),"국내외 난청환자의 청각재활을 위한 재활프로그램 운영 및 의료비 지원 : KT-연세의료원 국내외 청각재활지원사업 / 에너지배려세대 동절기 난방안전망 구축을 위한 「난방에너지원(연탄,등유) 지원 사업」 / ESG 경영 확산 및 탄소배출 저감을 위한 자활사업 연계 플라스틱 투명 페트병 재자원화사업 “청년(靑年)이 주도하는 푸른(靑) 지구 만들기 - 청청(靑靑) 프로젝트”",17,7,41.20%,교육격차·취약계층 / 디지털·AI 교육 / 시니어·중장년 교육 / 진로·취업·자립 / 청소년·청년 교육 / 환경·안전·문화 교육,"디지털 소외 노인 디지털 역량 강화를 위한 ICT 실버 서포터즈 양성 프로젝트 ‘시니어 디지털 천하무적!(천천히, 하나씩, 무엇이든, 적극적으로)' / 저소득 청소년들의 자기주도적 학습 및 진로설계 역량강화를 위한 진로탐색 프로그램 ""내.꿈.내.만(내 꿈은 내가 만든다)"" / 쪽방 주민들을 위한 정서문화프로그램","AI·디지털 교육과정 설계, 강사 운영, 프로젝트형 학습·성과관리 / 시니어·중장년 디지털·생애역량 교육과 지역 거점 운영 / 청년·경력전환자 직무교육·취업지원, 멘토링, 성과관리",개별 귀속 여부는 원문 기준,http://www.kt.com/,https://corp.kt.com/html/sustain/possibility/sustainability.html?menuid=trigger_sustainability_03,https://csrhub.chest.or.kr/contributors/private/16,우선: KT 기업·B2B 문의 1588-0114 / https://corp.kt.com/html/etc/contact.html | 사회공헌 정보 https://m.corp.kt.com/html/sustain/customer/contribution.html | 접근: 전화·문의에서 ESG/사회공헌 담당 연결 요청 | 기업 홈페이지: http://www.kt.com/
KB손해보험,201,27,A,"손해보험업 기업, 기타법인, 서울특별시 강남구 소재, 직원 2,991명.",손해보험업,기타법인,서울특별시 강남구 테헤란로 117 KB손해보험,"2,991",,835.3,"2,063.40","3,128.30","2,747.00",0,"2,193.50","1,754.80",4,사회적돌봄강화(3) / 교육자립지원(2) / 기초생계지원(1),화성시 외식 창업 생존율 개선을 위한 사회성과보상사업 / 저소득층 안면기형 환자 치료 지원 / 2024 미혼한부모 영·유아 자녀의 건강한 성장을 위한 양육물품지원사업 '365베이비케어키트',10,3,30.00%,진로·취업·자립 / 청소년·청년 교육,화성시 외식 창업 생존율 개선을 위한 사회성과보상사업 / 서울시 소재 아동그룹홈 신규입소아동의 안정된 적응을 위한 학교 및 일상생활 지원사업 / 미혼한부모 학령기 자녀의 학습발달을 위한 교육물품지원사업 '365키즈키트',"청년·경력전환자 직무교육·취업지원, 멘토링, 성과관리 / 청소년 학습·진로 프로그램 기획, 학교·지역기관 연계, 참여자 운영",개별 귀속 여부는 원문 기준,http://www.kbinsure.co.kr/,https://www.kbinsure.co.kr/CU610030001.ec,https://csrhub.chest.or.kr/contributors/private/201,우선: KB금융공익재단 02-755-2242~3 / 02-2073-5773 / https://kbfoundation.or.kr/introduce/map.do | 접근: 교육·금융교육·자립지원 제안은 재단 문의 후 계열사 연결 요청 | 기업 홈페이지: http://www.kbinsure.co.kr/
삼성바이오로직스,90,28,A,"기초 의약 물질 및 생물학적 제제 제조업 기업, 유가증권시장, 인천광역시 연수구 소재, 2025년 매출 약 4.6조원, 직원 10,910명.",기초 의약 물질 및 생물학적 제제 제조업,유가증권시장,인천광역시 연수구 송도바이오대로 300,"10,910","45,569.70","1,177.00","2,099.30","2,417.00","2,934.70",4,"2,157.00","1,726.40",4,교육자립지원(6) / 심리정서지원(3) / 보건의료지원(2),미취업 청년들의 취업경쟁력을 높이기 위한 '삼성 청년 SW 아카데미'(SSAFY) / 취약계층 건강 증진을 위한 의료비 지원 사업 '희망진료센터' / 명절맞이 취약계층 및 사회복지시설 물품지원 사업,14,8,57.10%,교육격차·취약계층 / 디지털·AI 교육 / 멘토링·학습관리 / 시니어·중장년 교육 / 진로·취업·자립 / 청소년·청년 교육 / 환경·안전·문화 교육,미취업 청년들의 취업경쟁력을 높이기 위한 '삼성 청년 SW 아카데미'(SSAFY) / 시니어 디지털 역량 강화 및 활용을 위한 「삼성 시니어 디지털 아카데미」 / 삼성전자와 함께하는 자립준비청년 취업지원사업 ‘희망디딤돌 2.0’,"AI·디지털 교육과정 설계, 강사 운영, 프로젝트형 학습·성과관리 / 멘토 모집·교육·매칭, 활동 모니터링, 학습·성과관리 / 시니어·중장년 디지털·생애역량 교육과 지역 거점 운영",동일한 공개 사업 목록이 20개 기업에 공통 표시됨(그룹 사업 가능성),http://www.samsungbiologics.com/,https://samsungbiologics.com/kr/esg/resources/esgreport,https://csrhub.chest.or.kr/contributors/private/90,우선: 공식 Contact Us https://samsungbiologics.com/front/kr/util/contactUs.do | 접근: 문의유형에서 대외협력·ESG 관련 부서 연결 요청 | 기업 홈페이지: http://www.samsungbiologics.com/
LG이노텍,11,29,A,"전자 부품 제조업 기업, 유가증권시장, 서울특별시 강서구 소재, 2025년 매출 약 21.9조원, 직원 12,211명.",전자 부품 제조업,유가증권시장,서울특별시 강서구 마곡중앙10로 30 LG사이언스파크,"12,211","218,966.00","2,755.80","2,363.30","1,343.60","1,891.90",0,"2,088.70","1,670.90",4,교육자립지원(2),취약계층 아동 대상 과학인재 양성을 위한 과학교육지원 _ 소재부품 과학교실 / 취약계층 아동 대상 과학인재 양성을 위한 과학교육 및 인프라 지원 : 주니어소나무교실,2,2,100.00%,교육격차·취약계층 / 진로·취업·자립 / 청소년·청년 교육,취약계층 아동 대상 과학인재 양성을 위한 과학교육지원 _ 소재부품 과학교실 / 취약계층 아동 대상 과학인재 양성을 위한 과학교육 및 인프라 지원 : 주니어소나무교실,"청년·경력전환자 직무교육·취업지원, 멘토링, 성과관리 / 청소년 학습·진로 프로그램 기획, 학교·지역기관 연계, 참여자 운영 / 교육취약계층 맞춤형 학습지원, 모집·운영 통합관리, 지역 확산",개별 귀속 여부는 원문 기준,http://www.lginnotek.co.kr/,https://www.lginnotek.com/management/report.do?locale=ko,https://csrhub.chest.or.kr/contributors/private/11,우선: LG재단 1:1 문의(첨부 가능) https://foundation.lg.or.kr/contact-us/ | 접근: LG복지재단·LG연암문화재단 중 사업 성격에 맞게 선택; 계열사 단독사업은 해당사 ESG 담당 연결 요청 | 기업 홈페이지: http://www.lginnotek.co.kr/
주식회사 한국인삼공사,1097,30,D,"업종 미공개 기업, 대전광역시 소재, 2025년 매출 약 1.0조원, 직원 0명.",미공개,미공개,대전광역시,0,"10,300.80","1,463.70",783.4,"1,601.80","4,407.50",59.1,"2,064.10","1,663.10",4,공개 주요사업 없음,,0,0,,,,현재 공개 주요사업에서는 직접적인 교육 접점이 확인되지 않음. 신규 교육형 사회공헌사업 제안 가능,개별 귀속 여부는 원문 기준,,,https://csrhub.chest.or.kr/contributors/private/1097,2차 선별 외—심층 연락처 우선조사 미실시 | 기본: 공식 홈페이지 미확인 | 접근: 공식 대표·문의 페이지에서 ESG·사회공헌·대외협력 담당 연결 요청
하나증권,232,31,A,"증권 중개업 기업, 기타법인, 서울특별시 영등포구 소재, 2025년 매출 약 15.0조원, 직원 1,746명.",증권 중개업,기타법인,서울특별시 영등포구 의사당대로 82,"1,746","149,702.20","1,948.50","2,066.50","1,743.00","2,255.20",6.1,"2,003.30","1,603.90",4,교육자립지원(8) / 기초생계지원(6) / 문화정보격차해소(3),자립·자활을 위한 자산형성지원사업 / K리그 통합축구활성화 및 친환경리그 지원사업 / 해외청소년 한국어 교육 연수지원사업,21,9,42.90%,교육격차·취약계층 / 멘토링·학습관리 / 진로·취업·자립 / 청소년·청년 교육 / 환경·안전·문화 교육,해외청소년 한국어 교육 연수지원사업 / 소외계층 청년세대를 위한 복합문화공간 지원사업 : HANA SHARING / 지역아동센터 아동/청소년의 미래를 위한 환경교육지원사업,"멘토 모집·교육·매칭, 활동 모니터링, 학습·성과관리 / 청년·경력전환자 직무교육·취업지원, 멘토링, 성과관리 / 청소년 학습·진로 프로그램 기획, 학교·지역기관 연계, 참여자 운영",개별 귀속 여부는 원문 기준,http://www.hanaw.com/,https://hanafn.com/esg/reporting/reprt.do,https://csrhub.chest.or.kr/contributors/private/232,"우선: 하나금융나눔재단 사업신청·문의 https://hana-nanum.com/?p=43&page=3&viewMode=add | 신청 안내 02-728-4092~5 / 재단 02-729-8934~7 | 접근: 기관회원 가입 후 사업신청, 전화는 접수 절차 확인용 | 기업 홈페이지: http://www.hanaw.com/"
한화토탈에너지스,188,32,A,"석유화학계 기초 화학 물질 제조업 기업, 기타법인, 충청남도 서산시 소재, 2025년 매출 약 10.8조원, 직원 1,848명.",석유화학계 기초 화학 물질 제조업,기타법인,충청남도 서산시 대산읍 독곶2로 103,"1,848","107,760.20","1,847.00","1,927.00","1,893.00","2,074.10",204.3,"1,935.30","1,589.10",4,문화정보격차해소(3) / 주거안전지원(3) / 기초생계지원(2),시각장애인을 위한 점자달력 제작 / 아동청소년 문화예술 지원사업 ‘한화청소년오케스트라’ / 아이들의 건강한 교육환경 조성을 위한 초등학교 실내공기질 개선 및 환경 교육 지원사업 '맑은학교' (4차년도),9,4,44.40%,교육격차·취약계층 / 진로·취업·자립 / 청소년·청년 교육 / 환경·안전·문화 교육,아이들의 건강한 교육환경 조성을 위한 초등학교 실내공기질 개선 및 환경 교육 지원사업 '맑은학교' (4차년도) / 취약계층 국가유공자의 문화 격차 해소를 위한 <2025 한화 지속가능한 선상학교> / 자립준비청년의 안정적인 사회정착을 위한 자립정착금 지원사업,"청년·경력전환자 직무교육·취업지원, 멘토링, 성과관리 / 청소년 학습·진로 프로그램 기획, 학교·지역기관 연계, 참여자 운영 / 교육취약계층 맞춤형 학습지원, 모집·운영 통합관리, 지역 확산",동일한 공개 사업 목록이 5개 기업에 공통 표시됨(그룹 사업 가능성),http://www.htpchem.com/,http://www.htpchem.com/sustainability/sustainable_management,https://csrhub.chest.or.kr/contributors/private/188,우선: 한화그룹 사회공헌 https://www.hanwha.co.kr/sustainability/social/socialcontribution/introduction.do | 문화·예술교육: 한화문화재단 hculture@hanwha.com / https://www.hanwhafoundation.org/notice/location | 접근: 일반 교육사업은 계열사 대표·문의에서 사회공헌 담당 연결 요청 | 기업 홈페이지: http://www.htpchem.com/
LG유플러스,23,33,A,"무선 및 위성 통신업 기업, 유가증권시장, 서울특별시 용산구 소재, 2025년 매출 약 15.5조원, 직원 9,765명.",무선 및 위성 통신업,유가증권시장,서울특별시 용산구 한강대로 32 (한강로3가) LG유플러스 용산사옥,"9,765","154,517.50","2,535.00","1,530.00","1,242.60","2,424.50",2.2,"1,933.00","1,546.90",4,교육자립지원(2),LGU+와 함께하는 “두드림U+요술통장” / LGU+와 함께하는 '두드림U+요술통장' 14차 사업?,2,2,100.00%,청소년·청년 교육,LGU+와 함께하는 “두드림U+요술통장” / LGU+와 함께하는 '두드림U+요술통장' 14차 사업?,"청소년 학습·진로 프로그램 기획, 학교·지역기관 연계, 참여자 운영",개별 귀속 여부는 원문 기준,http://www.uplus.co.kr/,https://www.lguplus.com/about/ko/sustainability/management-report,https://csrhub.chest.or.kr/contributors/private/23,우선: LG재단 1:1 문의(첨부 가능) https://foundation.lg.or.kr/contact-us/ | 접근: LG복지재단·LG연암문화재단 중 사업 성격에 맞게 선택; 계열사 단독사업은 해당사 ESG 담당 연결 요청 | 기업 홈페이지: http://www.uplus.co.kr/
두산밥캣,254,34,A,"건설 및 채광용 기계장비 제조업 기업, 유가증권시장, 경기도 성남시 소재, 2025년 매출 약 62억원, 직원 153명.",건설 및 채광용 기계장비 제조업,유가증권시장,"경기도 성남시 분당구 정자일로 155 정자동, 분당두산타워",153,61.8,"1,800.00","1,800.00","1,800.00","1,800.00","1,800.00","1,800.00","1,800.00",4,보건의료지원(3) / 교육자립지원(1),당신의 네잎클로버: 포괄적인 의료서비스를 위한 치료비 지원사업 / 베트남 의료지원사업(의료봉사·장비지원) / 공연예술분야 진로를 희망하는 청년 대상 예비예술가 양성 프로그램 ‘두산아트스쿨’,4,1,25.00%,진로·취업·자립 / 청소년·청년 교육 / 환경·안전·문화 교육,공연예술분야 진로를 희망하는 청년 대상 예비예술가 양성 프로그램 ‘두산아트스쿨’,"청년·경력전환자 직무교육·취업지원, 멘토링, 성과관리 / 청소년 학습·진로 프로그램 기획, 학교·지역기관 연계, 참여자 운영 / 주제형 교육 콘텐츠 개발, 강사·체험 운영, 성과측정",동일한 공개 사업 목록이 5개 기업에 공통 표시됨(그룹 사업 가능성),http://www.doosanbobcat.com/,https://www.doosan.com/kr/csr/about-csr/?menu=csr-report,https://csrhub.chest.or.kr/contributors/private/254,2차 선별 외—심층 연락처 우선조사 미실시 | 기본: http://www.doosanbobcat.com/ | 접근: 공식 대표·문의 페이지에서 ESG·사회공헌·대외협력 담당 연결 요청
GS건설,31,35,A,"주거용 건물 건설업 기업, 유가증권시장, 서울특별시 종로구 소재, 2025년 매출 약 12.5조원, 직원 4,996명.",주거용 건물 건설업,유가증권시장,서울특별시 종로구 종로 33 그랑서울,"4,996","124,503.50","2,363.20","1,779.10","1,437.40","1,473.40",1.2,"1,763.30","1,410.90",4,심리정서지원(2) / 교육자립지원(1) / 기초생계지원(1),초기 청소년의 사회성 증진을 중심으로 한 심리정서지원사업 '마음톡톡' / 희망풍차 위기가정 긴급지원 / GS EPS(주) 민관 협업을 통한 지역사회 맞춤형 사회공헌(24년 1차),6,1,16.70%,교육격차·취약계층 / 진로·취업·자립 / 청소년·청년 교육 / 환경·안전·문화 교육,다문화 청소년 창의인재 양성 지원 『에너지 플러스』,"청년·경력전환자 직무교육·취업지원, 멘토링, 성과관리 / 청소년 학습·진로 프로그램 기획, 학교·지역기관 연계, 참여자 운영 / 교육취약계층 맞춤형 학습지원, 모집·운영 통합관리, 지역 확산",개별 귀속 여부는 원문 기준,http://www.gsenc.com/,https://www.gsenc.com/Management/System/System.aspx,https://csrhub.chest.or.kr/contributors/private/31,2차 선별 외—심층 연락처 우선조사 미실시 | 기본: http://www.gsenc.com/ | 접근: 공식 대표·문의 페이지에서 ESG·사회공헌·대외협력 담당 연결 요청
포스코인터내셔널,7,36,A,"상품 중개업 기업, 유가증권시장, 서울특별시 강남구 소재, 2025년 매출 약 32.4조원, 직원 1,738명.",상품 중개업,유가증권시장,서울특별시 강남구 테헤란로 440 포스코센터,"1,738","323,736.00",600,"1,922.00","2,026.00","2,221.00",6,"1,692.30","1,355.00",4,주거안전지원(4) / 교육자립지원(3) / 기초생계지원(1),인도네시아 발릭파판 E-Learning 교육 인프라 구축을 통한 디지털 교육 접근성 개선사업 / 초등학생 고학년 대상 게이미피케이션 기반 트레이딩교육 : 포인트교실 / 인천 중도입국청소년의 안정적인 한국사회 정착 지원 사업 '새꿈학교',8,4,50.00%,디지털·AI 교육 / 시니어·중장년 교육 / 청소년·청년 교육,인도네시아 발릭파판 E-Learning 교육 인프라 구축을 통한 디지털 교육 접근성 개선사업 / 초등학생 고학년 대상 게이미피케이션 기반 트레이딩교육 : 포인트교실 / 인천 중도입국청소년의 안정적인 한국사회 정착 지원 사업 '새꿈학교',"AI·디지털 교육과정 설계, 강사 운영, 프로젝트형 학습·성과관리 / 시니어·중장년 디지털·생애역량 교육과 지역 거점 운영 / 청소년 학습·진로 프로그램 기획, 학교·지역기관 연계, 참여자 운영",개별 귀속 여부는 원문 기준,http://www.poscointl.com/,https://poscointl.com/ccReport,https://csrhub.chest.or.kr/contributors/private/7,우선: 포스코1%나눔재단 02-3457-1002 / nanum@poscofoundation.org / https://www.poscofoundation.org/front/consortium/location.do | 접근: 재단 메일·전화로 교육사업 제안 후 사업 귀속 계열사 확인 | 기업 홈페이지: http://www.poscointl.com/
삼성카드,95,37,A,"신용카드 및 할부 금융업 기업, 유가증권시장, 서울특별시 중구 소재.",신용카드 및 할부 금융업,유가증권시장,서울특별시 중구 세종대로 67,,,941.8,"2,000.60","1,387.00","1,919.00",0,"1,562.10","1,249.70",4,교육자립지원(6) / 심리정서지원(3) / 보건의료지원(2),미취업 청년들의 취업경쟁력을 높이기 위한 '삼성 청년 SW 아카데미'(SSAFY) / 취약계층 건강 증진을 위한 의료비 지원 사업 '희망진료센터' / 명절맞이 취약계층 및 사회복지시설 물품지원 사업,14,8,57.10%,교육격차·취약계층 / 디지털·AI 교육 / 멘토링·학습관리 / 시니어·중장년 교육 / 진로·취업·자립 / 청소년·청년 교육 / 환경·안전·문화 교육,미취업 청년들의 취업경쟁력을 높이기 위한 '삼성 청년 SW 아카데미'(SSAFY) / 시니어 디지털 역량 강화 및 활용을 위한 「삼성 시니어 디지털 아카데미」 / 삼성전자와 함께하는 자립준비청년 취업지원사업 ‘희망디딤돌 2.0’,"AI·디지털 교육과정 설계, 강사 운영, 프로젝트형 학습·성과관리 / 멘토 모집·교육·매칭, 활동 모니터링, 학습·성과관리 / 시니어·중장년 디지털·생애역량 교육과 지역 거점 운영",동일한 공개 사업 목록이 20개 기업에 공통 표시됨(그룹 사업 가능성),http://www.samsungcard.co.kr/,https://biz.samsungcard.com/company/ESG/Strategy/UHPPCI0302M0.jsp,https://csrhub.chest.or.kr/contributors/private/95,우선: 삼성 CSR 공식 채널 https://csr.samsung.com/ko/ | 접근: 해당 계열사 대표전화·공식 문의에서 ‘사회공헌/ESG/대외협력 담당’ 연결 요청(공개된 공통 CSR 직통 연락처는 미확인) | 기업 홈페이지: http://www.samsungcard.co.kr/
대한항공,20,38,A,"항공 여객 운송업 기업, 유가증권시장, 서울특별시 강서구 소재, 2025년 매출 약 25.2조원, 직원 18,318명.",항공 여객 운송업,유가증권시장,서울특별시 강서구 하늘길 260,"18,318","252,255.40","1,500.00","1,900.00","1,500.00","1,330.00",0,"1,557.50","1,246.00",4,주거안전지원(9) / 기초생계지원(5) / 문화정보격차해소(3),"사랑의일기 큰잔치 세계대회 / 이른둥이 발달지원 사업 / 모두가 포함된 지역공동체 만들기 프로젝트 “우리 동네 이야기, 무대에서 만나다”",24,4,16.70%,교육격차·취약계층 / 청소년·청년 교육,사랑의일기 큰잔치 세계대회 / 이른둥이 발달지원 사업 / 이용자의 안전성 강화를 위한 외벽 방수 기능보강사업,"청소년 학습·진로 프로그램 기획, 학교·지역기관 연계, 참여자 운영 / 교육취약계층 맞춤형 학습지원, 모집·운영 통합관리, 지역 확산",개별 귀속 여부는 원문 기준,http://www.koreanair.com/,https://www.koreanair.com/contents/footer/about-us/sustainable-management/report,https://csrhub.chest.or.kr/contributors/private/20,2차 선별 외—심층 연락처 우선조사 미실시 | 기본: http://www.koreanair.com/ | 접근: 공식 대표·문의 페이지에서 ESG·사회공헌·대외협력 담당 연결 요청
케이비증권,202,39,A,"증권 중개업 기업, 기타법인, 서울특별시 영등포구 소재, 2025년 매출 약 14.1조원, 직원 2,970명.",증권 중개업,기타법인,"서울특별시 영등포구 여의나루로 50 (여의도동, 한국교직원공제회관)","2,970","141,482.30","1,332.70",939.8,"2,063.90","1,845.70",0,"1,545.50","1,236.40",4,기초생계지원(3) / 주거안전지원(3) / 문화정보격차해소(1),미래세대 육성을 위한 취약 교육시설 개선 사업 및 기후변화 대응을 위한 맹그로브숲 조성사업 / 아동에게 안전하고 친환경적인 생활환경 조성을 위한 아동 참여 중심의 환경개선사업 / 서울시 저소득 취약계층아동가정의 가족여가증진 지원사업,7,1,14.30%,교육격차·취약계층 / 청소년·청년 교육 / 환경·안전·문화 교육,미래세대 육성을 위한 취약 교육시설 개선 사업 및 기후변화 대응을 위한 맹그로브숲 조성사업,"청소년 학습·진로 프로그램 기획, 학교·지역기관 연계, 참여자 운영 / 교육취약계층 맞춤형 학습지원, 모집·운영 통합관리, 지역 확산 / 주제형 교육 콘텐츠 개발, 강사·체험 운영, 성과측정",개별 귀속 여부는 원문 기준,http://www.kbsec.com/,https://www.kbsec.com/go.able?linkcd=s500233010000,https://csrhub.chest.or.kr/contributors/private/202,2차 선별 외—심층 연락처 우선조사 미실시 | 기본: http://www.kbsec.com/ | 접근: 공식 대표·문의 페이지에서 ESG·사회공헌·대외협력 담당 연결 요청
LG에너지솔루션,26,40,A,"축전지 제조업 기업, 유가증권시장, 서울특별시 영등포구 소재, 2025년 매출 약 23.7조원, 직원 12,922명.",축전지 제조업,유가증권시장,"서울특별시 영등포구 여의대로 108, 타워 1","12,922","236,717.60",222.6,"2,634.60","3,106.70",7.5,0,"1,492.90","1,194.30",3,교육자립지원(1),자립준비청년의 자립 환경 격차 해소를 위한 자립지원사업 - 첫 출발 솔루션 : Empowering Life,1,1,100.00%,교육격차·취약계층 / 진로·취업·자립 / 청소년·청년 교육 / 환경·안전·문화 교육,자립준비청년의 자립 환경 격차 해소를 위한 자립지원사업 - 첫 출발 솔루션 : Empowering Life,"청년·경력전환자 직무교육·취업지원, 멘토링, 성과관리 / 청소년 학습·진로 프로그램 기획, 학교·지역기관 연계, 참여자 운영 / 교육취약계층 맞춤형 학습지원, 모집·운영 통합관리, 지역 확산",개별 귀속 여부는 원문 기준,http://www.lgensol.com/,https://www.lgensol.com/kr/esg-sustainability,https://csrhub.chest.or.kr/contributors/private/26,우선: LG재단 1:1 문의(첨부 가능) https://foundation.lg.or.kr/contact-us/ | 접근: LG복지재단·LG연암문화재단 중 사업 성격에 맞게 선택; 계열사 단독사업은 해당사 ESG 담당 연결 요청 | 기업 홈페이지: http://www.lgensol.com/
에이치디현대오일뱅크,158,41,A,"원유 정제처리업 기업, 기타법인, 충청남도 서산시 소재, 2025년 매출 약 28.0조원, 직원 2,145명.",원유 정제처리업,기타법인,충청남도 서산시 대산읍 평신2로 182,"2,145","280,249.20","2,809.20","1,297.10",799.5,894.8,169.9,"1,450.10","1,194.10",4,보건의료지원(2) / 심리정서지원(2) / 주거안전지원(2),"HD현대인프라코어와 월드비전 이 함께하는 아동 꿈. 찾기 프로젝트 ""Dream School"" / 노인여가복지시설 및 대한노인회 난방비 지원사업 / 취약계층 어르신 건강한 여름나기 지원사업",10,1,10.00%,청소년·청년 교육,"HD현대인프라코어와 월드비전 이 함께하는 아동 꿈. 찾기 프로젝트 ""Dream School""","청소년 학습·진로 프로그램 기획, 학교·지역기관 연계, 참여자 운영",개별 귀속 여부는 원문 기준,http://www.hd-hyundaioilbank.co.kr/,https://www.hd-hyundaioilbank.co.kr/business-domain/business/finance-information/index.do?linkTab,https://csrhub.chest.or.kr/contributors/private/158,2차 선별 외—심층 연락처 우선조사 미실시 | 기본: http://www.hd-hyundaioilbank.co.kr/ | 접근: 공식 대표·문의 페이지에서 ESG·사회공헌·대외협력 담당 연결 요청
삼성증권,111,42,A,"증권 중개업 기업, 유가증권시장, 서울특별시 서초구 소재, 직원 2,614명.",증권 중개업,유가증권시장,서울특별시 서초구 서초대로74길 11 (서초동),"2,614",,987,"1,680.00","1,315.00","1,682.70",0,"1,416.20","1,132.90",4,교육자립지원(6) / 심리정서지원(3) / 보건의료지원(2),미취업 청년들의 취업경쟁력을 높이기 위한 '삼성 청년 SW 아카데미'(SSAFY) / 취약계층 건강 증진을 위한 의료비 지원 사업 '희망진료센터' / 명절맞이 취약계층 및 사회복지시설 물품지원 사업,14,8,57.10%,교육격차·취약계층 / 디지털·AI 교육 / 멘토링·학습관리 / 시니어·중장년 교육 / 진로·취업·자립 / 청소년·청년 교육 / 환경·안전·문화 교육,미취업 청년들의 취업경쟁력을 높이기 위한 '삼성 청년 SW 아카데미'(SSAFY) / 시니어 디지털 역량 강화 및 활용을 위한 「삼성 시니어 디지털 아카데미」 / 삼성전자와 함께하는 자립준비청년 취업지원사업 ‘희망디딤돌 2.0’,"AI·디지털 교육과정 설계, 강사 운영, 프로젝트형 학습·성과관리 / 멘토 모집·교육·매칭, 활동 모니터링, 학습·성과관리 / 시니어·중장년 디지털·생애역량 교육과 지역 거점 운영",동일한 공개 사업 목록이 20개 기업에 공통 표시됨(그룹 사업 가능성),http://www.samsungpop.com/,https://www.samsungsecurities.co.kr/kor/business/sustainability.do,https://csrhub.chest.or.kr/contributors/private/111,우선: 삼성 CSR 공식 채널 https://csr.samsung.com/ko/ | 접근: 해당 계열사 대표전화·공식 문의에서 ‘사회공헌/ESG/대외협력 담당’ 연결 요청(공개된 공통 CSR 직통 연락처는 미확인) | 기업 홈페이지: http://www.samsungpop.com/
SK,65,43,A,"지주회사 기업, 유가증권시장, 서울특별시 종로구 소재, 2025년 매출 약 122.7조원, 직원 4,419명.",지주회사,유가증권시장,서울특별시 종로구 종로 26 SK주식회사,"4,419","1,227,033.40","3,000.00","1,100.00",500,987,0,"1,396.70","1,117.40",4,기초생계지원(10) / 문화정보격차해소(7) / 주거안전지원(7),치매노인 및 발달장애인 실종예방을 위한 배회감지기 보급지원 사업 '행복GPS' / 전국 발달장애인 음악활동 지원사업 「GREAT MUSIC FESTIVAL」 / 장애청소년 행복 AI 코딩 챌린지 대회 배분신청서,37,10,27.00%,교육격차·취약계층 / 디지털·AI 교육 / 시니어·중장년 교육 / 진로·취업·자립 / 청소년·청년 교육 / 환경·안전·문화 교육,장애청소년 행복 AI 코딩 챌린지 대회 배분신청서 / 청소년 행복AI코딩스쿨 / 저소득 한부모가정 아동/청소년을 위한 희망나눔 장학금 지원,"AI·디지털 교육과정 설계, 강사 운영, 프로젝트형 학습·성과관리 / 시니어·중장년 디지털·생애역량 교육과 지역 거점 운영 / 청년·경력전환자 직무교육·취업지원, 멘토링, 성과관리",개별 귀속 여부는 원문 기준,http://www.sk-inc.com/,https://sk-inc.com/kr/esg/sustainability.aspx,https://csrhub.chest.or.kr/contributors/private/65,2차 선별 외—심층 연락처 우선조사 미실시 | 기본: http://www.sk-inc.com/ | 접근: 공식 대표·문의 페이지에서 ESG·사회공헌·대외협력 담당 연결 요청
LG카드,216,44,A,"신용카드 및 할부 금융업 기업, 기타법인, 서울특별시 강남구 소재.",신용카드 및 할부 금융업,기타법인,서울특별시 강남구 역삼동 679번지,,,"1,889.60","1,793.40","1,366.20",500,0,"1,387.30","1,109.80",4,교육자립지원(12) / 기초생계지원(5) / 보건의료지원(2),맞벌이가정 자녀 돌봄공백 해소를 위한 공동육아나눔터 공간 조성 지원 ‘신한 꿈도담터’ / 위기가정 재기지원사업(7차년도) / 아동학대 응급(보호)조치 아동 보호 및 가정복귀 지원사업 '신한-SOL Guard(4차)',27,12,44.40%,교육격차·취약계층 / 디지털·AI 교육 / 멘토링·학습관리 / 시니어·중장년 교육 / 진로·취업·자립 / 청소년·청년 교육 / 환경·안전·문화 교육,재생PC를 활용한 경로당 어르신 정보화 및 금융교육 / 해외 사회문제 해결을 위한 '글로벌 원신한' / 학교 밖 청소년의 직업탐색을 위한 뮤지컬 교육 및 공연,"AI·디지털 교육과정 설계, 강사 운영, 프로젝트형 학습·성과관리 / 멘토 모집·교육·매칭, 활동 모니터링, 학습·성과관리 / 시니어·중장년 디지털·생애역량 교육과 지역 거점 운영",동일한 공개 사업 목록이 12개 기업에 공통 표시됨(그룹 사업 가능성),http://www.lgcapital.com/,,https://csrhub.chest.or.kr/contributors/private/216,주의: 현재 독립 접촉 가능한 법인인지 확인 필요. 우선은 신한금융희망재단 shdf@shinhan.com / https://shf.neocoms.co.kr/ 또는 현행 카드사 담당 경로로 재확인 | 기업 홈페이지: http://www.lgcapital.com/
삼성SDI,14,45,A,"축전지 제조업 기업, 유가증권시장, 경기도 용인시 소재, 2025년 매출 약 13.3조원, 직원 12,826명.",축전지 제조업,유가증권시장,경기도 용인시 기흥구 공세로 150-20,"12,826","132,667.30","1,123.40","1,797.40","1,627.40",624,0,"1,293.10","1,034.40",4,교육자립지원(7) / 심리정서지원(3) / 보건의료지원(2),미취업 청년들의 취업경쟁력을 높이기 위한 '삼성 청년 SW 아카데미'(SSAFY) / 취약계층 건강 증진을 위한 의료비 지원 사업 '희망진료센터' / 명절맞이 취약계층 및 사회복지시설 물품지원 사업,15,9,60.00%,교육격차·취약계층 / 디지털·AI 교육 / 멘토링·학습관리 / 시니어·중장년 교육 / 진로·취업·자립 / 청소년·청년 교육 / 환경·안전·문화 교육,미취업 청년들의 취업경쟁력을 높이기 위한 '삼성 청년 SW 아카데미'(SSAFY) / 시니어 디지털 역량 강화 및 활용을 위한 「삼성 시니어 디지털 아카데미」 / 삼성전자와 함께하는 자립준비청년 취업지원사업 ‘희망디딤돌 2.0’,"AI·디지털 교육과정 설계, 강사 운영, 프로젝트형 학습·성과관리 / 멘토 모집·교육·매칭, 활동 모니터링, 학습·성과관리 / 시니어·중장년 디지털·생애역량 교육과 지역 거점 운영",개별 귀속 여부는 원문 기준,http://www.samsungsdi.co.kr/,https://www.samsungsdi.co.kr/esg/report/index.html,https://csrhub.chest.or.kr/contributors/private/14,우선: 삼성 CSR 공식 채널 https://csr.samsung.com/ko/ | 접근: 해당 계열사 대표전화·공식 문의에서 ‘사회공헌/ESG/대외협력 담당’ 연결 요청(공개된 공통 CSR 직통 연락처는 미확인) | 기업 홈페이지: http://www.samsungsdi.co.kr/
케이비국민카드,198,46,A,"신용카드 및 할부 금융업 기업, 기타법인, 서울특별시 종로구 소재.",신용카드 및 할부 금융업,기타법인,서울특별시 종로구 새문안로3길 30,,,908.5,"1,576.70","1,309.60","1,354.80",0.1,"1,287.40","1,029.90",4,사회적돌봄강화(2) / 교육자립지원(1) / 기초생계지원(1),저소득가정 예비초등학생 자존감 향상을 위한 입학준비물품 지원 「책가방 보내기」 / 취약노인 마음잇기 ‘오! 해피데이!’ / 저소득 국가 아동들을 위한 사랑T 만들기,4,1,25.00%,진로·취업·자립 / 청소년·청년 교육 / 환경·안전·문화 교육,초등돌봄교실 학생 금융역량강화를 위한 금융키트지원 및 금융교육: 신나는 신용생활,"청년·경력전환자 직무교육·취업지원, 멘토링, 성과관리 / 청소년 학습·진로 프로그램 기획, 학교·지역기관 연계, 참여자 운영 / 주제형 교육 콘텐츠 개발, 강사·체험 운영, 성과측정",개별 귀속 여부는 원문 기준,http://www.kbcard.com/,https://card.kbcard.com/SVC/DVIEW/HSJMCXCRUZZC0002,https://csrhub.chest.or.kr/contributors/private/198,2차 선별 외—심층 연락처 우선조사 미실시 | 기본: http://www.kbcard.com/ | 접근: 공식 대표·문의 페이지에서 ESG·사회공헌·대외협력 담당 연결 요청
롯데케미칼,22,47,A,"석유화학계 기초 화학 물질 제조업 기업, 유가증권시장, 서울특별시 송파구 소재, 2025년 매출 약 18.5조원, 직원 4,349명.",석유화학계 기초 화학 물질 제조업,유가증권시장,서울특별시 송파구 올림픽로 300 롯데월드타워,"4,349","184,830.10","2,057.10","1,168.70",925.2,791.4,632.6,"1,235.60","1,115.00",4,사회적돌봄강화(9) / 기초생계지원(5) / 심리정서지원(4),아동 놀이 환경 개선을 위한 놀이공간 조성 사업: mom편한 놀이터 / 저소득층 아동의 전인적 성장을 위한 지역아동센터 환경개선 및 역량강화 사업 : 'mom편한꿈다락' / 문화소외계층 군인들의 문화 공간 지원을 위한 병영도서관 '청춘책방',24,6,25.00%,교육격차·취약계층 / 진로·취업·자립 / 청소년·청년 교육 / 환경·안전·문화 교육,"저소득층 아동의 전인적 성장을 위한 지역아동센터 환경개선 및 역량강화 사업 : 'mom편한꿈다락' / 문화소외계층 군인들의 문화 공간 지원을 위한 병영도서관 '청춘책방' / 사회문제 해결을 위한 ESG 기반 대학생 봉사활동 지원사업 ""밸유 for ESG""","청년·경력전환자 직무교육·취업지원, 멘토링, 성과관리 / 청소년 학습·진로 프로그램 기획, 학교·지역기관 연계, 참여자 운영 / 교육취약계층 맞춤형 학습지원, 모집·운영 통합관리, 지역 확산",개별 귀속 여부는 원문 기준,http://www.lottechem.com/,https://www.lottechem.com/ko/esg/management_report.do,https://csrhub.chest.or.kr/contributors/private/22,2차 선별 외—심층 연락처 우선조사 미실시 | 기본: http://www.lottechem.com/ | 접근: 공식 대표·문의 페이지에서 ESG·사회공헌·대외협력 담당 연결 요청
서울보증보험,442,48,D,"보증보험업 기업, 기타법인, 서울특별시 종로구 소재, 직원 1,547명.",보증보험업,기타법인,서울특별시 종로구 김상옥로 29 (연지동),"1,547",,"1,315.00","1,130.00",980,"1,060.00",480,"1,121.30",993,4,공개 주요사업 없음,,0,0,,,,현재 공개 주요사업에서는 직접적인 교육 접점이 확인되지 않음. 신규 교육형 사회공헌사업 제안 가능,개별 귀속 여부는 원문 기준,http://www.sgic.co.kr/,https://www.sgic.co.kr/biz/ccg/index.html?p=CCGESG010101F01,https://csrhub.chest.or.kr/contributors/private/442,2차 선별 외—심층 연락처 우선조사 미실시 | 기본: http://www.sgic.co.kr/ | 접근: 공식 대표·문의 페이지에서 ESG·사회공헌·대외협력 담당 연결 요청
신한라이프생명보험,212,49,A,"생명보험업 기업, 기타법인, 서울특별시 중구 소재, 직원 1,553명.",생명보험업,기타법인,서울특별시 중구 삼일대로 358 신한L타워,"1,553",,"1,467.90","1,047.30","1,376.70",450,0,"1,085.50",868.4,4,교육자립지원(12) / 기초생계지원(5) / 보건의료지원(2),맞벌이가정 자녀 돌봄공백 해소를 위한 공동육아나눔터 공간 조성 지원 ‘신한 꿈도담터’ / 위기가정 재기지원사업(7차년도) / 아동학대 응급(보호)조치 아동 보호 및 가정복귀 지원사업 '신한-SOL Guard(4차)',27,12,44.40%,교육격차·취약계층 / 디지털·AI 교육 / 멘토링·학습관리 / 시니어·중장년 교육 / 진로·취업·자립 / 청소년·청년 교육 / 환경·안전·문화 교육,재생PC를 활용한 경로당 어르신 정보화 및 금융교육 / 해외 사회문제 해결을 위한 '글로벌 원신한' / 학교 밖 청소년의 직업탐색을 위한 뮤지컬 교육 및 공연,"AI·디지털 교육과정 설계, 강사 운영, 프로젝트형 학습·성과관리 / 멘토 모집·교육·매칭, 활동 모니터링, 학습·성과관리 / 시니어·중장년 디지털·생애역량 교육과 지역 거점 운영",동일한 공개 사업 목록이 12개 기업에 공통 표시됨(그룹 사업 가능성),http://www.shinhanlife.co.kr/,https://www.shinhanlife.co.kr/hp/cdhh0160.do,https://csrhub.chest.or.kr/contributors/private/212,우선: 신한금융희망재단(교육·사회문제 해결) 이메일 shdf@shinhan.com / https://shf.neocoms.co.kr/ | 접근: 재단 메일로 제안서 발송 후 해당 계열사 ESG·사회공헌 담당 연결 요청 | 기업 홈페이지: http://www.shinhanlife.co.kr/
삼성전기,44,50,A,"인쇄회로기판 및 전자부품 실장기판 제조업 기업, 유가증권시장, 경기도 수원시 소재, 2025년 매출 약 11.3조원, 직원 24,346명.",인쇄회로기판 및 전자부품 실장기판 제조업,유가증권시장,경기도 수원시 영통구 매영로 150,"24,346","113,144.60","1,317.30","1,412.60",639,824.3,50.2,"1,048.30",848.7,4,교육자립지원(6) / 심리정서지원(3) / 보건의료지원(2),미취업 청년들의 취업경쟁력을 높이기 위한 '삼성 청년 SW 아카데미'(SSAFY) / 취약계층 건강 증진을 위한 의료비 지원 사업 '희망진료센터' / 명절맞이 취약계층 및 사회복지시설 물품지원 사업,14,8,57.10%,교육격차·취약계층 / 디지털·AI 교육 / 멘토링·학습관리 / 시니어·중장년 교육 / 진로·취업·자립 / 청소년·청년 교육 / 환경·안전·문화 교육,미취업 청년들의 취업경쟁력을 높이기 위한 '삼성 청년 SW 아카데미'(SSAFY) / 시니어 디지털 역량 강화 및 활용을 위한 「삼성 시니어 디지털 아카데미」 / 삼성전자와 함께하는 자립준비청년 취업지원사업 ‘희망디딤돌 2.0’,"AI·디지털 교육과정 설계, 강사 운영, 프로젝트형 학습·성과관리 / 멘토 모집·교육·매칭, 활동 모니터링, 학습·성과관리 / 시니어·중장년 디지털·생애역량 교육과 지역 거점 운영",동일한 공개 사업 목록이 20개 기업에 공통 표시됨(그룹 사업 가능성),http://www.sem.samsung.co.kr/,https://www.samsungsem.com/kr/about-us/sustainability/report.do,https://csrhub.chest.or.kr/contributors/private/44,우선: 삼성 CSR 공식 채널 https://csr.samsung.com/ko/ | 접근: 해당 계열사 대표전화·공식 문의에서 ‘사회공헌/ESG/대외협력 담당’ 연결 요청(공개된 공통 CSR 직통 연락처는 미확인) | 기업 홈페이지: http://www.sem.samsung.co.kr/
전북은행,475,51,A,"국내은행 기업, 기타법인, 전북특별자치도 전주시 소재, 직원 1,432명.",국내은행,기타법인,"전북특별자치도 전주시 덕진구 백제대로 566 (금암동, 전북은행빌딩)","1,432",,438.8,731.5,"1,103.40","1,807.10",92.6,"1,020.20",834.7,4,기초생계지원(3) / 주거안전지원(2) / 교육자립지원(1),실종 치매노인 발생 예방을 위한 배회감지기 지원 사업 / 2024 저소득 우수 중고등학생 장학금 지원 'JB희망의 장학금' / 2024년 'JB이웃사랑 선물꾸러미 나눔',7,1,14.30%,교육격차·취약계층 / 진로·취업·자립 / 청소년·청년 교육,2024 저소득 우수 중고등학생 장학금 지원 'JB희망의 장학금',"청년·경력전환자 직무교육·취업지원, 멘토링, 성과관리 / 청소년 학습·진로 프로그램 기획, 학교·지역기관 연계, 참여자 운영 / 교육취약계층 맞춤형 학습지원, 모집·운영 통합관리, 지역 확산",개별 귀속 여부는 원문 기준,http://www.jbbank.co.kr/,https://www.jbfg.com/ko/esg/report.do,https://csrhub.chest.or.kr/contributors/private/475,2차 선별 외—심층 연락처 우선조사 미실시 | 기본: http://www.jbbank.co.kr/ | 접근: 공식 대표·문의 페이지에서 ESG·사회공헌·대외협력 담당 연결 요청
SK이노베이션,153,52,A,"석유 정제품 제조업 기업, 유가증권시장, 서울특별시 종로구 소재, 2025년 매출 약 80.3조원, 직원 2,064명.",석유 정제품 제조업,유가증권시장,서울특별시 종로구 종로 26,"2,064","802,960.50",0,5,"2,003.00","2,000.00",0,"1,002.00",801.6,2,교육자립지원(4) / 사회적돌봄강화(4) / 기초생계지원(2),치매노인 및 발달장애인 실종예방을 위한 배회감지기 보급지원 사업 '행복GPS' / 소아암 환자 치료비 지원 '경제적 어려움이 있는 소아암 환자 치료비 지원 사업' / 결식우려아동 결식문제 해결을 위한 급식지원사업,17,7,41.20%,교육격차·취약계층 / 디지털·AI 교육 / 진로·취업·자립 / 청소년·청년 교육 / 환경·안전·문화 교육,장애청소년 행복 AI 코딩 챌린지 대회 배분신청서 / 지리적 특성으로 문화생활에 대한 접근성이 낮은 농어촌 지역 아동들의 문화접근성 향상을 위한 작은도서관조성사업 / 가족돌봄아동 미래역량강화를 위한 통합지원 : 행복배달 Knock Knock Care,"AI·디지털 교육과정 설계, 강사 운영, 프로젝트형 학습·성과관리 / 청년·경력전환자 직무교육·취업지원, 멘토링, 성과관리 / 청소년 학습·진로 프로그램 기획, 학교·지역기관 연계, 참여자 운영",개별 귀속 여부는 원문 기준,http://www.skinnovation.com/,https://www.skinnovation.com/esg/Sustainability_Report,https://csrhub.chest.or.kr/contributors/private/153,우선: 행복나눔재단 02-333-3963 / https://skhappiness.org/contact/ | 접근: 교육·사회혁신 제안은 재단 문의 후 실제 사업 귀속 계열사 담당 연결 요청 | 기업 홈페이지: http://www.skinnovation.com/
부산은행,469,53,D,"국내은행 기업, 기타법인, 부산광역시 남구 소재, 직원 2,995명.",국내은행,기타법인,"부산광역시 남구 문현금융로 30 (문현동, 부산은행본점)","2,995",,723.1,"1,025.10","1,690.90",563,504.9,"1,000.50",901.4,4,공개 주요사업 없음,,0,0,,,,현재 공개 주요사업에서는 직접적인 교육 접점이 확인되지 않음. 신규 교육형 사회공헌사업 제안 가능,개별 귀속 여부는 원문 기준,http://www.busanbank.co.kr/,https://www.bnkfg.com/09/04.jsp,https://csrhub.chest.or.kr/contributors/private/469,2차 선별 외—심층 연락처 우선조사 미실시 | 기본: http://www.busanbank.co.kr/ | 접근: 공식 대표·문의 페이지에서 ESG·사회공헌·대외협력 담당 연결 요청
롯데쇼핑,32,54,A,"백화점 기업, 유가증권시장, 서울특별시 중구 소재, 2025년 매출 약 13.7조원, 직원 17,712명.",백화점,유가증권시장,서울특별시 중구 남대문로 81 (소공동),"17,712","137,383.50",169.3,"1,029.40","1,368.10","1,354.20","1,462.60",980.2,"1,076.70",4,주거안전지원(2) / 교육자립지원(1) / 문화정보격차해소(1),아동 놀이 환경 개선을 위한 놀이공간 조성 사업: mom편한 놀이터 / 저소득층 아동의 전인적 성장을 위한 지역아동센터 환경개선 및 역량강화 사업 : 'mom편한꿈다락' / 문화소외계층 군인들의 문화 공간 지원을 위한 병영도서관 '청춘책방',5,3,60.00%,교육격차·취약계층 / 진로·취업·자립 / 청소년·청년 교육 / 환경·안전·문화 교육,"저소득층 아동의 전인적 성장을 위한 지역아동센터 환경개선 및 역량강화 사업 : 'mom편한꿈다락' / 문화소외계층 군인들의 문화 공간 지원을 위한 병영도서관 '청춘책방' / 사회문제 해결을 위한 ESG 기반 대학생 봉사활동 지원사업 ""밸유 for ESG""","청년·경력전환자 직무교육·취업지원, 멘토링, 성과관리 / 청소년 학습·진로 프로그램 기획, 학교·지역기관 연계, 참여자 운영 / 교육취약계층 맞춤형 학습지원, 모집·운영 통합관리, 지역 확산",동일한 공개 사업 목록이 17개 기업에 공통 표시됨(그룹 사업 가능성),http://www.lotteshoppingir.com/,https://www.lotteshoppingir.com/esg/esg_06.jsp,https://csrhub.chest.or.kr/contributors/private/32,"우선: 롯데재단 이메일 scholarship@lotte.net / https://www.lottefoundation.or.kr/ | 접근: 청소년·교육·장학형은 재단 메일, 유통·지역사업은 해당 계열사 사회공헌 담당 연결 요청 | 기업 홈페이지: http://www.lotteshoppingir.com/"
한국앤컴퍼니,441,55,C,"지주회사 기업, 유가증권시장, 경기도 성남시 소재, 2025년 매출 약 1.5조원, 직원 1,226명.",지주회사,유가증권시장,경기도 성남시 분당구 판교로 286 -,"1,226","14,575.50","1,530.00",840.9,30,"1,360.00",0,940.2,752.2,3,심리정서지원(1) / 주거안전지원(1),2024년 임직원 참여형 프로그램 벽화 그리기 지원사업 / 2024년 임직원 참여형 나눔 프로젝트 - 농구 두(Do)드림(Dream),2,0,0.00%,,,현재 공개 주요사업에서는 직접적인 교육 접점이 확인되지 않음. 신규 교육형 사회공헌사업 제안 가능,개별 귀속 여부는 원문 기준,http://www.hankook-technologygroup.com/,https://www.hankookandcompany.com/ko/sustainability/principles.do,https://csrhub.chest.or.kr/contributors/private/441,2차 선별 외—심층 연락처 우선조사 미실시 | 기본: http://www.hankook-technologygroup.com/ | 접근: 공식 대표·문의 페이지에서 ESG·사회공헌·대외협력 담당 연결 요청
씨제이올리브영,181,56,B,"화장품, 비누 및 방향제 소매업 기업, 기타법인, 서울특별시 용산구 소재, 2025년 매출 약 5.8조원, 직원 0명.","화장품, 비누 및 방향제 소매업",기타법인,"서울특별시 용산구 한강대로 372 동자동, 케이디비타워 24층",0,"58,334.90",600,720,"1,000.00","1,380.00",0,925,740,4,교육자립지원(1) / 주거안전지원(1),"가정 밖 청소년의 주거권 보장을 위한 청소년 쉼터 환경 개선 사업 - All live young: All Light, All Right! / 취약계층 청소년 대상 장학금 지원 사업",2,1,50.00%,교육격차·취약계층 / 진로·취업·자립 / 청소년·청년 교육,취약계층 청소년 대상 장학금 지원 사업,"청년·경력전환자 직무교육·취업지원, 멘토링, 성과관리 / 청소년 학습·진로 프로그램 기획, 학교·지역기관 연계, 참여자 운영 / 교육취약계층 맞춤형 학습지원, 모집·운영 통합관리, 지역 확산",개별 귀속 여부는 원문 기준,,https://corp.oliveyoung.com/ko/sustainability/impact-report,https://csrhub.chest.or.kr/contributors/private/181,우선: CJ나눔재단·CJ도너스캠프 기관문의 1899-0233 / https://www.donorscamp.org/mapInfo.do | 접근: 아동·청소년 교육·멘토링 제안은 재단 기관문의로 접수
LG씨엔에스,54,57,A,"컴퓨터 시스템 통합 자문 및 구축 서비스업 기업, 유가증권시장, 서울특별시 강서구 소재, 2025년 매출 약 6.1조원, 직원 6,890명.",컴퓨터 시스템 통합 자문 및 구축 서비스업,유가증권시장,서울특별시 강서구 마곡중앙8로 71,"6,890","61,295.40",910,540,710,"1,500.00",0,915,732,4,교육자립지원(4),"중학교 자유학년제 AI,SW 교육복지 지원 <AI지니어스> / 고등학교 인공지능 인재 양성 및 일자리 창출을 위한 교육 지원? <AI지니어스 아카데미> / 중학교 자유학년제 AI·SW 교육복지 지원 <AI지니어스>",4,4,100.00%,디지털·AI 교육 / 진로·취업·자립 / 청소년·청년 교육,"중학교 자유학년제 AI,SW 교육복지 지원 <AI지니어스> / 고등학교 인공지능 인재 양성 및 일자리 창출을 위한 교육 지원? <AI지니어스 아카데미> / 중학교 자유학년제 AI·SW 교육복지 지원 <AI지니어스>","AI·디지털 교육과정 설계, 강사 운영, 프로젝트형 학습·성과관리 / 청년·경력전환자 직무교육·취업지원, 멘토링, 성과관리 / 청소년 학습·진로 프로그램 기획, 학교·지역기관 연계, 참여자 운영",개별 귀속 여부는 원문 기준,http://www.lgcns.com/,https://www.lgcns.com/company/csm/sustainabilityreport/,https://csrhub.chest.or.kr/contributors/private/54,우선: LG재단 1:1 문의(첨부 가능) https://foundation.lg.or.kr/contact-us/ | 접근: LG복지재단·LG연암문화재단 중 사업 성격에 맞게 선택; 계열사 단독사업은 해당사 ESG 담당 연결 요청 | 기업 홈페이지: http://www.lgcns.com/
포스코이앤씨,142,58,B,"기타 토목 시설물 건설업 기업, 기타법인, 경상북도 포항시 소재, 2025년 매출 약 6.9조원, 직원 5,816명.",기타 토목 시설물 건설업,기타법인,경상북도 포항시 북구 중흥로 307 (죽도동),"5,816","69,031.50",851,"1,050.00",850,750,0.4,875.2,700.3,4,주거안전지원(2) / 교육자립지원(1) / 기초생계지원(1),취약계층 어르신 기후변화 대응 주거환경개선 에코드림 및 안전물품지원 / 에코드림 : 노후주택 에너지효율개선을 통한 저소득층 주거환경개선사업 / 포항 지역 취약계층 지원사업『포스코이앤씨가 앞장서는 우리함께』,5,1,20.00%,교육격차·취약계층 / 시니어·중장년 교육 / 환경·안전·문화 교육,취약계층 어르신 주거환경 화재 및 안전사고 예방지원 '이웃사랑 안전지킴이 사업',"시니어·중장년 디지털·생애역량 교육과 지역 거점 운영 / 교육취약계층 맞춤형 학습지원, 모집·운영 통합관리, 지역 확산 / 주제형 교육 콘텐츠 개발, 강사·체험 운영, 성과측정",개별 귀속 여부는 원문 기준,http://www.poscoenc.com/,https://www.poscoenc.com/ko/esg/report.aspx,https://csrhub.chest.or.kr/contributors/private/142,2차 선별 외—심층 연락처 우선조사 미실시 | 기본: http://www.poscoenc.com/ | 접근: 공식 대표·문의 페이지에서 ESG·사회공헌·대외협력 담당 연결 요청
SK텔레콤,25,59,A,"무선 및 위성 통신업 기업, 유가증권시장, 서울특별시 중구 소재, 2025년 매출 약 17.1조원, 직원 5,316명.",무선 및 위성 통신업,유가증권시장,서울특별시 중구 을지로 65 (을자로2가),"5,316","170,992.10",0,"1,300.00",900,"1,300.00",0,875,700,3,교육자립지원(4) / 주거안전지원(4) / 사회적돌봄강화(2),치매노인 및 발달장애인 실종예방을 위한 배회감지기 보급지원 사업 '행복GPS' / 전국 발달장애인 음악활동 지원사업 「GREAT MUSIC FESTIVAL」 / 장애청소년 행복 AI 코딩 챌린지 대회 배분신청서,13,7,53.80%,교육격차·취약계층 / 디지털·AI 교육 / 시니어·중장년 교육 / 청소년·청년 교육 / 환경·안전·문화 교육,장애청소년 행복 AI 코딩 챌린지 대회 배분신청서 / 청소년 행복AI코딩스쿨 / AI콜 기반 노인돌봄서비스 지원사업,"AI·디지털 교육과정 설계, 강사 운영, 프로젝트형 학습·성과관리 / 시니어·중장년 디지털·생애역량 교육과 지역 거점 운영 / 청소년 학습·진로 프로그램 기획, 학교·지역기관 연계, 참여자 운영",개별 귀속 여부는 원문 기준,http://www.sktelecom.com/,https://www.sktelecom.com/esg/lib/persist.do,https://csrhub.chest.or.kr/contributors/private/25,우선: 행복나눔재단 02-333-3963 / https://skhappiness.org/contact/ | 접근: 교육·사회혁신 제안은 재단 문의 후 실제 사업 귀속 계열사 담당 연결 요청 | 기업 홈페이지: http://www.sktelecom.com/
롯데건설,169,60,A,"아파트 건설업 기업, 기타법인, 서울특별시 서초구 소재, 2025년 매출 약 7.9조원, 직원 7,352명.",아파트 건설업,기타법인,서울특별시 서초구 잠원로14길 29,"7,352","79,099.00",956.4,862.4,734.6,941.5,804.2,873.7,859.8,4,주거안전지원(2) / 교육자립지원(1) / 문화정보격차해소(1),아동 놀이 환경 개선을 위한 놀이공간 조성 사업: mom편한 놀이터 / 저소득층 아동의 전인적 성장을 위한 지역아동센터 환경개선 및 역량강화 사업 : 'mom편한꿈다락' / 문화소외계층 군인들의 문화 공간 지원을 위한 병영도서관 '청춘책방',5,3,60.00%,교육격차·취약계층 / 진로·취업·자립 / 청소년·청년 교육 / 환경·안전·문화 교육,"저소득층 아동의 전인적 성장을 위한 지역아동센터 환경개선 및 역량강화 사업 : 'mom편한꿈다락' / 문화소외계층 군인들의 문화 공간 지원을 위한 병영도서관 '청춘책방' / 사회문제 해결을 위한 ESG 기반 대학생 봉사활동 지원사업 ""밸유 for ESG""","청년·경력전환자 직무교육·취업지원, 멘토링, 성과관리 / 청소년 학습·진로 프로그램 기획, 학교·지역기관 연계, 참여자 운영 / 교육취약계층 맞춤형 학습지원, 모집·운영 통합관리, 지역 확산",동일한 공개 사업 목록이 17개 기업에 공통 표시됨(그룹 사업 가능성),http://www.lottecon.co.kr/,https://www.lottecon.co.kr/sustainability/sustainability,https://csrhub.chest.or.kr/contributors/private/169,"우선: 롯데재단 이메일 scholarship@lotte.net / https://www.lottefoundation.or.kr/ | 접근: 청소년·교육·장학형은 재단 메일, 유통·지역사업은 해당 계열사 사회공헌 담당 연결 요청 | 기업 홈페이지: http://www.lottecon.co.kr/"
엘에스엠앤엠,183,61,C,"동 제련, 정련 및 합금 제조업 기업, 기타법인, 울산광역시 울주군 소재, 2025년 매출 약 14.4조원, 직원 0명.","동 제련, 정련 및 합금 제조업",기타법인,울산광역시 울주군 온산읍 산암로 148,0,"143,594.20",777,"1,214.00",680,764,538,858.8,794.6,4,기초생계지원(5) / 심리정서지원(1),울주군 '취약계층 아동을 위한 온기 나눔' 지원 사업 / 미래세대 상상력 쑥쑥! 아(쿠아)포(닉스)가(정에서)토(실토실키워요) 사업 / 복지사각지대 대상자의 건강한 여름나기를 위한 영양지원사업 [한여름의 크리스마스],6,0,0.00%,,,현재 공개 주요사업에서는 직접적인 교육 접점이 확인되지 않음. 신규 교육형 사회공헌사업 제안 가능,개별 귀속 여부는 원문 기준,http://www.lsmnm.com/,http://www.lsmnm.com/board/postList/esg,https://csrhub.chest.or.kr/contributors/private/183,2차 선별 외—심층 연락처 우선조사 미실시 | 기본: http://www.lsmnm.com/ | 접근: 공식 대표·문의 페이지에서 ESG·사회공헌·대외협력 담당 연결 요청
삼성에스디에스,53,62,A,"컴퓨터 시스템 통합 자문 및 구축 서비스업 기업, 유가증권시장, 서울특별시 송파구 소재, 2025년 매출 약 13.9조원, 직원 22,438명.",컴퓨터 시스템 통합 자문 및 구축 서비스업,유가증권시장,서울특별시 송파구 올림픽로35길 125(신천동),"22,438","139,298.70",807,978,820,766.5,0,842.9,674.3,4,교육자립지원(6) / 심리정서지원(3) / 보건의료지원(2),미취업 청년들의 취업경쟁력을 높이기 위한 '삼성 청년 SW 아카데미'(SSAFY) / 취약계층 건강 증진을 위한 의료비 지원 사업 '희망진료센터' / 명절맞이 취약계층 및 사회복지시설 물품지원 사업,14,8,57.10%,교육격차·취약계층 / 디지털·AI 교육 / 멘토링·학습관리 / 시니어·중장년 교육 / 진로·취업·자립 / 청소년·청년 교육 / 환경·안전·문화 교육,미취업 청년들의 취업경쟁력을 높이기 위한 '삼성 청년 SW 아카데미'(SSAFY) / 시니어 디지털 역량 강화 및 활용을 위한 「삼성 시니어 디지털 아카데미」 / 삼성전자와 함께하는 자립준비청년 취업지원사업 ‘희망디딤돌 2.0’,"AI·디지털 교육과정 설계, 강사 운영, 프로젝트형 학습·성과관리 / 멘토 모집·교육·매칭, 활동 모니터링, 학습·성과관리 / 시니어·중장년 디지털·생애역량 교육과 지역 거점 운영",동일한 공개 사업 목록이 20개 기업에 공통 표시됨(그룹 사업 가능성),http://www.samsungsds.com/,https://www.samsungsds.com/kr/downloads/sr.html,https://csrhub.chest.or.kr/contributors/private/53,우선: 삼성 CSR 공식 채널 https://csr.samsung.com/ko/ | 접근: 해당 계열사 대표전화·공식 문의에서 ‘사회공헌/ESG/대외협력 담당’ 연결 요청(공개된 공통 CSR 직통 연락처는 미확인) | 기업 홈페이지: http://www.samsungsds.com/
신한투자증권,218,63,A,"증권 중개업 기업, 기타법인, 서울특별시 영등포구 소재, 직원 2,574명.",증권 중개업,기타법인,"서울특별시 영등포구 의사당대로 96 (여의도동, TPTower)","2,574",,914.4,"1,323.40",891.2,201,0,832.5,666,4,교육자립지원(12) / 기초생계지원(5) / 보건의료지원(2),맞벌이가정 자녀 돌봄공백 해소를 위한 공동육아나눔터 공간 조성 지원 ‘신한 꿈도담터’ / 위기가정 재기지원사업(7차년도) / 아동학대 응급(보호)조치 아동 보호 및 가정복귀 지원사업 '신한-SOL Guard(4차)',27,12,44.40%,교육격차·취약계층 / 디지털·AI 교육 / 멘토링·학습관리 / 시니어·중장년 교육 / 진로·취업·자립 / 청소년·청년 교육 / 환경·안전·문화 교육,재생PC를 활용한 경로당 어르신 정보화 및 금융교육 / 해외 사회문제 해결을 위한 '글로벌 원신한' / 학교 밖 청소년의 직업탐색을 위한 뮤지컬 교육 및 공연,"AI·디지털 교육과정 설계, 강사 운영, 프로젝트형 학습·성과관리 / 멘토 모집·교육·매칭, 활동 모니터링, 학습·성과관리 / 시니어·중장년 디지털·생애역량 교육과 지역 거점 운영",동일한 공개 사업 목록이 12개 기업에 공통 표시됨(그룹 사업 가능성),http://www.shinhansec.com/,https://open.shinhansec.com/new_ir/contribute/esg_01.jsp,https://csrhub.chest.or.kr/contributors/private/218,우선: 신한금융희망재단(교육·사회문제 해결) 이메일 shdf@shinhan.com / https://shf.neocoms.co.kr/ | 접근: 재단 메일로 제안서 발송 후 해당 계열사 ESG·사회공헌 담당 연결 요청 | 기업 홈페이지: http://www.shinhansec.com/
롯데웰푸드,79,64,A,"동물용 사료 및 조제식품 제조업 기업, 유가증권시장, 서울특별시 영등포구 소재, 2025년 매출 약 4.2조원, 직원 5,825명.",동물용 사료 및 조제식품 제조업,유가증권시장,서울특별시 영등포구 양평로21길 10,"5,825","42,159.50",495.9,650,698.9,"1,475.50",500,830.1,764.1,4,주거안전지원(2) / 교육자립지원(1) / 문화정보격차해소(1),아동 놀이 환경 개선을 위한 놀이공간 조성 사업: mom편한 놀이터 / 저소득층 아동의 전인적 성장을 위한 지역아동센터 환경개선 및 역량강화 사업 : 'mom편한꿈다락' / 문화소외계층 군인들의 문화 공간 지원을 위한 병영도서관 '청춘책방',6,3,50.00%,교육격차·취약계층 / 진로·취업·자립 / 청소년·청년 교육 / 환경·안전·문화 교육,"저소득층 아동의 전인적 성장을 위한 지역아동센터 환경개선 및 역량강화 사업 : 'mom편한꿈다락' / 문화소외계층 군인들의 문화 공간 지원을 위한 병영도서관 '청춘책방' / 사회문제 해결을 위한 ESG 기반 대학생 봉사활동 지원사업 ""밸유 for ESG""","청년·경력전환자 직무교육·취업지원, 멘토링, 성과관리 / 청소년 학습·진로 프로그램 기획, 학교·지역기관 연계, 참여자 운영 / 교육취약계층 맞춤형 학습지원, 모집·운영 통합관리, 지역 확산",개별 귀속 여부는 원문 기준,http://www.lottewellfood.com/,https://www.lottewellfood.com/operation/overview/esg,https://csrhub.chest.or.kr/contributors/private/79,"우선: 롯데재단 이메일 scholarship@lotte.net / https://www.lottefoundation.or.kr/ | 접근: 청소년·교육·장학형은 재단 메일, 유통·지역사업은 해당 계열사 사회공헌 담당 연결 요청 | 기업 홈페이지: http://www.lottewellfood.com/"
케이비라이프생명보험,200,65,A,"생명보험업 기업, 기타법인, 서울특별시 강남구 소재, 직원 696명.",생명보험업,기타법인,서울특별시 강남구 강남대로 298,696,,502.1,849.8,"1,026.30",915.5,0,823.5,658.8,4,교육자립지원(2) / 심리정서지원(1),시설퇴소 청소년의 자립역량강화를 교육지원과 공간조성 사업시설퇴소 청소년의 자립역량강화를 교육지원과 공간조성 사업 / 남성 1인 가구 사회적 관계망 형성 지원사업 / 자립준비청년의 자립과 자아 탐구를 위한 커뮤니티 운영 및 자립 멘토링 사업 “허들링”,3,2,66.70%,교육격차·취약계층 / 멘토링·학습관리 / 진로·취업·자립 / 청소년·청년 교육,시설퇴소 청소년의 자립역량강화를 교육지원과 공간조성 사업시설퇴소 청소년의 자립역량강화를 교육지원과 공간조성 사업 / 자립준비청년의 자립과 자아 탐구를 위한 커뮤니티 운영 및 자립 멘토링 사업 “허들링”,"멘토 모집·교육·매칭, 활동 모니터링, 학습·성과관리 / 청년·경력전환자 직무교육·취업지원, 멘토링, 성과관리 / 청소년 학습·진로 프로그램 기획, 학교·지역기관 연계, 참여자 운영",개별 귀속 여부는 원문 기준,http://www.kblife.co.kr/,https://www.kblife.co.kr/customer-common/esgReport.do,https://csrhub.chest.or.kr/contributors/private/200,우선: KB금융공익재단 02-755-2242~3 / 02-2073-5773 / https://kbfoundation.or.kr/introduce/map.do | 접근: 교육·금융교육·자립지원 제안은 재단 문의 후 계열사 연결 요청 | 기업 홈페이지: http://www.kblife.co.kr/
하나카드,233,66,A,"신용카드 및 할부 금융업 기업, 기타법인, 서울특별시 중구 소재, 직원 727명.",신용카드 및 할부 금융업,기타법인,"서울특별시 중구 을지로 66 (을지로2가, 외환은행본점)",727,,867,669,700.5,"1,000.50",4,809.2,648.2,4,교육자립지원(8) / 기초생계지원(6) / 문화정보격차해소(4),자립·자활을 위한 자산형성지원사업 / K리그 통합축구활성화 및 친환경리그 지원사업 / 해외청소년 한국어 교육 연수지원사업,22,9,40.90%,교육격차·취약계층 / 멘토링·학습관리 / 진로·취업·자립 / 청소년·청년 교육 / 환경·안전·문화 교육,해외청소년 한국어 교육 연수지원사업 / 소외계층 청년세대를 위한 복합문화공간 지원사업 : HANA SHARING / 지역아동센터 아동/청소년의 미래를 위한 환경교육지원사업,"멘토 모집·교육·매칭, 활동 모니터링, 학습·성과관리 / 청년·경력전환자 직무교육·취업지원, 멘토링, 성과관리 / 청소년 학습·진로 프로그램 기획, 학교·지역기관 연계, 참여자 운영",동일한 공개 사업 목록이 14개 기업에 공통 표시됨(그룹 사업 가능성),http://www.hanacard.co.kr/,https://hanafn.com/esg/reporting/reprt.do,https://csrhub.chest.or.kr/contributors/private/233,"우선: 하나금융나눔재단 사업신청·문의 https://hana-nanum.com/?p=43&page=3&viewMode=add | 신청 안내 02-728-4092~5 / 재단 02-729-8934~7 | 접근: 기관회원 가입 후 사업신청, 전화는 접수 절차 확인용 | 기업 홈페이지: http://www.hanacard.co.kr/"
케이씨씨,89,67,D,"일반용 도료 및 관련제품 제조업 기업, 유가증권시장, 서울특별시 서초구 소재, 2025년 매출 약 6.5조원, 직원 3,301명.",일반용 도료 및 관련제품 제조업,유가증권시장,서울특별시 서초구 사평대로 344 (주)케이씨씨 빌딩,"3,301","64,838.20","1,150.90",782.6,717.8,571.2,252.9,805.6,695.1,4,공개 주요사업 없음,,0,0,,,,현재 공개 주요사업에서는 직접적인 교육 접점이 확인되지 않음. 신규 교육형 사회공헌사업 제안 가능,개별 귀속 여부는 원문 기준,http://www.kccworld.co.kr/,https://www.kccworld.co.kr/esg/sustainability.do,https://csrhub.chest.or.kr/contributors/private/89,2차 선별 외—심층 연락처 우선조사 미실시 | 기본: http://www.kccworld.co.kr/ | 접근: 공식 대표·문의 페이지에서 ESG·사회공헌·대외협력 담당 연결 요청
하나금융지주,221,68,A,"지주회사 기업, 유가증권시장, 서울특별시 중구 소재, 직원 131명.",지주회사,유가증권시장,서울특별시 중구 을지로 66 (을지로 2가),131,,871.5,640.5,708,972.3,2.6,798.1,639,4,교육자립지원(8) / 기초생계지원(6) / 문화정보격차해소(4),자립·자활을 위한 자산형성지원사업 / K리그 통합축구활성화 및 친환경리그 지원사업 / 해외청소년 한국어 교육 연수지원사업,22,9,40.90%,교육격차·취약계층 / 멘토링·학습관리 / 진로·취업·자립 / 청소년·청년 교육 / 환경·안전·문화 교육,해외청소년 한국어 교육 연수지원사업 / 소외계층 청년세대를 위한 복합문화공간 지원사업 : HANA SHARING / 지역아동센터 아동/청소년의 미래를 위한 환경교육지원사업,"멘토 모집·교육·매칭, 활동 모니터링, 학습·성과관리 / 청년·경력전환자 직무교육·취업지원, 멘토링, 성과관리 / 청소년 학습·진로 프로그램 기획, 학교·지역기관 연계, 참여자 운영",동일한 공개 사업 목록이 14개 기업에 공통 표시됨(그룹 사업 가능성),http://www.hanafn.com/,https://www.hanafn.com:8002/esg/reporting/reprt.do,https://csrhub.chest.or.kr/contributors/private/221,"우선: 하나금융나눔재단 사업신청·문의 https://hana-nanum.com/?p=43&page=3&viewMode=add | 신청 안내 02-728-4092~5 / 재단 02-729-8934~7 | 접근: 기관회원 가입 후 사업신청, 전화는 접수 절차 확인용 | 기업 홈페이지: http://www.hanafn.com/"
삼성E&A,47,69,A,"기타 엔지니어링 서비스업 기업, 유가증권시장, 서울특별시 강동구 소재, 2025년 매출 약 9.0조원, 직원 4,438명.",기타 엔지니어링 서비스업,유가증권시장,서울특별시 강동구 상일동 500 삼성 GEC,"4,438","90,287.70",723,"1,081.00",801,561.1,50,791.5,643.2,4,교육자립지원(6) / 심리정서지원(3) / 보건의료지원(2),미취업 청년들의 취업경쟁력을 높이기 위한 '삼성 청년 SW 아카데미'(SSAFY) / 취약계층 건강 증진을 위한 의료비 지원 사업 '희망진료센터' / 명절맞이 취약계층 및 사회복지시설 물품지원 사업,14,8,57.10%,교육격차·취약계층 / 디지털·AI 교육 / 멘토링·학습관리 / 시니어·중장년 교육 / 진로·취업·자립 / 청소년·청년 교육 / 환경·안전·문화 교육,미취업 청년들의 취업경쟁력을 높이기 위한 '삼성 청년 SW 아카데미'(SSAFY) / 시니어 디지털 역량 강화 및 활용을 위한 「삼성 시니어 디지털 아카데미」 / 삼성전자와 함께하는 자립준비청년 취업지원사업 ‘희망디딤돌 2.0’,"AI·디지털 교육과정 설계, 강사 운영, 프로젝트형 학습·성과관리 / 멘토 모집·교육·매칭, 활동 모니터링, 학습·성과관리 / 시니어·중장년 디지털·생애역량 교육과 지역 거점 운영",동일한 공개 사업 목록이 20개 기업에 공통 표시됨(그룹 사업 가능성),http://www.samsungena.com/,https://www.samsungena.com/kr/newsroom/publications,https://csrhub.chest.or.kr/contributors/private/47,우선: 삼성 CSR 공식 채널 https://csr.samsung.com/ko/ | 접근: 해당 계열사 대표전화·공식 문의에서 ‘사회공헌/ESG/대외협력 담당’ 연결 요청(공개된 공통 CSR 직통 연락처는 미확인) | 기업 홈페이지: http://www.samsungena.com/
광주은행,479,70,C,"국내은행 기업, 기타법인, 광주광역시 동구 소재, 직원 1,759명.",국내은행,기타법인,광주광역시 동구 제봉로 225,"1,759",,578.3,561.9,"1,032.60",965.6,20,784.6,631.7,4,사회적돌봄강화(2) / 기초생계지원(1),2024 범죄피해자 피해회복을 위한 지원 사업 / 2004년 북구행복플러스 지정기탁 추석명절 사회복지시설 위문사업 / *** 노인일자리 참여자 밀가루 지원,3,0,0.00%,,,현재 공개 주요사업에서는 직접적인 교육 접점이 확인되지 않음. 신규 교육형 사회공헌사업 제안 가능,개별 귀속 여부는 원문 기준,http://www.kjbank.com/,,https://csrhub.chest.or.kr/contributors/private/479,2차 선별 외—심층 연락처 우선조사 미실시 | 기본: http://www.kjbank.com/ | 접근: 공식 대표·문의 페이지에서 ESG·사회공헌·대외협력 담당 연결 요청
하나캐피탈,234,71,A,"신용카드 및 할부 금융업 기업, 기타법인, 서울특별시 강남구 소재.",신용카드 및 할부 금융업,기타법인,"서울특별시 강남구 테헤란로 127 (역삼동, 하나금융그룹강남사옥) 20층",,,622.5,666,706.5,"1,135.50",3.1,782.6,626.7,4,교육자립지원(8) / 기초생계지원(6) / 문화정보격차해소(4),자립·자활을 위한 자산형성지원사업 / K리그 통합축구활성화 및 친환경리그 지원사업 / 해외청소년 한국어 교육 연수지원사업,22,9,40.90%,교육격차·취약계층 / 멘토링·학습관리 / 진로·취업·자립 / 청소년·청년 교육 / 환경·안전·문화 교육,해외청소년 한국어 교육 연수지원사업 / 소외계층 청년세대를 위한 복합문화공간 지원사업 : HANA SHARING / 지역아동센터 아동/청소년의 미래를 위한 환경교육지원사업,"멘토 모집·교육·매칭, 활동 모니터링, 학습·성과관리 / 청년·경력전환자 직무교육·취업지원, 멘토링, 성과관리 / 청소년 학습·진로 프로그램 기획, 학교·지역기관 연계, 참여자 운영",동일한 공개 사업 목록이 14개 기업에 공통 표시됨(그룹 사업 가능성),http://www.hanacapital.co.kr/,https://hanafn.com/esg/reporting/reprt.do,https://csrhub.chest.or.kr/contributors/private/234,"우선: 하나금융나눔재단 사업신청·문의 https://hana-nanum.com/?p=43&page=3&viewMode=add | 신청 안내 02-728-4092~5 / 재단 02-729-8934~7 | 접근: 기관회원 가입 후 사업신청, 전화는 접수 절차 확인용 | 기업 홈페이지: http://www.hanacapital.co.kr/"
HD현대일렉트릭,105,72,A,"전동기, 발전기 및 전기 변환ㆍ공급ㆍ제어 장치 제조업 기업, 유가증권시장, 경기도 성남시 소재, 2025년 매출 약 4.1조원, 직원 2,209명.","전동기, 발전기 및 전기 변환ㆍ공급ㆍ제어 장치 제조업",유가증권시장,경기도 성남시 분당구 분당수서로 477 HD현대 글로벌 R&D센터,"2,209","40,795.00",34,360.4,710,"1,902.50",0,751.7,601.4,3,주거안전지원(4) / 교육자립지원(2) / 기초생계지원(1),"HD현대인프라코어와 월드비전 이 함께하는 아동 꿈. 찾기 프로젝트 ""Dream School"" / 노인여가복지시설 및 대한노인회 난방비 지원사업 / 취약계층 어르신 건강한 여름나기 지원사업",9,2,22.20%,교육격차·취약계층 / 청소년·청년 교육,"HD현대인프라코어와 월드비전 이 함께하는 아동 꿈. 찾기 프로젝트 ""Dream School"" / 중증장애인 복지지원사업","청소년 학습·진로 프로그램 기획, 학교·지역기관 연계, 참여자 운영 / 교육취약계층 맞춤형 학습지원, 모집·운영 통합관리, 지역 확산",개별 귀속 여부는 원문 기준,http://www.hyundai-elec.com/,https://www.hd-hyundaielectric.com/elect/ko/esg/esg1.jsp,https://csrhub.chest.or.kr/contributors/private/105,2차 선별 외—심층 연락처 우선조사 미실시 | 기본: http://www.hyundai-elec.com/ | 접근: 공식 대표·문의 페이지에서 ESG·사회공헌·대외협력 담당 연결 요청
우리카드,249,73,B,"신용카드 및 할부 금융업 기업, 기타법인, 서울특별시 종로구 소재, 직원 1,053명.",신용카드 및 할부 금융업,기타법인,"서울특별시 종로구 종로1길 50 (중학동, 더케이트윈타워)","1,053",,776,646,604,818,0,711,568.8,4,문화정보격차해소(1),사각지대 아동 미술교육 프로그램 '우리꿈나무 아트클래스',1,1,100.00%,청소년·청년 교육,사각지대 아동 미술교육 프로그램 '우리꿈나무 아트클래스',"청소년 학습·진로 프로그램 기획, 학교·지역기관 연계, 참여자 운영",개별 귀속 여부는 원문 기준,http://www.wooricard.com/,https://www.woorifg.com/kor/social-contribution/continuous/list.do,https://csrhub.chest.or.kr/contributors/private/249,우선: 우리금융미래재단 02-2125-2145 / https://www.woorifuturefoundation.or.kr/company/contactus | 접근: 교육·격차해소 제안은 재단 문의 후 해당 계열사 담당 연결 요청 | 기업 홈페이지: http://www.wooricard.com/
지오영,1016,74,D,"의약품 도매업 기업, 기타법인, 서울특별시 서대문구 소재, 2025년 매출 약 3.5조원, 직원 0명.",의약품 도매업,기타법인,"서울특별시 서대문구 성산로 321 (연희동, (주)지오영)",0,"34,848.70",881.5,538.2,"1,154.00",196.5,479.6,692.5,650,4,공개 주요사업 없음,,0,0,,,,현재 공개 주요사업에서는 직접적인 교육 접점이 확인되지 않음. 신규 교육형 사회공헌사업 제안 가능,개별 귀속 여부는 원문 기준,http://www.geo-young.com/,,https://csrhub.chest.or.kr/contributors/private/1016,2차 선별 외—심층 연락처 우선조사 미실시 | 기본: http://www.geo-young.com/ | 접근: 공식 대표·문의 페이지에서 ESG·사회공헌·대외협력 담당 연결 요청
지에스이피에스,162,75,B,"화력 발전업 기업, 기타법인, 충청남도 당진시 소재, 2025년 매출 약 1.3조원, 직원 279명.",화력 발전업,기타법인,충청남도 당진시 송악읍 부곡공단로 241,279,"13,147.20",530,"1,060.00",680,430,0,675,540,4,소통과참여확대(2) / 심리정서지원(2) / 교육자립지원(1),초기 청소년의 사회성 증진을 중심으로 한 심리정서지원사업 '마음톡톡' / 희망풍차 위기가정 긴급지원 / GS EPS(주) 민관 협업을 통한 지역사회 맞춤형 사회공헌(24년 1차),7,1,14.30%,교육격차·취약계층 / 진로·취업·자립 / 청소년·청년 교육 / 환경·안전·문화 교육,다문화 청소년 창의인재 양성 지원 『에너지 플러스』,"청년·경력전환자 직무교육·취업지원, 멘토링, 성과관리 / 청소년 학습·진로 프로그램 기획, 학교·지역기관 연계, 참여자 운영 / 교육취약계층 맞춤형 학습지원, 모집·운영 통합관리, 지역 확산",개별 귀속 여부는 원문 기준,http://www.gseps.com/,https://www.gseps.com/html/management/system.php?mid=11&mid=2,https://csrhub.chest.or.kr/contributors/private/162,2차 선별 외—심층 연락처 우선조사 미실시 | 기본: http://www.gseps.com/ | 접근: 공식 대표·문의 페이지에서 ESG·사회공헌·대외협력 담당 연결 요청
우리금융캐피탈,240,76,C,"금융 리스업 기업, 기타법인, 대전광역시 서구 소재, 2025년 매출 약 1.9조원, 직원 533명.",금융 리스업,기타법인,대전광역시 서구 대덕대로 239 (둔산동),533,"19,027.00",549,588,748,781,0,666.5,533.2,4,주거안전지원(1),기후위기 대응을 위한 아동복지시설지원사업(2차년),1,0,0.00%,,,현재 공개 주요사업에서는 직접적인 교육 접점이 확인되지 않음. 신규 교육형 사회공헌사업 제안 가능,개별 귀속 여부는 원문 기준,http://www.woorifcapital.com/,https://www.woorifg.com/kor/social-contribution/continuous/list.do,https://csrhub.chest.or.kr/contributors/private/240,2차 선별 외—심층 연락처 우선조사 미실시 | 기본: http://www.woorifcapital.com/ | 접근: 공식 대표·문의 페이지에서 ESG·사회공헌·대외협력 담당 연결 요청
롯데칠성음료,94,77,A,"기타 비알코올 음료 제조업 기업, 유가증권시장, 서울특별시 서초구 소재, 2025년 매출 약 4.0조원, 직원 5,217명.",기타 비알코올 음료 제조업,유가증권시장,서울특별시 서초구 서초대로70길 15,"5,217","39,711.40",770.6,639.1,625.7,561.9,500.6,649.3,619.6,4,주거안전지원(2) / 교육자립지원(1) / 문화정보격차해소(1),아동 놀이 환경 개선을 위한 놀이공간 조성 사업: mom편한 놀이터 / 저소득층 아동의 전인적 성장을 위한 지역아동센터 환경개선 및 역량강화 사업 : 'mom편한꿈다락' / 문화소외계층 군인들의 문화 공간 지원을 위한 병영도서관 '청춘책방',5,3,60.00%,교육격차·취약계층 / 진로·취업·자립 / 청소년·청년 교육 / 환경·안전·문화 교육,"저소득층 아동의 전인적 성장을 위한 지역아동센터 환경개선 및 역량강화 사업 : 'mom편한꿈다락' / 문화소외계층 군인들의 문화 공간 지원을 위한 병영도서관 '청춘책방' / 사회문제 해결을 위한 ESG 기반 대학생 봉사활동 지원사업 ""밸유 for ESG""","청년·경력전환자 직무교육·취업지원, 멘토링, 성과관리 / 청소년 학습·진로 프로그램 기획, 학교·지역기관 연계, 참여자 운영 / 교육취약계층 맞춤형 학습지원, 모집·운영 통합관리, 지역 확산",동일한 공개 사업 목록이 17개 기업에 공통 표시됨(그룹 사업 가능성),http://company.lottechilsung.co.kr/,https://company.lottechilsung.co.kr/kor/management/EsgDataCenter/contentsid/900/index.do,https://csrhub.chest.or.kr/contributors/private/94,"우선: 롯데재단 이메일 scholarship@lotte.net / https://www.lottefoundation.or.kr/ | 접근: 청소년·교육·장학형은 재단 메일, 유통·지역사업은 해당 계열사 사회공헌 담당 연결 요청 | 기업 홈페이지: http://company.lottechilsung.co.kr/"
GS파워,164,78,A,"발전업 기업, 기타법인, 경기도 안양시 소재, 2025년 매출 약 1.4조원, 직원 320명.",발전업,기타법인,경기도 안양시 동안구 부림로 100,320,"13,808.60",231.7,392.4,"1,095.80",776.3,2,624,499.6,4,심리정서지원(7) / 교육자립지원(2) / 기초생계지원(1),초기 청소년의 사회성 증진을 중심으로 한 심리정서지원사업 '마음톡톡' / 희망풍차 위기가정 긴급지원 / GS EPS(주) 민관 협업을 통한 지역사회 맞춤형 사회공헌(24년 1차),12,2,16.70%,교육격차·취약계층 / 진로·취업·자립 / 청소년·청년 교육 / 환경·안전·문화 교육,다문화 청소년 창의인재 양성 지원 『에너지 플러스』 / 청소년 장학금 지원 사업,"청년·경력전환자 직무교육·취업지원, 멘토링, 성과관리 / 청소년 학습·진로 프로그램 기획, 학교·지역기관 연계, 참여자 운영 / 교육취약계층 맞춤형 학습지원, 모집·운영 통합관리, 지역 확산",개별 귀속 여부는 원문 기준,http://www.gspower.co.kr/,https://www.gspower.co.kr/esg_management/sustainability_report.php,https://csrhub.chest.or.kr/contributors/private/164,2차 선별 외—심층 연락처 우선조사 미실시 | 기본: http://www.gspower.co.kr/ | 접근: 공식 대표·문의 페이지에서 ESG·사회공헌·대외협력 담당 연결 요청
삼성물산,9,79,A,"기타 전문 도매업 기업, 유가증권시장, 서울특별시 강동구 소재, 2025년 매출 약 40.7조원, 직원 18,522명.",기타 전문 도매업,유가증권시장,서울특별시 강동구 상일로6길 26 -,"18,522","407,422.40",691,561.3,"1,196.90",35,1,621,497,3,교육자립지원(6) / 심리정서지원(3) / 보건의료지원(2),미취업 청년들의 취업경쟁력을 높이기 위한 '삼성 청년 SW 아카데미'(SSAFY) / 취약계층 건강 증진을 위한 의료비 지원 사업 '희망진료센터' / 명절맞이 취약계층 및 사회복지시설 물품지원 사업,14,8,57.10%,교육격차·취약계층 / 디지털·AI 교육 / 멘토링·학습관리 / 시니어·중장년 교육 / 진로·취업·자립 / 청소년·청년 교육 / 환경·안전·문화 교육,미취업 청년들의 취업경쟁력을 높이기 위한 '삼성 청년 SW 아카데미'(SSAFY) / 시니어 디지털 역량 강화 및 활용을 위한 「삼성 시니어 디지털 아카데미」 / 삼성전자와 함께하는 자립준비청년 취업지원사업 ‘희망디딤돌 2.0’,"AI·디지털 교육과정 설계, 강사 운영, 프로젝트형 학습·성과관리 / 멘토 모집·교육·매칭, 활동 모니터링, 학습·성과관리 / 시니어·중장년 디지털·생애역량 교육과 지역 거점 운영",동일한 공개 사업 목록이 20개 기업에 공통 표시됨(그룹 사업 가능성),http://www.samsungcnt.com/,https://www.samsungcnt.com/esg/resource/report/sustainability.do,https://csrhub.chest.or.kr/contributors/private/9,우선: 삼성 CSR 공식 채널 https://csr.samsung.com/ko/ | 접근: 해당 계열사 대표전화·공식 문의에서 ‘사회공헌/ESG/대외협력 담당’ 연결 요청(공개된 공통 CSR 직통 연락처는 미확인) | 기업 홈페이지: http://www.samsungcnt.com/
CJ제일제당,37,80,A,"동물용 사료 및 조제식품 제조업 기업, 유가증권시장, 서울특별시 중구 소재, 2025년 매출 약 27.3조원, 직원 8,232명.",동물용 사료 및 조제식품 제조업,유가증권시장,서울특별시 중구 동호로 330,"8,232","273,425.90",802,757.2,88.2,760,711.4,601.8,623.7,4,주거안전지원(4) / 교육자립지원(3) / 소통과참여확대(2),"나눔냉장고의 가치소비실천 지원사업 / *** 지정기탁사업, 지역아동센터 학생들의 환경교육 및 정서적 지원을 위한 업사이클링 가드닝 사업 / 취약계층 미취학 아동의 건강한 식습관 형성과 지속가능한 먹거리 섭취를 위한 “찾아가는 바른밥상, 바른미래” 사업",10,5,50.00%,교육격차·취약계층 / 디지털·AI 교육 / 진로·취업·자립 / 청소년·청년 교육 / 환경·안전·문화 교육,"*** 지정기탁사업, 지역아동센터 학생들의 환경교육 및 정서적 지원을 위한 업사이클링 가드닝 사업 / 취약계층 미취학 아동의 건강한 식습관 형성과 지속가능한 먹거리 섭취를 위한 “찾아가는 바른밥상, 바른미래” 사업 / 저소득층 어린이 생활안전&건강 식습관 체험학습프로그램","AI·디지털 교육과정 설계, 강사 운영, 프로젝트형 학습·성과관리 / 청년·경력전환자 직무교육·취업지원, 멘토링, 성과관리 / 청소년 학습·진로 프로그램 기획, 학교·지역기관 연계, 참여자 운영",개별 귀속 여부는 원문 기준,http://www.cj.co.kr/,https://www.cj.co.kr/kr/aboutus/sustainability/report,https://csrhub.chest.or.kr/contributors/private/37,우선: CJ나눔재단·CJ도너스캠프 기관문의 1899-0233 / https://www.donorscamp.org/mapInfo.do | 접근: 아동·청소년 교육·멘토링 제안은 재단 기관문의로 접수 | 기업 홈페이지: http://www.cj.co.kr/
카카오,346,81,A,"포털 및 기타 인터넷 정보 매개 서비스업 기업, 유가증권시장, 제주특별자치도 제주시 소재, 2025년 매출 약 8.1조원, 직원 3,922명.",포털 및 기타 인터넷 정보 매개 서비스업,유가증권시장,제주특별자치도 제주시 첨단로 242,"3,922","80,991.50",562.4,505.3,511.8,801.5,277.1,595.2,531.6,4,심리정서지원(8) / 교육자립지원(7) / 주거안전지원(4),2024년 물품지정기탁사업 / 표선해수욕장 교통약자 이동권 개선 프로젝트 / 제주도 발달장애인 친화가게 <맘편한가게> 확대 및 온라인 캠페인 프로젝트,28,13,46.40%,교육격차·취약계층 / 디지털·AI 교육 / 일반 교육·역량강화 / 진로·취업·자립 / 청소년·청년 교육 / 환경·안전·문화 교육,"2024년 물품지정기탁사업 / 최중증장애인자기결정&주도적인삶지원을 위한 대체보완의사소통AAC교육프로그램 ""오~MyHappyDay"" / 장애인 영상교육을 위한 컴퓨터&TV 지원사업 : 장애인 영상교육 지원사업","AI·디지털 교육과정 설계, 강사 운영, 프로젝트형 학습·성과관리 / 청년·경력전환자 직무교육·취업지원, 멘토링, 성과관리 / 청소년 학습·진로 프로그램 기획, 학교·지역기관 연계, 참여자 운영",개별 귀속 여부는 원문 기준,http://www.kakaocorp.com/,https://www.kakaocorp.com/page/responsible/esg,https://csrhub.chest.or.kr/contributors/private/346,우선: 카카오임팩트 contact.us@kakaoimpact.org | 시니어 디지털교육 seniorschool@kakaoimpact.org | 기술·AI 임팩트 techforimpact@kakaoimpact.org | https://www.kakaoimpact.org/ | 접근: 제안 주제에 맞는 전용 메일 사용 | 기업 홈페이지: http://www.kakaocorp.com/
신한캐피탈,217,82,A,"금융 리스업 기업, 기타법인, 경기도 안산시 소재, 직원 274명.",금융 리스업,기타법인,"경기도 안산시 단원구 당곡로 17 (고잔동, 신한은행)",274,,642.6,880.8,816.6,0,0,585,468,3,교육자립지원(12) / 기초생계지원(5) / 보건의료지원(2),맞벌이가정 자녀 돌봄공백 해소를 위한 공동육아나눔터 공간 조성 지원 ‘신한 꿈도담터’ / 위기가정 재기지원사업(7차년도) / 아동학대 응급(보호)조치 아동 보호 및 가정복귀 지원사업 '신한-SOL Guard(4차)',27,12,44.40%,교육격차·취약계층 / 디지털·AI 교육 / 멘토링·학습관리 / 시니어·중장년 교육 / 진로·취업·자립 / 청소년·청년 교육 / 환경·안전·문화 교육,재생PC를 활용한 경로당 어르신 정보화 및 금융교육 / 해외 사회문제 해결을 위한 '글로벌 원신한' / 학교 밖 청소년의 직업탐색을 위한 뮤지컬 교육 및 공연,"AI·디지털 교육과정 설계, 강사 운영, 프로젝트형 학습·성과관리 / 멘토 모집·교육·매칭, 활동 모니터링, 학습·성과관리 / 시니어·중장년 디지털·생애역량 교육과 지역 거점 운영",동일한 공개 사업 목록이 12개 기업에 공통 표시됨(그룹 사업 가능성),http://www.shcap.co.kr/,https://www.shcap.co.kr/ir/IR040000.do,https://csrhub.chest.or.kr/contributors/private/217,우선: 신한금융희망재단(교육·사회문제 해결) 이메일 shdf@shinhan.com / https://shf.neocoms.co.kr/ | 접근: 재단 메일로 제안서 발송 후 해당 계열사 ESG·사회공헌 담당 연결 요청 | 기업 홈페이지: http://www.shcap.co.kr/
젝시믹스,1251,83,D,"기타 정보 서비스업 기업, 코스닥시장, 서울특별시 성동구 소재, 2025년 매출 약 2,741억원, 직원 215명.",기타 정보 서비스업,코스닥시장,"서울특별시 성동구 뚝섬로1길 63, 12층(성수동1가, 영창디지털타워)",215,"2,741.00",283.9,645.3,730.3,666.2,0,581.4,465.1,4,공개 주요사업 없음,,0,0,,,,현재 공개 주요사업에서는 직접적인 교육 접점이 확인되지 않음. 신규 교육형 사회공헌사업 제안 가능,개별 귀속 여부는 원문 기준,http://www.brandxcorp.com/,,https://csrhub.chest.or.kr/contributors/private/1251,2차 선별 외—심층 연락처 우선조사 미실시 | 기본: http://www.brandxcorp.com/ | 접근: 공식 대표·문의 페이지에서 ESG·사회공헌·대외협력 담당 연결 요청
현대캐피탈,130,84,A,"신용카드 및 할부 금융업 기업, 기타법인, 서울특별시 중구 소재, 2025년 매출 약 5.4조원, 직원 2,120명.",신용카드 및 할부 금융업,기타법인,"서울특별시 중구 세종대로 14 (남대문로5가, 그랜드센트럴(GRANDCENTRAL))","2,120","53,897.70",397.9,610.8,618.8,693.1,0,580.1,464.1,4,주거안전지원(16) / 교육자립지원(13) / 보건의료지원(6),아동학대 예방 및 아동보호체계 강화를 위한 통합지원 사업 현대자동차그룹 'i-CARE(아이케어)'- 2차년도 / 전국 사회복지기관 친환경 EV패키지 지원사업 ‘E-share’ / 지역사회복지기관 지원을 통한 사회복지 서비스 역량 강화：지역사회복지 지원사업,50,22,44.00%,교육격차·취약계층 / 디지털·AI 교육 / 멘토링·학습관리 / 시니어·중장년 교육 / 진로·취업·자립 / 청소년·청년 교육 / 환경·안전·문화 교육,지역사회복지기관 지원을 통한 사회복지 서비스 역량 강화：지역사회복지 지원사업 / 취약계층 청소년 및 대학생 인재의 교육기회 불평등 해소를 위한 학습지도 및 멘토링 지원 사업 : H-점프스쿨 / 고령자 교통안전을 위한 교육 및 인식개선 사업 「2024년 교통안전 베테랑 교실」,"AI·디지털 교육과정 설계, 강사 운영, 프로젝트형 학습·성과관리 / 멘토 모집·교육·매칭, 활동 모니터링, 학습·성과관리 / 시니어·중장년 디지털·생애역량 교육과 지역 거점 운영",동일한 공개 사업 목록이 18개 기업에 공통 표시됨(그룹 사업 가능성),http://www.hyundaicapital.co.kr/,https://about.hyundaicapital.com/esg/cmvsn/IREMVS0101.hc#none,https://csrhub.chest.or.kr/contributors/private/130,"우선: 현대차정몽구재단 02-746-0001 / https://www.hyundai-cmkfoundation.org/ | 보조: 현대자동차 공식 1:1 문의 https://www.hyundai.com/kr/ko/digital-customer-support/helpdesk/ask | 접근: 그룹 공동교육이면 재단, 계열사 단독사업이면 해당사 ESG 담당 연결 요청 | 기업 홈페이지: http://www.hyundaicapital.co.kr/"
한화솔루션,40,85,A,"석유화학계 기초 화학 물질 제조업 기업, 유가증권시장, 서울특별시 중구 소재, 2025년 매출 약 13.3조원, 직원 5,503명.",석유화학계 기초 화학 물질 제조업,유가증권시장,서울특별시 중구 청계천로 86 한화빌딩,"5,503","133,330.60",788.8,663.1,669,158.7,17.4,569.9,459.4,4,문화정보격차해소(4) / 주거안전지원(3) / 교육자립지원(2),시각장애인을 위한 점자달력 제작 / 아동청소년 문화예술 지원사업 ‘한화청소년오케스트라’ / 아이들의 건강한 교육환경 조성을 위한 초등학교 실내공기질 개선 및 환경 교육 지원사업 '맑은학교' (4차년도),14,6,42.90%,교육격차·취약계층 / 진로·취업·자립 / 청소년·청년 교육 / 환경·안전·문화 교육,아이들의 건강한 교육환경 조성을 위한 초등학교 실내공기질 개선 및 환경 교육 지원사업 '맑은학교' (4차년도) / 취약계층 국가유공자의 문화 격차 해소를 위한 <2025 한화 지속가능한 선상학교> / 자립준비청년의 안정적인 사회정착을 위한 자립정착금 지원사업,"청년·경력전환자 직무교육·취업지원, 멘토링, 성과관리 / 청소년 학습·진로 프로그램 기획, 학교·지역기관 연계, 참여자 운영 / 교육취약계층 맞춤형 학습지원, 모집·운영 통합관리, 지역 확산",개별 귀속 여부는 원문 기준,http://hcc.hanwha.co.kr/,https://hcc.hanwha.co.kr/ko/sustainabilit/sustainable-management,https://csrhub.chest.or.kr/contributors/private/40,우선: 한화그룹 사회공헌 https://www.hanwha.co.kr/sustainability/social/socialcontribution/introduction.do | 문화·예술교육: 한화문화재단 hculture@hanwha.com / https://www.hanwhafoundation.org/notice/location | 접근: 일반 교육사업은 계열사 대표·문의에서 사회공헌 담당 연결 요청 | 기업 홈페이지: http://hcc.hanwha.co.kr/
삼성바이오에피스,117,86,A,"의학 및 약학 연구개발업 기업, 기타법인, 인천 연수구 소재, 2025년 매출 약 1.7조원, 직원 0명.",의학 및 약학 연구개발업,기타법인,"인천 연수구 송도교육로 76 (송도동, 삼성바이오에피스(주))",0,"16,619.50",91.3,595,815,776.4,0,569.4,455.6,4,교육자립지원(6) / 심리정서지원(3) / 보건의료지원(2),미취업 청년들의 취업경쟁력을 높이기 위한 '삼성 청년 SW 아카데미'(SSAFY) / 취약계층 건강 증진을 위한 의료비 지원 사업 '희망진료센터' / 명절맞이 취약계층 및 사회복지시설 물품지원 사업,14,8,57.10%,교육격차·취약계층 / 디지털·AI 교육 / 멘토링·학습관리 / 시니어·중장년 교육 / 진로·취업·자립 / 청소년·청년 교육 / 환경·안전·문화 교육,미취업 청년들의 취업경쟁력을 높이기 위한 '삼성 청년 SW 아카데미'(SSAFY) / 시니어 디지털 역량 강화 및 활용을 위한 「삼성 시니어 디지털 아카데미」 / 삼성전자와 함께하는 자립준비청년 취업지원사업 ‘희망디딤돌 2.0’,"AI·디지털 교육과정 설계, 강사 운영, 프로젝트형 학습·성과관리 / 멘토 모집·교육·매칭, 활동 모니터링, 학습·성과관리 / 시니어·중장년 디지털·생애역량 교육과 지역 거점 운영",동일한 공개 사업 목록이 20개 기업에 공통 표시됨(그룹 사업 가능성),http://www.samsungbioepis.com/,https://www.samsungbioepis.com/kr/about/about05.do,https://csrhub.chest.or.kr/contributors/private/117,우선: 삼성 CSR 공식 채널 https://csr.samsung.com/ko/ | 접근: 해당 계열사 대표전화·공식 문의에서 ‘사회공헌/ESG/대외협력 담당’ 연결 요청(공개된 공통 CSR 직통 연락처는 미확인) | 기업 홈페이지: http://www.samsungbioepis.com/
LS,946,87,D,"지주회사 기업, 유가증권시장, 서울특별시 용산구 소재, 2025년 매출 약 31.9조원, 직원 94명.",지주회사,유가증권시장,서울특별시 용산구 한강대로 92 LS용산타워 -,94,"318,700.30",493,712,402,596,386,550.8,517.8,4,공개 주요사업 없음,,0,0,,,,현재 공개 주요사업에서는 직접적인 교육 접점이 확인되지 않음. 신규 교육형 사회공헌사업 제안 가능,개별 귀속 여부는 원문 기준,http://www.lsholdings.co.kr/,,https://csrhub.chest.or.kr/contributors/private/946,2차 선별 외—심층 연락처 우선조사 미실시 | 기본: http://www.lsholdings.co.kr/ | 접근: 공식 대표·문의 페이지에서 ESG·사회공헌·대외협력 담당 연결 요청
LS전선,185,87,A,"절연선 및 케이블 제조업 기업, 기타법인, 경기도 안양시 소재, 2025년 매출 약 7.6조원, 직원 4,420명.",절연선 및 케이블 제조업,기타법인,경기도 안양시 동안구 엘에스로 127 LS타워,"4,420","75,881.60",493,712,402,596,386,550.8,517.8,4,교육자립지원(3) / 기초생계지원(3) / 소통과참여확대(2),한베가정을 위한 LS드림센터 지원사업 / 안성시 복지소외계층을 위한 지원사업 “LS그룹과 함께하는 온기나눔 김장가득” / 초교생 취약계층 위한 학업성취도 향상 관련 학원비 지원,12,6,50.00%,교육격차·취약계층 / 청소년·청년 교육 / 환경·안전·문화 교육,한베가정을 위한 LS드림센터 지원사업 / 초교생 취약계층 위한 학업성취도 향상 관련 학원비 지원 / 보훈단체 업무환경 개선 사업(기능보강/사무기기 지원),"청소년 학습·진로 프로그램 기획, 학교·지역기관 연계, 참여자 운영 / 교육취약계층 맞춤형 학습지원, 모집·운영 통합관리, 지역 확산 / 주제형 교육 콘텐츠 개발, 강사·체험 운영, 성과측정",개별 귀속 여부는 원문 기준,,https://www.lscns.co.kr/kr/intro/report.asp,https://csrhub.chest.or.kr/contributors/private/185,우선: LS그룹 사회공헌 공식 페이지 https://www.lsholdings.com/ko | 접근: 그룹 미래세대 교육사업은 (주)LS 대표·공식 문의에서 사회공헌 담당 연결 요청(공개 직통 미확인)
HD한국조선해양,1137,89,D,"지주회사 기업, 유가증권시장, 경기도 성남시 소재, 2025년 매출 약 29.9조원, 직원 1,543명.",지주회사,유가증권시장,"경기도 성남시 분당구 분당수서로 477 정자동, HD현대그룹 글로벌 R&D센터","1,543","299,332.20",48.3,310.4,985.1,848.7,342.2,548.1,506.9,3,공개 주요사업 없음,,0,0,,,,현재 공개 주요사업에서는 직접적인 교육 접점이 확인되지 않음. 신규 교육형 사회공헌사업 제안 가능,개별 귀속 여부는 원문 기준,http://www.ksoe.co.kr/,,https://csrhub.chest.or.kr/contributors/private/1137,2차 선별 외—심층 연락처 우선조사 미실시 | 기본: http://www.ksoe.co.kr/ | 접근: 공식 대표·문의 페이지에서 ESG·사회공헌·대외협력 담당 연결 요청
에이치디현대삼호,157,90,B,"선박 및 수상 부유 구조물 건조업 기업, 기타법인, 전라남도 영암군 소재, 2025년 매출 약 8.1조원, 직원 4,005명.",선박 및 수상 부유 구조물 건조업,기타법인,전라남도 영암군 삼호읍 대불로 93,"4,005","80,713.50",96.9,288.2,"1,130.90",636.3,5.6,538.1,431.6,4,기초생계지원(2) / 교육자립지원(1) / 문화정보격차해소(1),"HD현대인프라코어와 월드비전 이 함께하는 아동 꿈. 찾기 프로젝트 ""Dream School"" / 노인여가복지시설 및 대한노인회 난방비 지원사업 / 취약계층 어르신 건강한 여름나기 지원사업",8,1,12.50%,청소년·청년 교육,"HD현대인프라코어와 월드비전 이 함께하는 아동 꿈. 찾기 프로젝트 ""Dream School""","청소년 학습·진로 프로그램 기획, 학교·지역기관 연계, 참여자 운영",개별 귀속 여부는 원문 기준,http://www.hshi.co.kr/,https://www.hshi.co.kr/bbs/report_policy1/list.do,https://csrhub.chest.or.kr/contributors/private/157,2차 선별 외—심층 연락처 우선조사 미실시 | 기본: http://www.hshi.co.kr/ | 접근: 공식 대표·문의 페이지에서 ESG·사회공헌·대외협력 담당 연결 요청
(주)이지바이오,1255,91,D,"업종 미공개 기업, 서울특별시 소재, 2025년 매출 약 4,769억원, 직원 143명.",미공개,미공개,서울특별시,143,"4,769.40",542.7,640.2,707.9,250.6,0,535.3,428.3,4,공개 주요사업 없음,,0,0,,,,현재 공개 주요사업에서는 직접적인 교육 접점이 확인되지 않음. 신규 교육형 사회공헌사업 제안 가능,개별 귀속 여부는 원문 기준,,,https://csrhub.chest.or.kr/contributors/private/1255,2차 선별 외—심층 연락처 우선조사 미실시 | 기본: 공식 홈페이지 미확인 | 접근: 공식 대표·문의 페이지에서 ESG·사회공헌·대외협력 담당 연결 요청
엘에스일렉트릭,88,92,A,"전기회로 개폐, 보호 장치 제조업 기업, 유가증권시장, 경기도 안양시 소재, 2025년 매출 약 5.0조원, 직원 3,482명.","전기회로 개폐, 보호 장치 제조업",유가증권시장,경기도 안양시 동안구 엘에스로 127 LS타워,"3,482","49,658.00",500,561,346,703,452,527.5,512.4,4,기초생계지원(2) / 주거안전지원(2) / 교육자립지원(1),"한베가정을 위한 LS드림센터 지원사업 / 안성시 복지소외계층을 위한 지원사업 “LS그룹과 함께하는 온기나눔 김장가득” / 도심 속 생물다양성을 보전하는 도시숲 조성 사업 ""청주 도시숲 과학생태교실 조성 프로젝트""",5,2,40.00%,교육격차·취약계층 / 청소년·청년 교육 / 환경·안전·문화 교육,"한베가정을 위한 LS드림센터 지원사업 / 도심 속 생물다양성을 보전하는 도시숲 조성 사업 ""청주 도시숲 과학생태교실 조성 프로젝트""","청소년 학습·진로 프로그램 기획, 학교·지역기관 연계, 참여자 운영 / 교육취약계층 맞춤형 학습지원, 모집·운영 통합관리, 지역 확산 / 주제형 교육 콘텐츠 개발, 강사·체험 운영, 성과측정",개별 귀속 여부는 원문 기준,http://www.ls-electric.com/,https://www.ls-electric.com/esg/report/sustainability,https://csrhub.chest.or.kr/contributors/private/88,우선: LS그룹 사회공헌 공식 페이지 https://www.lsholdings.com/ko | 접근: 그룹 미래세대 교육사업은 (주)LS 대표·공식 문의에서 사회공헌 담당 연결 요청(공개 직통 미확인) | 기업 홈페이지: http://www.ls-electric.com/
드림텍,1521,93,D,"기타 전자 부품 제조업 기업, 유가증권시장, 경기도 성남시 소재, 2025년 매출 약 1.2조원, 직원 401명.",기타 전자 부품 제조업,유가증권시장,경기도 성남시 분당구 대왕판교로 670 유스페이스2 A동 10층,401,"12,306.20","1,654.00",0,209,187,0,512.5,410,3,공개 주요사업 없음,,0,0,,,,현재 공개 주요사업에서는 직접적인 교육 접점이 확인되지 않음. 신규 교육형 사회공헌사업 제안 가능,개별 귀속 여부는 원문 기준,http://www.idreamtech.co.kr/,,https://csrhub.chest.or.kr/contributors/private/1521,2차 선별 외—심층 연락처 우선조사 미실시 | 기본: http://www.idreamtech.co.kr/ | 접근: 공식 대표·문의 페이지에서 ESG·사회공헌·대외협력 담당 연결 요청
HD현대중공업,27,94,B,"기타 선박 건조업 기업, 유가증권시장, 울산광역시 동구 소재, 2025년 매출 약 17.6조원, 직원 18,880명.",기타 선박 건조업,유가증권시장,울산광역시 동구 방어진순환도로 1000,"18,880","175,806.30",31.3,280.2,985.1,738.7,342.2,508.8,475.5,3,사회적돌봄강화(5) / 기초생계지원(2) / 심리정서지원(2),"HD현대인프라코어와 월드비전 이 함께하는 아동 꿈. 찾기 프로젝트 ""Dream School"" / 노인여가복지시설 및 대한노인회 난방비 지원사업 / 취약계층 어르신 건강한 여름나기 지원사업",12,1,8.30%,청소년·청년 교육,"HD현대인프라코어와 월드비전 이 함께하는 아동 꿈. 찾기 프로젝트 ""Dream School""","청소년 학습·진로 프로그램 기획, 학교·지역기관 연계, 참여자 운영",개별 귀속 여부는 원문 기준,http://www.hhi.co.kr/,https://www.hhi.co.kr/ManageMent/mg06_1,https://csrhub.chest.or.kr/contributors/private/27,2차 선별 외—심층 연락처 우선조사 미실시 | 기본: http://www.hhi.co.kr/ | 접근: 공식 대표·문의 페이지에서 ESG·사회공헌·대외협력 담당 연결 요청
풍산,83,95,A,"1차 비철금속 제조업 기업, 유가증권시장, 경기도 평택시 소재, 2025년 매출 약 5.0조원, 직원 3,754명.",1차 비철금속 제조업,유가증권시장,경기도 평택시 포승읍 평택항로156번길 134 (주)풍산,"3,754","50,485.80",495.1,213.1,642.4,649.2,23.1,500,404.6,4,교육자립지원(3) / 기초생계지원(3),다문화가정 청소년의 미래성장동력 발굴프로젝트 「Core People-Future Dream」 / 복지사각지대 지원을 위한 후원자와 틈새계층 1:1 결연사업 / 다문화가정 청소년의 미래성장동력 발굴프로젝트 「Core People-Future Dream」,6,3,50.00%,교육격차·취약계층 / 청소년·청년 교육 / 환경·안전·문화 교육,다문화가정 청소년의 미래성장동력 발굴프로젝트 「Core People-Future Dream」 / 다문화가정 청소년의 미래성장동력 발굴프로젝트 「Core People-Future Dream」 / 다문화가정 청소년의 미래성장동력 발굴프로젝트「Core People-Future Dream」,"청소년 학습·진로 프로그램 기획, 학교·지역기관 연계, 참여자 운영 / 교육취약계층 맞춤형 학습지원, 모집·운영 통합관리, 지역 확산 / 주제형 교육 콘텐츠 개발, 강사·체험 운영, 성과측정",개별 귀속 여부는 원문 기준,http://www.poongsan.co.kr/,https://www.poongsan.co.kr/management/esg,https://csrhub.chest.or.kr/contributors/private/83,기본: 02-3406-5114 / https://www.poongsan.co.kr/main | 접근: 대표전화에서 사회공헌·대외협력 담당 연결 요청(공개 CSR 직통 미확인) | 기업 홈페이지: http://www.poongsan.co.kr/
롯데정밀화학,109,96,A,"석탄화학계 화합물 및 기타 기초 유기화학 물질 제조업 기업, 유가증권시장, 울산광역시 남구 소재, 2025년 매출 약 1.8조원, 직원 943명.",석탄화학계 화합물 및 기타 기초 유기화학 물질 제조업,유가증권시장,울산광역시 남구 여천로217번길 19,943,"17,526.80",400,700,401.6,404.5,300,476.5,441.2,4,주거안전지원(2) / 교육자립지원(1) / 문화정보격차해소(1),아동 놀이 환경 개선을 위한 놀이공간 조성 사업: mom편한 놀이터 / 저소득층 아동의 전인적 성장을 위한 지역아동센터 환경개선 및 역량강화 사업 : 'mom편한꿈다락' / 문화소외계층 군인들의 문화 공간 지원을 위한 병영도서관 '청춘책방',5,3,60.00%,교육격차·취약계층 / 진로·취업·자립 / 청소년·청년 교육 / 환경·안전·문화 교육,"저소득층 아동의 전인적 성장을 위한 지역아동센터 환경개선 및 역량강화 사업 : 'mom편한꿈다락' / 문화소외계층 군인들의 문화 공간 지원을 위한 병영도서관 '청춘책방' / 사회문제 해결을 위한 ESG 기반 대학생 봉사활동 지원사업 ""밸유 for ESG""","청년·경력전환자 직무교육·취업지원, 멘토링, 성과관리 / 청소년 학습·진로 프로그램 기획, 학교·지역기관 연계, 참여자 운영 / 교육취약계층 맞춤형 학습지원, 모집·운영 통합관리, 지역 확산",동일한 공개 사업 목록이 17개 기업에 공통 표시됨(그룹 사업 가능성),http://www.lottefinechem.com/,https://www.lottefinechem.com/esg/management/report/,https://csrhub.chest.or.kr/contributors/private/109,"우선: 롯데재단 이메일 scholarship@lotte.net / https://www.lottefoundation.or.kr/ | 접근: 청소년·교육·장학형은 재단 메일, 유통·지역사업은 해당 계열사 사회공헌 담당 연결 요청 | 기업 홈페이지: http://www.lottefinechem.com/"
CJ대한통운,35,97,C,"도로 화물 운송업 기업, 유가증권시장, 서울특별시 종로구 소재, 2025년 매출 약 12.3조원, 직원 6,847명.",도로 화물 운송업,유가증권시장,서울특별시 종로구 종로5길 7(청진동) Tower 8,"6,847","122,846.50",500.9,410.6,3,801,0.5,428.9,343.2,3,주거안전지원(2),소상공인과 함께하는 그린 딜리버리 플러스 지원사업 / 경남 어린이집 대상 종이팩 수거 캠페인,2,0,0.00%,,,현재 공개 주요사업에서는 직접적인 교육 접점이 확인되지 않음. 신규 교육형 사회공헌사업 제안 가능,개별 귀속 여부는 원문 기준,http://www.cjlogistics.com/,https://www.cjlogistics.com/ko/sustainability/report,https://csrhub.chest.or.kr/contributors/private/35,2차 선별 외—심층 연락처 우선조사 미실시 | 기본: http://www.cjlogistics.com/ | 접근: 공식 대표·문의 페이지에서 ESG·사회공헌·대외협력 담당 연결 요청
포스코퓨처엠,60,98,B,"일차전지 및 축전지 제조업 기업, 유가증권시장, 경상북도 포항시 소재, 2025년 매출 약 2.9조원, 직원 2,979명.",일차전지 및 축전지 제조업,유가증권시장,경상북도 포항시 남구 신항로 110,"2,979","29,387.00",0,"1,100.90",300,200,0,400.2,320.2,3,보건의료지원(2) / 교육자립지원(1) / 기초생계지원(1),여성 위생용품 지원사업 / 사회배려계층의 보건-건강 증진을 위한 폐기유니폼 업사이클 물품 제작 / 사랑의 김장나누기 사업,4,1,25.00%,교육격차·취약계층 / 진로·취업·자립 / 청소년·청년 교육,취약계층 아동의 경제적 자립 지원을 위한 디딤씨앗통장 적립금 지원사업,"청년·경력전환자 직무교육·취업지원, 멘토링, 성과관리 / 청소년 학습·진로 프로그램 기획, 학교·지역기관 연계, 참여자 운영 / 교육취약계층 맞춤형 학습지원, 모집·운영 통합관리, 지역 확산",개별 귀속 여부는 원문 기준,http://www.poscofuturem.com/,http://www.poscofuturem.com/esg/strategy3.do,https://csrhub.chest.or.kr/contributors/private/60,2차 선별 외—심층 연락처 우선조사 미실시 | 기본: http://www.poscofuturem.com/ | 접근: 공식 대표·문의 페이지에서 ESG·사회공헌·대외협력 담당 연결 요청
롯데지주,175,99,A,"지주회사 기업, 유가증권시장, 서울특별시 송파구 소재, 2025년 매출 약 15.5조원, 직원 296명.",지주회사,유가증권시장,서울특별시 송파구 올림픽로 300 롯데월드타워,296,"155,396.30",400,400,400,400,400,400,400,4,주거안전지원(2) / 교육자립지원(1) / 문화정보격차해소(1),아동 놀이 환경 개선을 위한 놀이공간 조성 사업: mom편한 놀이터 / 저소득층 아동의 전인적 성장을 위한 지역아동센터 환경개선 및 역량강화 사업 : 'mom편한꿈다락' / 문화소외계층 군인들의 문화 공간 지원을 위한 병영도서관 '청춘책방',5,3,60.00%,교육격차·취약계층 / 진로·취업·자립 / 청소년·청년 교육 / 환경·안전·문화 교육,"저소득층 아동의 전인적 성장을 위한 지역아동센터 환경개선 및 역량강화 사업 : 'mom편한꿈다락' / 문화소외계층 군인들의 문화 공간 지원을 위한 병영도서관 '청춘책방' / 사회문제 해결을 위한 ESG 기반 대학생 봉사활동 지원사업 ""밸유 for ESG""","청년·경력전환자 직무교육·취업지원, 멘토링, 성과관리 / 청소년 학습·진로 프로그램 기획, 학교·지역기관 연계, 참여자 운영 / 교육취약계층 맞춤형 학습지원, 모집·운영 통합관리, 지역 확산",동일한 공개 사업 목록이 17개 기업에 공통 표시됨(그룹 사업 가능성),http://www.lotte.co.kr/,https://www.lotte.co.kr/esg/sustainabilityreport.do,https://csrhub.chest.or.kr/contributors/private/175,"우선: 롯데재단 이메일 scholarship@lotte.net / https://www.lottefoundation.or.kr/ | 접근: 청소년·교육·장학형은 재단 메일, 유통·지역사업은 해당 계열사 사회공헌 담당 연결 요청 | 기업 홈페이지: http://www.lotte.co.kr/"
효성중공업,84,100,D,"전동기, 발전기 및 전기 변환ㆍ공급ㆍ제어 장치 제조업 기업, 유가증권시장, 서울특별시 마포구 소재, 2025년 매출 약 6.0조원, 직원 7,134명.","전동기, 발전기 및 전기 변환ㆍ공급ㆍ제어 장치 제조업",유가증권시장,서울특별시 마포구 마포대로 119 효성빌딩,"7,134","59,685.10",251.5,376.7,310,654,0,398.1,318.4,4,공개 주요사업 없음,,0,0,,,,현재 공개 주요사업에서는 직접적인 교육 접점이 확인되지 않음. 신규 교육형 사회공헌사업 제안 가능,개별 귀속 여부는 원문 기준,http://www.hyosungheavyindustries.com/,https://www.hyosungheavyindustries.com/kr/sustainability/summary/report,https://csrhub.chest.or.kr/contributors/private/84,2차 선별 외—심층 연락처 우선조사 미실시 | 기본: http://www.hyosungheavyindustries.com/ | 접근: 공식 대표·문의 페이지에서 ESG·사회공헌·대외협력 담당 연결 요청
한국항공우주,69,101,B,"유인 항공기, 항공 우주선 및 보조장치 제조업 기업, 유가증권시장, 경상남도 사천시 소재, 2025년 매출 약 3.7조원, 직원 5,241명.","유인 항공기, 항공 우주선 및 보조장치 제조업",유가증권시장,경상남도 사천시 사남면 공단1로 78 한국항공우주산업,"5,241","36,963.80",305,295.6,346,638.1,78.5,396.2,332.6,4,기초생계지원(1) / 문화정보격차해소(1) / 사회적돌봄강화(1),2024년 *** 지정기탁 <사랑의 김장나눔 행사 지원사업> / 저소득층 청소년의 건강한 성장을 위한 카이축구교실 / 지역아동센터 이용 아동 대상 간식지원사업 “사랑의 빵 나눔”,3,1,33.30%,교육격차·취약계층 / 청소년·청년 교육,저소득층 청소년의 건강한 성장을 위한 카이축구교실,"청소년 학습·진로 프로그램 기획, 학교·지역기관 연계, 참여자 운영 / 교육취약계층 맞춤형 학습지원, 모집·운영 통합관리, 지역 확산",개별 귀속 여부는 원문 기준,http://www.koreaaero.com/,https://www.koreaaero.com/KO/Sustainability/ESGManagementStrategy.aspx,https://csrhub.chest.or.kr/contributors/private/69,기본: KAI 대표 055-851-1000 / https://www.koreaaero.com/ | 접근: 대표전화에서 사회공헌·교육협력·대외협력 담당 연결 요청 | 기업 홈페이지: http://www.koreaaero.com/
삼성중공업,898,102,A,"선박 및 수상 부유 구조물 건조업 기업, 유가증권시장, 경기도 성남시 소재, 2025년 매출 약 10.7조원, 직원 10,589명.",선박 및 수상 부유 구조물 건조업,유가증권시장,경기도 성남시 분당구 판교로227번길 23 삼성중공업 판교R&D센터,"10,589","106,500.10",310,371.3,402,463.3,0,386.7,309.3,4,교육자립지원(6) / 심리정서지원(3) / 보건의료지원(2),미취업 청년들의 취업경쟁력을 높이기 위한 '삼성 청년 SW 아카데미'(SSAFY) / 취약계층 건강 증진을 위한 의료비 지원 사업 '희망진료센터' / 명절맞이 취약계층 및 사회복지시설 물품지원 사업,14,8,57.10%,교육격차·취약계층 / 디지털·AI 교육 / 멘토링·학습관리 / 시니어·중장년 교육 / 진로·취업·자립 / 청소년·청년 교육 / 환경·안전·문화 교육,미취업 청년들의 취업경쟁력을 높이기 위한 '삼성 청년 SW 아카데미'(SSAFY) / 시니어 디지털 역량 강화 및 활용을 위한 「삼성 시니어 디지털 아카데미」 / 삼성전자와 함께하는 자립준비청년 취업지원사업 ‘희망디딤돌 2.0’,"AI·디지털 교육과정 설계, 강사 운영, 프로젝트형 학습·성과관리 / 멘토 모집·교육·매칭, 활동 모니터링, 학습·성과관리 / 시니어·중장년 디지털·생애역량 교육과 지역 거점 운영",동일한 공개 사업 목록이 20개 기업에 공통 표시됨(그룹 사업 가능성),http://www.samsungshi.com/,https://www.samsungshi.com/ESG/Kor/sub5.aspx#sub5_3,https://csrhub.chest.or.kr/contributors/private/898,우선: 삼성 CSR 공식 채널 https://csr.samsung.com/ko/ | 접근: 해당 계열사 대표전화·공식 문의에서 ‘사회공헌/ESG/대외협력 담당’ 연결 요청(공개된 공통 CSR 직통 연락처는 미확인) | 기업 홈페이지: http://www.samsungshi.com/
동서식품,266,103,C,"커피 가공업 기업, 기타법인, 인천광역시 부평구 소재, 2025년 매출 약 1.8조원, 직원 0명.",커피 가공업,기타법인,"인천광역시 부평구 새벌로 55 (청천동, 동서식품)",0,"18,061.20",320.9,330.4,433.2,452.2,18.2,384.2,311,4,보건의료지원(3) / 주거안전지원(2) / 기초생계지원(1),지역사회 주거취약계층 주거환경 및 위생환경 개선을 위한 '온기나눔 이동세탁' 지원사업 / 저소득 노인 구강보건 지원 사업 / 혹서기 폭염으로부터 지역사회 에너지 취약계층의 일상생활 보호를 위한 폭염피해 대응사업 '한여름의 신바람',8,0,0.00%,,,현재 공개 주요사업에서는 직접적인 교육 접점이 확인되지 않음. 신규 교육형 사회공헌사업 제안 가능,개별 귀속 여부는 원문 기준,https://www.dongsuh.co.kr/main,,https://csrhub.chest.or.kr/contributors/private/266,2차 선별 외—심층 연락처 우선조사 미실시 | 기본: https://www.dongsuh.co.kr/main | 접근: 공식 대표·문의 페이지에서 ESG·사회공헌·대외협력 담당 연결 요청
하나생명보험,229,104,A,"생명보험업 기업, 기타법인, 서울특별시 중구 소재, 직원 0명.",생명보험업,기타법인,"서울특별시 중구 을지로 66 (을지로2가, 외환은행본점) 하나생명 12층",0,,495,484.5,214.5,337.4,0.9,382.9,306.5,4,교육자립지원(8) / 기초생계지원(6) / 문화정보격차해소(4),자립·자활을 위한 자산형성지원사업 / K리그 통합축구활성화 및 친환경리그 지원사업 / 해외청소년 한국어 교육 연수지원사업,22,9,40.90%,교육격차·취약계층 / 멘토링·학습관리 / 진로·취업·자립 / 청소년·청년 교육 / 환경·안전·문화 교육,해외청소년 한국어 교육 연수지원사업 / 소외계층 청년세대를 위한 복합문화공간 지원사업 : HANA SHARING / 지역아동센터 아동/청소년의 미래를 위한 환경교육지원사업,"멘토 모집·교육·매칭, 활동 모니터링, 학습·성과관리 / 청년·경력전환자 직무교육·취업지원, 멘토링, 성과관리 / 청소년 학습·진로 프로그램 기획, 학교·지역기관 연계, 참여자 운영",동일한 공개 사업 목록이 14개 기업에 공통 표시됨(그룹 사업 가능성),http://www.hanalife.co.kr/,https://hanafn.com/esg/reporting/reprt.do,https://csrhub.chest.or.kr/contributors/private/229,"우선: 하나금융나눔재단 사업신청·문의 https://hana-nanum.com/?p=43&page=3&viewMode=add | 신청 안내 02-728-4092~5 / 재단 02-729-8934~7 | 접근: 기관회원 가입 후 사업신청, 전화는 접수 절차 확인용 | 기업 홈페이지: http://www.hanalife.co.kr/"
한화생명,57,105,A,"생명보험업 기업, 유가증권시장, 서울특별시 영등포구 소재, 직원 2,794명.",생명보험업,유가증권시장,서울특별시 영등포구 63로 50,"2,794",,25,502,"1,000.00",0,500,381.8,405.4,2,기초생계지원(3) / 문화정보격차해소(3) / 주거안전지원(3),시각장애인을 위한 점자달력 제작 / 아동청소년 문화예술 지원사업 ‘한화청소년오케스트라’ / 아이들의 건강한 교육환경 조성을 위한 초등학교 실내공기질 개선 및 환경 교육 지원사업 '맑은학교' (4차년도),10,4,40.00%,교육격차·취약계층 / 진로·취업·자립 / 청소년·청년 교육 / 환경·안전·문화 교육,아이들의 건강한 교육환경 조성을 위한 초등학교 실내공기질 개선 및 환경 교육 지원사업 '맑은학교' (4차년도) / 취약계층 국가유공자의 문화 격차 해소를 위한 <2025 한화 지속가능한 선상학교> / 자립준비청년의 안정적인 사회정착을 위한 자립정착금 지원사업,"청년·경력전환자 직무교육·취업지원, 멘토링, 성과관리 / 청소년 학습·진로 프로그램 기획, 학교·지역기관 연계, 참여자 운영 / 교육취약계층 맞춤형 학습지원, 모집·운영 통합관리, 지역 확산",개별 귀속 여부는 원문 기준,http://www.hanwhalife.com/,https://www.hanwhalife.com/static/company/main/sustainability/SM_SE00000_P00000.htm,https://csrhub.chest.or.kr/contributors/private/57,우선: 한화그룹 사회공헌 https://www.hanwha.co.kr/sustainability/social/socialcontribution/introduction.do | 문화·예술교육: 한화문화재단 hculture@hanwha.com / https://www.hanwhafoundation.org/notice/location | 접근: 일반 교육사업은 계열사 대표·문의에서 사회공헌 담당 연결 요청 | 기업 홈페이지: http://www.hanwhalife.com/
현대카드,129,106,A,"신용카드 및 할부 금융업 기업, 기타법인, 서울특별시 영등포구 소재, 2025년 매출 약 4.0조원, 직원 2,192명.",신용카드 및 할부 금융업,기타법인,서울특별시 영등포구 의사당대로 3 현대카드빌딩 1관,"2,192","40,077.90",300.3,395.5,385.1,444.6,0,381.4,305.1,4,주거안전지원(16) / 교육자립지원(13) / 보건의료지원(6),아동학대 예방 및 아동보호체계 강화를 위한 통합지원 사업 현대자동차그룹 'i-CARE(아이케어)'- 2차년도 / 전국 사회복지기관 친환경 EV패키지 지원사업 ‘E-share’ / 지역사회복지기관 지원을 통한 사회복지 서비스 역량 강화：지역사회복지 지원사업,50,22,44.00%,교육격차·취약계층 / 디지털·AI 교육 / 멘토링·학습관리 / 시니어·중장년 교육 / 진로·취업·자립 / 청소년·청년 교육 / 환경·안전·문화 교육,지역사회복지기관 지원을 통한 사회복지 서비스 역량 강화：지역사회복지 지원사업 / 취약계층 청소년 및 대학생 인재의 교육기회 불평등 해소를 위한 학습지도 및 멘토링 지원 사업 : H-점프스쿨 / 고령자 교통안전을 위한 교육 및 인식개선 사업 「2024년 교통안전 베테랑 교실」,"AI·디지털 교육과정 설계, 강사 운영, 프로젝트형 학습·성과관리 / 멘토 모집·교육·매칭, 활동 모니터링, 학습·성과관리 / 시니어·중장년 디지털·생애역량 교육과 지역 거점 운영",동일한 공개 사업 목록이 18개 기업에 공통 표시됨(그룹 사업 가능성),http://www.hyundaicard.com/,https://www.hyundaicard.com/about/common/ko/pageView.hc?id=ckeem0101_01,https://csrhub.chest.or.kr/contributors/private/129,"우선: 현대차정몽구재단 02-746-0001 / https://www.hyundai-cmkfoundation.org/ | 보조: 현대자동차 공식 1:1 문의 https://www.hyundai.com/kr/ko/digital-customer-support/helpdesk/ask | 접근: 그룹 공동교육이면 재단, 계열사 단독사업이면 해당사 ESG 담당 연결 요청 | 기업 홈페이지: http://www.hyundaicard.com/"
한화손해보험,59,107,A,"손해보험업 기업, 유가증권시장, 서울특별시 영등포구 소재, 직원 3,715명.",손해보험업,유가증권시장,서울특별시 영등포구 여의대로 56 한화손해보험(주),"3,715",,514.5,500,500,0,500,378.6,402.9,3,문화정보격차해소(3) / 주거안전지원(3) / 기초생계지원(2),시각장애인을 위한 점자달력 제작 / 아동청소년 문화예술 지원사업 ‘한화청소년오케스트라’ / 아이들의 건강한 교육환경 조성을 위한 초등학교 실내공기질 개선 및 환경 교육 지원사업 '맑은학교' (4차년도),9,4,44.40%,교육격차·취약계층 / 진로·취업·자립 / 청소년·청년 교육 / 환경·안전·문화 교육,아이들의 건강한 교육환경 조성을 위한 초등학교 실내공기질 개선 및 환경 교육 지원사업 '맑은학교' (4차년도) / 취약계층 국가유공자의 문화 격차 해소를 위한 <2025 한화 지속가능한 선상학교> / 자립준비청년의 안정적인 사회정착을 위한 자립정착금 지원사업,"청년·경력전환자 직무교육·취업지원, 멘토링, 성과관리 / 청소년 학습·진로 프로그램 기획, 학교·지역기관 연계, 참여자 운영 / 교육취약계층 맞춤형 학습지원, 모집·운영 통합관리, 지역 확산",동일한 공개 사업 목록이 5개 기업에 공통 표시됨(그룹 사업 가능성),http://www.hwgeneralins.com/,https://www.hwgeneralins.com/intro/continue/sustainable_report.do,https://csrhub.chest.or.kr/contributors/private/59,우선: 한화그룹 사회공헌 https://www.hanwha.co.kr/sustainability/social/socialcontribution/introduction.do | 문화·예술교육: 한화문화재단 hculture@hanwha.com / https://www.hanwhafoundation.org/notice/location | 접근: 일반 교육사업은 계열사 대표·문의에서 사회공헌 담당 연결 요청 | 기업 홈페이지: http://www.hwgeneralins.com/
아가방컴퍼니,1213,108,D,"유아용 의류 도매업 기업, 코스닥시장, 서울특별시 강남구 소재, 2025년 매출 약 1,891억원, 직원 122명.",유아용 의류 도매업,코스닥시장,서울특별시 강남구 테헤란로 207 아가방빌딩,122,"1,890.80","1,463.40",40.2,0,9,0,378.2,302.5,1,공개 주요사업 없음,,0,0,,,,현재 공개 주요사업에서는 직접적인 교육 접점이 확인되지 않음. 신규 교육형 사회공헌사업 제안 가능,개별 귀속 여부는 원문 기준,http://www.agabang.com/,,https://csrhub.chest.or.kr/contributors/private/1213,2차 선별 외—심층 연락처 우선조사 미실시 | 기본: http://www.agabang.com/ | 접근: 공식 대표·문의 페이지에서 ESG·사회공헌·대외협력 담당 연결 요청
에이블씨엔씨,1248,109,D,"화장품 제조업 기업, 유가증권시장, 서울특별시 중구 소재, 2025년 매출 약 2,420억원, 직원 155명.",화장품 제조업,유가증권시장,"서울특별시 중구 남대문로 78 7층(명동1가, 타임워크명동빌딩)",155,"2,420.00",375.3,0,669.9,441.5,62,371.7,309.7,3,공개 주요사업 없음,,0,0,,,,현재 공개 주요사업에서는 직접적인 교육 접점이 확인되지 않음. 신규 교육형 사회공헌사업 제안 가능,개별 귀속 여부는 원문 기준,http://www.able-cnc.com/,,https://csrhub.chest.or.kr/contributors/private/1248,2차 선별 외—심층 연락처 우선조사 미실시 | 기본: http://www.able-cnc.com/ | 접근: 공식 대표·문의 페이지에서 ESG·사회공헌·대외협력 담당 연결 요청
SK인천석유화학,413,110,D,"원유 정제처리업 기업, 기타법인, 인천광역시 서구 소재, 2025년 매출 약 9.4조원, 직원 614명.",원유 정제처리업,기타법인,인천광역시 서구 봉수대로 415 (원창동),614,"93,819.60",361.7,347.2,368.5,397.3,77.4,368.7,310.4,4,공개 주요사업 없음,,0,0,,,,현재 공개 주요사업에서는 직접적인 교육 접점이 확인되지 않음. 신규 교육형 사회공헌사업 제안 가능,개별 귀속 여부는 원문 기준,http://www.skincheonpetrochem.com/,https://www.skincheonpetrochem.com/sustainability,https://csrhub.chest.or.kr/contributors/private/413,2차 선별 외—심층 연락처 우선조사 미실시 | 기본: http://www.skincheonpetrochem.com/ | 접근: 공식 대표·문의 페이지에서 ESG·사회공헌·대외협력 담당 연결 요청
경동제약,267,111,A,"의약품 제조업 기업, 코스닥시장, 경기도 화성시 소재, 2025년 매출 약 1,963억원, 직원 363명.",의약품 제조업,코스닥시장,경기도 화성시 양감면 제약단지로 224-3,363,"1,962.70",670,269.4,260.6,255.3,0,363.8,291.1,4,교육자립지원(1) / 보건의료지원(1) / 심리정서지원(1),성균관대학교 천원의 아침밥 지원사업' / 어르신의 삶의 질 향상을 위한 환경개선사업 / '어르신들의 삶의 질 향상'을 위한 낙상 예방 전동침대 교체사업,4,2,50.00%,청소년·청년 교육,성균관대학교 천원의 아침밥 지원사업' / ****과 함께하는 유초등부 여름캠프,"청소년 학습·진로 프로그램 기획, 학교·지역기관 연계, 참여자 운영",개별 귀속 여부는 원문 기준,http://www.kdpharma.co.kr/,,https://csrhub.chest.or.kr/contributors/private/267,기본: 02-576-6121~5 / https://www.kdpharma.co.kr/ | 접근: 대표전화에서 사회공헌·홍보·대외협력 담당 연결 요청 | 기업 홈페이지: http://www.kdpharma.co.kr/
두산에너빌리티,45,112,B,"기타 기관 및 터빈 제조업 기업, 유가증권시장, 경상남도 창원시 소재, 2025년 매출 약 17.1조원, 직원 6,233명.",기타 기관 및 터빈 제조업,유가증권시장,경상남도 창원시 성산구 두산볼보로 22 두산중공업 주식회사,"6,233","170,578.80",203.5,217.4,370.1,647.9,63.3,359.7,300.4,4,보건의료지원(3) / 교육자립지원(1),당신의 네잎클로버: 포괄적인 의료서비스를 위한 치료비 지원사업 / 베트남 의료지원사업(의료봉사·장비지원) / 공연예술분야 진로를 희망하는 청년 대상 예비예술가 양성 프로그램 ‘두산아트스쿨’,4,1,25.00%,진로·취업·자립 / 청소년·청년 교육 / 환경·안전·문화 교육,공연예술분야 진로를 희망하는 청년 대상 예비예술가 양성 프로그램 ‘두산아트스쿨’,"청년·경력전환자 직무교육·취업지원, 멘토링, 성과관리 / 청소년 학습·진로 프로그램 기획, 학교·지역기관 연계, 참여자 운영 / 주제형 교육 콘텐츠 개발, 강사·체험 운영, 성과측정",동일한 공개 사업 목록이 5개 기업에 공통 표시됨(그룹 사업 가능성),https://www.doosanenerbility.com/kr,https://www.doosanenerbility.com/kr/management/overview_result,https://csrhub.chest.or.kr/contributors/private/45,2차 선별 외—심층 연락처 우선조사 미실시 | 기본: https://www.doosanenerbility.com/kr | 접근: 공식 대표·문의 페이지에서 ESG·사회공헌·대외협력 담당 연결 요청
SK에너지,147,113,D,"원유 정제처리업 기업, 기타법인, 서울특별시 종로구 소재, 2025년 매출 약 39.3조원, 직원 2,383명.",원유 정제처리업,기타법인,서울특별시 종로구 종로 26 SK에너지,"2,383","392,880.70",285.8,672,307,148.1,142.2,353.2,311,4,공개 주요사업 없음,,0,0,,,,현재 공개 주요사업에서는 직접적인 교육 접점이 확인되지 않음. 신규 교육형 사회공헌사업 제안 가능,개별 귀속 여부는 원문 기준,http://www.skenergy.com/,https://www.skenergy.com/esg/report,https://csrhub.chest.or.kr/contributors/private/147,2차 선별 외—심층 연락처 우선조사 미실시 | 기본: http://www.skenergy.com/ | 접근: 공식 대표·문의 페이지에서 ESG·사회공헌·대외협력 담당 연결 요청
에스원,100,114,A,"보안 시스템 서비스업 기업, 유가증권시장, 서울 중구 소재, 2025년 매출 약 2.9조원, 직원 14,088명.",보안 시스템 서비스업,유가증권시장,서울 중구 순화동 168 에스원빌딩 17층 총무팀,"14,088","28,894.10",0,653,363,391,0,351.8,281.4,3,교육자립지원(6) / 심리정서지원(3) / 보건의료지원(2),미취업 청년들의 취업경쟁력을 높이기 위한 '삼성 청년 SW 아카데미'(SSAFY) / 취약계층 건강 증진을 위한 의료비 지원 사업 '희망진료센터' / 명절맞이 취약계층 및 사회복지시설 물품지원 사업,14,8,57.10%,교육격차·취약계층 / 디지털·AI 교육 / 멘토링·학습관리 / 시니어·중장년 교육 / 진로·취업·자립 / 청소년·청년 교육 / 환경·안전·문화 교육,미취업 청년들의 취업경쟁력을 높이기 위한 '삼성 청년 SW 아카데미'(SSAFY) / 시니어 디지털 역량 강화 및 활용을 위한 「삼성 시니어 디지털 아카데미」 / 삼성전자와 함께하는 자립준비청년 취업지원사업 ‘희망디딤돌 2.0’,"AI·디지털 교육과정 설계, 강사 운영, 프로젝트형 학습·성과관리 / 멘토 모집·교육·매칭, 활동 모니터링, 학습·성과관리 / 시니어·중장년 디지털·생애역량 교육과 지역 거점 운영",동일한 공개 사업 목록이 20개 기업에 공통 표시됨(그룹 사업 가능성),http://www.s1.co.kr/,https://www.s1.co.kr/company/esg-management/insight-report,https://csrhub.chest.or.kr/contributors/private/100,우선: 삼성 CSR 공식 채널 https://csr.samsung.com/ko/ | 접근: 해당 계열사 대표전화·공식 문의에서 ‘사회공헌/ESG/대외협력 담당’ 연결 요청(공개된 공통 CSR 직통 연락처는 미확인) | 기업 홈페이지: http://www.s1.co.kr/
롯데렌탈,102,115,A,"자동차 임대업 기업, 유가증권시장, 경기도 안양시 소재, 2025년 매출 약 2.9조원, 직원 1,326명.",자동차 임대업,유가증권시장,"경기도 안양시 동안구 전파로 88, 8층","1,326","29,187.50",400,500,500,0,0,350,280,3,주거안전지원(2) / 교육자립지원(1) / 문화정보격차해소(1),아동 놀이 환경 개선을 위한 놀이공간 조성 사업: mom편한 놀이터 / 저소득층 아동의 전인적 성장을 위한 지역아동센터 환경개선 및 역량강화 사업 : 'mom편한꿈다락' / 문화소외계층 군인들의 문화 공간 지원을 위한 병영도서관 '청춘책방',5,3,60.00%,교육격차·취약계층 / 진로·취업·자립 / 청소년·청년 교육 / 환경·안전·문화 교육,"저소득층 아동의 전인적 성장을 위한 지역아동센터 환경개선 및 역량강화 사업 : 'mom편한꿈다락' / 문화소외계층 군인들의 문화 공간 지원을 위한 병영도서관 '청춘책방' / 사회문제 해결을 위한 ESG 기반 대학생 봉사활동 지원사업 ""밸유 for ESG""","청년·경력전환자 직무교육·취업지원, 멘토링, 성과관리 / 청소년 학습·진로 프로그램 기획, 학교·지역기관 연계, 참여자 운영 / 교육취약계층 맞춤형 학습지원, 모집·운영 통합관리, 지역 확산",동일한 공개 사업 목록이 17개 기업에 공통 표시됨(그룹 사업 가능성),http://www.lotterental.com/,https://www.lotterental.com/homepage/html/web/sustainability/LPS01001.html,https://csrhub.chest.or.kr/contributors/private/102,"우선: 롯데재단 이메일 scholarship@lotte.net / https://www.lottefoundation.or.kr/ | 접근: 청소년·교육·장학형은 재단 메일, 유통·지역사업은 해당 계열사 사회공헌 담당 연결 요청 | 기업 홈페이지: http://www.lotterental.com/"
포스코DX,112,115,A,"기타 엔지니어링 서비스업 기업, 유가증권시장, 경상북도 포항시 소재, 2025년 매출 약 1.1조원, 직원 2,103명.",기타 엔지니어링 서비스업,유가증권시장,경상북도 포항시 남구 호동로 68,"2,103","10,751.80",200,500,300,400,0,350,280,4,주거안전지원(4) / 교육자립지원(1),AI기반 ESG 생물다양성 보호 활동 『Biodiversity Tech Savers』 / 저소득 주거취약계층의 안전하고 위생적인 생활공간 조성을 위한 그린리모델링 주거환경개선사업 고쳐줘!홈즈 / 복지사각지대 주거환경개선 무지개빛 지원사업,5,2,40.00%,교육격차·취약계층 / 디지털·AI 교육 / 진로·취업·자립 / 환경·안전·문화 교육,"AI기반 ESG 생물다양성 보호 활동 『Biodiversity Tech Savers』 / 장애인 유튜브크리에이터 양성과정을 통한 사회문제해결(일자리 창출,환경)프로잭트『꿈을 Green 다!』","AI·디지털 교육과정 설계, 강사 운영, 프로젝트형 학습·성과관리 / 청년·경력전환자 직무교육·취업지원, 멘토링, 성과관리 / 교육취약계층 맞춤형 학습지원, 모집·운영 통합관리, 지역 확산",개별 귀속 여부는 원문 기준,http://www.poscodx.com/kor/,https://www.poscodx.com/kor/esg/report,https://csrhub.chest.or.kr/contributors/private/112,우선: 포스코1%나눔재단 02-3457-1002 / nanum@poscofoundation.org / https://www.poscofoundation.org/front/consortium/location.do | 접근: 재단 메일·전화로 교육사업 제안 후 사업 귀속 계열사 확인 | 기업 홈페이지: http://www.poscodx.com/kor/
호텔롯데,168,117,A,"호텔업 기업, 기타법인, 서울특별시 중구 소재, 2025년 매출 약 4.7조원, 직원 9,252명.",호텔업,기타법인,서울특별시 중구 을지로 30,"9,252","47,262.10",40.2,253.5,546.4,509.6,721,337.4,414.1,3,주거안전지원(2) / 교육자립지원(1) / 문화정보격차해소(1),아동 놀이 환경 개선을 위한 놀이공간 조성 사업: mom편한 놀이터 / 저소득층 아동의 전인적 성장을 위한 지역아동센터 환경개선 및 역량강화 사업 : 'mom편한꿈다락' / 문화소외계층 군인들의 문화 공간 지원을 위한 병영도서관 '청춘책방',5,3,60.00%,교육격차·취약계층 / 진로·취업·자립 / 청소년·청년 교육 / 환경·안전·문화 교육,"저소득층 아동의 전인적 성장을 위한 지역아동센터 환경개선 및 역량강화 사업 : 'mom편한꿈다락' / 문화소외계층 군인들의 문화 공간 지원을 위한 병영도서관 '청춘책방' / 사회문제 해결을 위한 ESG 기반 대학생 봉사활동 지원사업 ""밸유 for ESG""","청년·경력전환자 직무교육·취업지원, 멘토링, 성과관리 / 청소년 학습·진로 프로그램 기획, 학교·지역기관 연계, 참여자 운영 / 교육취약계층 맞춤형 학습지원, 모집·운영 통합관리, 지역 확산",동일한 공개 사업 목록이 17개 기업에 공통 표시됨(그룹 사업 가능성),http://www.hotellotte.com/,https://www.hotellotte.com/ko/esg/archive/reports,https://csrhub.chest.or.kr/contributors/private/168,"우선: 롯데재단 이메일 scholarship@lotte.net / https://www.lottefoundation.or.kr/ | 접근: 청소년·교육·장학형은 재단 메일, 유통·지역사업은 해당 계열사 사회공헌 담당 연결 요청 | 기업 홈페이지: http://www.hotellotte.com/"
메리츠화재해상보험,844,118,D,"손해보험업 기업, 기타법인, 서울특별시 강남구 소재.",손해보험업,기타법인,서울특별시 강남구 강남대로 382 메리츠타워,,,350.3,400,390,200,0,335.1,268.1,4,공개 주요사업 없음,,0,0,,,,현재 공개 주요사업에서는 직접적인 교육 접점이 확인되지 않음. 신규 교육형 사회공헌사업 제안 가능,개별 귀속 여부는 원문 기준,http://www.meritzfire.com/,,https://csrhub.chest.or.kr/contributors/private/844,2차 선별 외—심층 연락처 우선조사 미실시 | 기본: http://www.meritzfire.com/ | 접근: 공식 대표·문의 페이지에서 ESG·사회공헌·대외협력 담당 연결 요청
HD건설기계,101,119,A,"건설 및 채광용 기계장비 제조업 기업, 유가증권시장, 경기도 성남시 소재, 2025년 매출 약 3.8조원, 직원 2,246명.",건설 및 채광용 기계장비 제조업,유가증권시장,"경기도 성남시 분당구 분당수서로 477 11층(정자동, HD현대그룹 글로벌 R&D센터)","2,246","37,765.20",34,511.2,469.4,315.9,0,332.6,266.1,3,주거안전지원(9) / 교육자립지원(2) / 기초생계지원(1),"HD현대인프라코어와 월드비전 이 함께하는 아동 꿈. 찾기 프로젝트 ""Dream School"" / 노인여가복지시설 및 대한노인회 난방비 지원사업 / 취약계층 어르신 건강한 여름나기 지원사업",14,4,28.60%,디지털·AI 교육 / 시니어·중장년 교육 / 청소년·청년 교육 / 환경·안전·문화 교육,"HD현대인프라코어와 월드비전 이 함께하는 아동 꿈. 찾기 프로젝트 ""Dream School"" / 어르신 쉼터 및 무료경로식당 환경개선 기능보강사업 / 노인 정보화교실 환경 개선사업","AI·디지털 교육과정 설계, 강사 운영, 프로젝트형 학습·성과관리 / 시니어·중장년 디지털·생애역량 교육과 지역 거점 운영 / 청소년 학습·진로 프로그램 기획, 학교·지역기관 연계, 참여자 운영",개별 귀속 여부는 원문 기준,http://www.hd-hyundaice.com/,https://www.hd-hyundaice.com/ko/esg/report/list,https://csrhub.chest.or.kr/contributors/private/101,2차 선별 외—심층 연락처 우선조사 미실시 | 기본: http://www.hd-hyundaice.com/ | 접근: 공식 대표·문의 페이지에서 ESG·사회공헌·대외협력 담당 연결 요청
현대오토에버,443,120,B,"소프트웨어 개발 및 공급업 기업, 유가증권시장, 서울특별시 강남구 소재, 2025년 매출 약 4.3조원, 직원 5,753명.",소프트웨어 개발 및 공급업,유가증권시장,서울특별시 강남구 테헤란로 510 루첸타워,"5,753","42,520.70",280.2,297.5,301.3,445.7,470,331.2,359,4,교육자립지원(1),사회취약계층(장애인 등)을 위한 앱 개발 콘테스트: BF(배리어프리) 앱개발 콘테스트,1,1,100.00%,교육격차·취약계층,사회취약계층(장애인 등)을 위한 앱 개발 콘테스트: BF(배리어프리) 앱개발 콘테스트,"교육취약계층 맞춤형 학습지원, 모집·운영 통합관리, 지역 확산",개별 귀속 여부는 원문 기준,http://www.hyundai-autoever.com/,https://www.hyundai-autoever.com/kor/sustainable-management/esg/contents.do?cntnSeq=424,https://csrhub.chest.or.kr/contributors/private/443,"우선: 현대차정몽구재단 02-746-0001 / https://www.hyundai-cmkfoundation.org/ | 보조: 현대자동차 공식 1:1 문의 https://www.hyundai.com/kr/ko/digital-customer-support/helpdesk/ask | 접근: 그룹 공동교육이면 재단, 계열사 단독사업이면 해당사 ESG 담당 연결 요청 | 기업 홈페이지: http://www.hyundai-autoever.com/"
케이티앤지,71,121,B,"담배제품 제조업 기업, 유가증권시장, 대전광역시 대덕구 소재, 2025년 매출 약 6.6조원, 직원 4,331명.",담배제품 제조업,유가증권시장,대전광역시 대덕구 벚꽃길 71 주식회사 케이티앤지,"4,331","65,797.10",420,385,456.9,60,0,330.5,264.4,3,교육자립지원(1) / 사회적돌봄강화(1),"여성폭력피해자 일상회복지원 배분사업(""일상으로의 초대"") / 전주시 내 대학생 장학금 지원을 통한 인재양성프로그램 ""은혜나눔장학금지원사업""",2,1,50.00%,진로·취업·자립 / 청소년·청년 교육,"전주시 내 대학생 장학금 지원을 통한 인재양성프로그램 ""은혜나눔장학금지원사업""","청년·경력전환자 직무교육·취업지원, 멘토링, 성과관리 / 청소년 학습·진로 프로그램 기획, 학교·지역기관 연계, 참여자 운영",개별 귀속 여부는 원문 기준,http://www.ktng.com/,https://www.ktng.com/ktngReport?cmsCd=CM0017,https://csrhub.chest.or.kr/contributors/private/71,우선: KT&G복지재단 02-563-4459 / https://www.ktngwelfare.org/ | 교육·장학형 보조: KT&G장학재단 온라인 문의 https://scholarship.ktngtogether.com/bbsctt/list.do?key=2309040013 | 접근: 대상이 복지기관·교육취약계층이면 복지재단부터 문의 | 기업 홈페이지: http://www.ktng.com/
경화상사,447,122,D,"기타 산업용 기계 및 장비 도매업 기업, 기타법인, 부산광역시 사상구 소재, 직원 0명.",기타 산업용 기계 및 장비 도매업,기타법인,부산광역시 사상구 가야대로12번길 30 (감전동) (주)경화상사 신사옥,0,,324,324,324,324,52.5,324,269.7,4,공개 주요사업 없음,,0,0,,,,현재 공개 주요사업에서는 직접적인 교육 접점이 확인되지 않음. 신규 교육형 사회공헌사업 제안 가능,개별 귀속 여부는 원문 기준,http://www.gagemall.com/,https://kyung-hwa.co.kr/kr/Promote/csr.php,https://csrhub.chest.or.kr/contributors/private/447,2차 선별 외—심층 연락처 우선조사 미실시 | 기본: http://www.gagemall.com/ | 접근: 공식 대표·문의 페이지에서 ESG·사회공헌·대외협력 담당 연결 요청
삼천리,67,123,B,"연료용 가스 제조 및 배관공급업 기업, 유가증권시장, 서울특별시 영등포구 소재, 2025년 매출 약 5.3조원, 직원 881명.",연료용 가스 제조 및 배관공급업,유가증권시장,"서울특별시 영등포구 국제금융로6길 42 (여의도동, 삼천리빌딩)",881,"52,754.60",0,400,106.9,769.4,0,319.1,255.3,3,교육자립지원(1) / 사회적돌봄강화(1) / 주거안전지원(1),"저출산 극복을 위한 대국민 육아 인식개선 캠페인 '우리아이, 우리미래, 가을나들이' / 국가유공자 취약계층 이용 복지회관 교육환경개선을 위한 강당 리모델링 사업 / 상이군경복지회관 휴게공간, 다목적실 리모델링 및 물품 지원사업",3,1,33.30%,교육격차·취약계층 / 시니어·중장년 교육 / 환경·안전·문화 교육,국가유공자 취약계층 이용 복지회관 교육환경개선을 위한 강당 리모델링 사업,"시니어·중장년 디지털·생애역량 교육과 지역 거점 운영 / 교육취약계층 맞춤형 학습지원, 모집·운영 통합관리, 지역 확산 / 주제형 교육 콘텐츠 개발, 강사·체험 운영, 성과측정",동일한 공개 사업 목록이 4개 기업에 공통 표시됨(그룹 사업 가능성),http://www.samchully.co.kr/,https://www.samchully.co.kr/invest/pds/annualReport.do,https://csrhub.chest.or.kr/contributors/private/67,기본: 02-368-3300 / https://www.samchully.co.kr/ | 접근: 대표전화에서 사회공헌·지속가능경영 담당 연결 요청 | 기업 홈페이지: http://www.samchully.co.kr/
네오플,345,124,A,"게임 소프트웨어 개발 및 공급업 기업, 기타법인, 제주특별자치도 제주시 소재, 2025년 매출 약 1.1조원, 직원 0명.",게임 소프트웨어 개발 및 공급업,기타법인,제주특별자치도 제주시 1100로 3198-13 (노형동) 네오마루,0,"10,726.70",264,378,458,150,0,312.5,250,4,기초생계지원(9) / 교육자립지원(2) / 주거안전지원(2),저소득 조손가정 위탁아동 지원사업 / 제주시 결식우려아동 지원을 위한 튼튼새싹 반찬더하기 프로젝트 / 장애아동 교육환경 조성사업,14,3,21.40%,교육격차·취약계층 / 일반 교육·역량강화 / 청소년·청년 교육 / 환경·안전·문화 교육,장애아동 교육환경 조성사업 / 2022년 물품지정기탁사업 / 청각장애아동 수어교육을 위한 시각중심의 교육환경 구성,"청소년 학습·진로 프로그램 기획, 학교·지역기관 연계, 참여자 운영 / 교육취약계층 맞춤형 학습지원, 모집·운영 통합관리, 지역 확산 / 주제형 교육 콘텐츠 개발, 강사·체험 운영, 성과측정",개별 귀속 여부는 원문 기준,http://neople.co.kr/,,https://csrhub.chest.or.kr/contributors/private/345,2차 선별 외—심층 연락처 우선조사 미실시 | 기본: http://neople.co.kr/ | 접근: 공식 대표·문의 페이지에서 ESG·사회공헌·대외협력 담당 연결 요청
주식회사 프레시지,1541,125,D,"업종 미공개 기업, 경기도 소재, 직원 0명.",미공개,미공개,경기도,0,,3.2,840.9,128.5,275.5,97.8,312,269.2,3,공개 주요사업 없음,,0,0,,,,현재 공개 주요사업에서는 직접적인 교육 접점이 확인되지 않음. 신규 교육형 사회공헌사업 제안 가능,개별 귀속 여부는 원문 기준,,,https://csrhub.chest.or.kr/contributors/private/1541,2차 선별 외—심층 연락처 우선조사 미실시 | 기본: 공식 홈페이지 미확인 | 접근: 공식 대표·문의 페이지에서 ESG·사회공헌·대외협력 담당 연결 요청
롯데글로벌로지스,170,126,A,"그 외 기타 운송관련 서비스업 기업, 기타법인, 서울특별시 중구 소재, 2025년 매출 약 3.4조원, 직원 2,252명.",그 외 기타 운송관련 서비스업,기타법인,"서울특별시 중구 통일로 10 (남대문로5가, 연세세브란스빌딩)","2,252","34,015.00",220.9,300.5,300.5,400,400,305.5,324.4,4,주거안전지원(2) / 교육자립지원(1) / 문화정보격차해소(1),아동 놀이 환경 개선을 위한 놀이공간 조성 사업: mom편한 놀이터 / 저소득층 아동의 전인적 성장을 위한 지역아동센터 환경개선 및 역량강화 사업 : 'mom편한꿈다락' / 문화소외계층 군인들의 문화 공간 지원을 위한 병영도서관 '청춘책방',5,3,60.00%,교육격차·취약계층 / 진로·취업·자립 / 청소년·청년 교육 / 환경·안전·문화 교육,"저소득층 아동의 전인적 성장을 위한 지역아동센터 환경개선 및 역량강화 사업 : 'mom편한꿈다락' / 문화소외계층 군인들의 문화 공간 지원을 위한 병영도서관 '청춘책방' / 사회문제 해결을 위한 ESG 기반 대학생 봉사활동 지원사업 ""밸유 for ESG""","청년·경력전환자 직무교육·취업지원, 멘토링, 성과관리 / 청소년 학습·진로 프로그램 기획, 학교·지역기관 연계, 참여자 운영 / 교육취약계층 맞춤형 학습지원, 모집·운영 통합관리, 지역 확산",동일한 공개 사업 목록이 17개 기업에 공통 표시됨(그룹 사업 가능성),https://www.lotteglogis.com/,https://www.lotteglogis.com/home/csm/sustainability/report,https://csrhub.chest.or.kr/contributors/private/170,"우선: 롯데재단 이메일 scholarship@lotte.net / https://www.lottefoundation.or.kr/ | 접근: 청소년·교육·장학형은 재단 메일, 유통·지역사업은 해당 계열사 사회공헌 담당 연결 요청 | 기업 홈페이지: https://www.lotteglogis.com/"
아이엠뱅크,472,127,D,"국내은행 기업, 기타법인, 대구광역시 수성구 소재, 직원 3,181명.",국내은행,기타법인,대구광역시 수성구 달구벌대로 2310 (수성동2가),"3,181",,338.7,214.3,413.3,243.5,45.7,302.5,251.1,4,공개 주요사업 없음,,0,0,,,,현재 공개 주요사업에서는 직접적인 교육 접점이 확인되지 않음. 신규 교육형 사회공헌사업 제안 가능,개별 귀속 여부는 원문 기준,http://www.imbank.co.kr/,https://www.imbank.co.kr/cms/dev/cgr/ebz_crg_evm08.html,https://csrhub.chest.or.kr/contributors/private/472,2차 선별 외—심층 연락처 우선조사 미실시 | 기본: http://www.imbank.co.kr/ | 접근: 공식 대표·문의 페이지에서 ESG·사회공헌·대외협력 담당 연결 요청
IPARK현대산업개발,64,128,B,"건물 건설업 기업, 유가증권시장, 서울특별시 용산구 소재, 2025년 매출 약 4.1조원, 직원 1,788명.",건물 건설업,유가증권시장,서울특별시 용산구 한강대로23길 55 현대아이파크몰 9층,"1,788","41,470.10",351.7,88.8,87.2,674.3,0,300.5,240.4,4,교육자립지원(1) / 기초생계지원(1) / 보건의료지원(1),"HD현대인프라코어와 월드비전 이 함께하는 아동 꿈. 찾기 프로젝트 ""Dream School"" / 노인여가복지시설 및 대한노인회 난방비 지원사업 / 취약계층 어르신 건강한 여름나기 지원사업",5,1,20.00%,청소년·청년 교육,"HD현대인프라코어와 월드비전 이 함께하는 아동 꿈. 찾기 프로젝트 ""Dream School""","청소년 학습·진로 프로그램 기획, 학교·지역기관 연계, 참여자 운영",동일한 공개 사업 목록이 4개 기업에 공통 표시됨(그룹 사업 가능성),http://www.ipark-dvp.com/,https://www.hdc-dvp.com/sustainability/esg.do,https://csrhub.chest.or.kr/contributors/private/64,2차 선별 외—심층 연락처 우선조사 미실시 | 기본: http://www.ipark-dvp.com/ | 접근: 공식 대표·문의 페이지에서 ESG·사회공헌·대외협력 담당 연결 요청
아이엠유페이,328,129,D,"그 외 기타 분류 안된 금융업 기업, 기타법인, 대구광역시 수성구 소재, 2025년 매출 약 246억원, 직원 0명.",그 외 기타 분류 안된 금융업,기타법인,대구광역시 수성구 달구벌대로 2503 (범어동),0,245.9,270.9,234.9,291.9,402.8,0,300.1,240.1,4,공개 주요사업 없음,,0,0,,,,현재 공개 주요사업에서는 직접적인 교육 접점이 확인되지 않음. 신규 교육형 사회공헌사업 제안 가능,개별 귀속 여부는 원문 기준,http://www.dgbupay.com/,https://www.imfngroup.com/em0401.fg,https://csrhub.chest.or.kr/contributors/private/328,2차 선별 외—심층 연락처 우선조사 미실시 | 기본: http://www.dgbupay.com/ | 접근: 공식 대표·문의 페이지에서 ESG·사회공헌·대외협력 담당 연결 요청
롯데캐피탈,176,130,A,"신용카드 및 할부 금융업 기업, 기타법인, 서울특별시 강남구 소재, 직원 441명.",신용카드 및 할부 금융업,기타법인,"서울특별시 강남구 테헤란로 142 (역삼동, 캐피탈타워) 7층",441,,300,300,300,300,300,300,300,4,주거안전지원(2) / 교육자립지원(1) / 문화정보격차해소(1),아동 놀이 환경 개선을 위한 놀이공간 조성 사업: mom편한 놀이터 / 저소득층 아동의 전인적 성장을 위한 지역아동센터 환경개선 및 역량강화 사업 : 'mom편한꿈다락' / 문화소외계층 군인들의 문화 공간 지원을 위한 병영도서관 '청춘책방',5,3,60.00%,교육격차·취약계층 / 진로·취업·자립 / 청소년·청년 교육 / 환경·안전·문화 교육,"저소득층 아동의 전인적 성장을 위한 지역아동센터 환경개선 및 역량강화 사업 : 'mom편한꿈다락' / 문화소외계층 군인들의 문화 공간 지원을 위한 병영도서관 '청춘책방' / 사회문제 해결을 위한 ESG 기반 대학생 봉사활동 지원사업 ""밸유 for ESG""","청년·경력전환자 직무교육·취업지원, 멘토링, 성과관리 / 청소년 학습·진로 프로그램 기획, 학교·지역기관 연계, 참여자 운영 / 교육취약계층 맞춤형 학습지원, 모집·운영 통합관리, 지역 확산",동일한 공개 사업 목록이 17개 기업에 공통 표시됨(그룹 사업 가능성),http://www.lottecap.com/,https://www.lottecap.com/ci/ep/CIEP00300,https://csrhub.chest.or.kr/contributors/private/176,"우선: 롯데재단 이메일 scholarship@lotte.net / https://www.lottefoundation.or.kr/ | 접근: 청소년·교육·장학형은 재단 메일, 유통·지역사업은 해당 계열사 사회공헌 담당 연결 요청 | 기업 홈페이지: http://www.lottecap.com/"
하나손해보험,230,131,A,"손해보험업 기업, 기타법인, 서울특별시 종로구 소재, 직원 0명.",손해보험업,기타법인,"서울특별시 종로구 창경궁로 117 (인의동, 하나손해보험빌딩)",0,,393,294,204,283,0.8,293.5,235,4,교육자립지원(8) / 기초생계지원(6) / 문화정보격차해소(4),자립·자활을 위한 자산형성지원사업 / K리그 통합축구활성화 및 친환경리그 지원사업 / 해외청소년 한국어 교육 연수지원사업,22,9,40.90%,교육격차·취약계층 / 멘토링·학습관리 / 진로·취업·자립 / 청소년·청년 교육 / 환경·안전·문화 교육,해외청소년 한국어 교육 연수지원사업 / 소외계층 청년세대를 위한 복합문화공간 지원사업 : HANA SHARING / 지역아동센터 아동/청소년의 미래를 위한 환경교육지원사업,"멘토 모집·교육·매칭, 활동 모니터링, 학습·성과관리 / 청년·경력전환자 직무교육·취업지원, 멘토링, 성과관리 / 청소년 학습·진로 프로그램 기획, 학교·지역기관 연계, 참여자 운영",동일한 공개 사업 목록이 14개 기업에 공통 표시됨(그룹 사업 가능성),http://www.educar.co.kr/,https://hanafn.com/esg/reporting/reprt.do,https://csrhub.chest.or.kr/contributors/private/230,"우선: 하나금융나눔재단 사업신청·문의 https://hana-nanum.com/?p=43&page=3&viewMode=add | 신청 안내 02-728-4092~5 / 재단 02-729-8934~7 | 접근: 기관회원 가입 후 사업신청, 전화는 접수 절차 확인용 | 기업 홈페이지: http://www.educar.co.kr/"
리만코리아,327,132,D,"화장품 제조업 기업, 기타법인, 대구광역시 동구 소재, 직원 0명.",화장품 제조업,기타법인,"대구광역시 동구 동대구로 503 2,3층 (신천동)",0,,367.8,216.9,303.1,283.2,78.3,292.8,249.9,4,공개 주요사업 없음,,0,0,,,,현재 공개 주요사업에서는 직접적인 교육 접점이 확인되지 않음. 신규 교육형 사회공헌사업 제안 가능,개별 귀속 여부는 원문 기준,http://riman.co.kr/,,https://csrhub.chest.or.kr/contributors/private/327,2차 선별 외—심층 연락처 우선조사 미실시 | 기본: http://riman.co.kr/ | 접근: 공식 대표·문의 페이지에서 ESG·사회공헌·대외협력 담당 연결 요청
효성티앤씨,61,133,D,"화학섬유 제조업 기업, 유가증권시장, 서울특별시 마포구 소재, 2025년 매출 약 7.7조원, 직원 2,532명.",화학섬유 제조업,유가증권시장,서울특별시 마포구 마포대로 119,"2,532","76,948.40",313.8,256.3,253.6,313.1,0,284.2,227.4,4,공개 주요사업 없음,,0,0,,,,현재 공개 주요사업에서는 직접적인 교육 접점이 확인되지 않음. 신규 교육형 사회공헌사업 제안 가능,개별 귀속 여부는 원문 기준,http://www.hyosungtnc.com/,https://www.hyosungtnc.com/kr/sustainability/overview/report,https://csrhub.chest.or.kr/contributors/private/61,2차 선별 외—심층 연락처 우선조사 미실시 | 기본: http://www.hyosungtnc.com/ | 접근: 공식 대표·문의 페이지에서 ESG·사회공헌·대외협력 담당 연결 요청
에스디바이오센서,1462,134,D,"전기식 진단 및 요법 기기 제조업 기업, 유가증권시장, 경기도 수원시 소재, 2025년 매출 약 7,106억원, 직원 656명.",전기식 진단 및 요법 기기 제조업,유가증권시장,"경기도 수원시 영통구 덕영대로1556번길 16 씨동 4층, 5층",656,"7,105.80",865.5,241.2,2,0,150.7,277.2,251.9,2,공개 주요사업 없음,,0,0,,,,현재 공개 주요사업에서는 직접적인 교육 접점이 확인되지 않음. 신규 교육형 사회공헌사업 제안 가능,개별 귀속 여부는 원문 기준,http://sdbiosensor.co.kr/,,https://csrhub.chest.or.kr/contributors/private/1462,2차 선별 외—심층 연락처 우선조사 미실시 | 기본: http://sdbiosensor.co.kr/ | 접근: 공식 대표·문의 페이지에서 ESG·사회공헌·대외협력 담당 연결 요청
한화,43,135,A,"화약 및 불꽃제품 제조업 기업, 유가증권시장, 서울특별시 중구 소재, 2025년 매출 약 74.8조원, 직원 3,264명.",화약 및 불꽃제품 제조업,유가증권시장,서울특별시 중구 청계천로 86 24층,"3,264","747,854.40",48.8,44.1,500.7,508,500,275.4,320.3,2,문화정보격차해소(3) / 주거안전지원(3) / 기초생계지원(2),시각장애인을 위한 점자달력 제작 / 아동청소년 문화예술 지원사업 ‘한화청소년오케스트라’ / 아이들의 건강한 교육환경 조성을 위한 초등학교 실내공기질 개선 및 환경 교육 지원사업 '맑은학교' (4차년도),9,4,44.40%,교육격차·취약계층 / 진로·취업·자립 / 청소년·청년 교육 / 환경·안전·문화 교육,아이들의 건강한 교육환경 조성을 위한 초등학교 실내공기질 개선 및 환경 교육 지원사업 '맑은학교' (4차년도) / 취약계층 국가유공자의 문화 격차 해소를 위한 <2025 한화 지속가능한 선상학교> / 자립준비청년의 안정적인 사회정착을 위한 자립정착금 지원사업,"청년·경력전환자 직무교육·취업지원, 멘토링, 성과관리 / 청소년 학습·진로 프로그램 기획, 학교·지역기관 연계, 참여자 운영 / 교육취약계층 맞춤형 학습지원, 모집·운영 통합관리, 지역 확산",동일한 공개 사업 목록이 5개 기업에 공통 표시됨(그룹 사업 가능성),http://www.hanwhacorp.co.kr/,https://www.hanwhacorp.co.kr/hanwha/sustainability/esg_archives.jsp,https://csrhub.chest.or.kr/contributors/private/43,우선: 한화그룹 사회공헌 https://www.hanwha.co.kr/sustainability/social/socialcontribution/introduction.do | 문화·예술교육: 한화문화재단 hculture@hanwha.com / https://www.hanwhafoundation.org/notice/location | 접근: 일반 교육사업은 계열사 대표·문의에서 사회공헌 담당 연결 요청 | 기업 홈페이지: http://www.hanwhacorp.co.kr/
신한다이아몬드공업,421,136,D,"금속 단조제품 제조업 기업, 기타법인, 인천광역시 남동구 소재, 직원 0명.",금속 단조제품 제조업,기타법인,인천광역시 남동구 남동동로 375 남동공단 36블록 10롯트(남촌동),0,,"1,035.00",35,0,0,0,267.5,214,1,공개 주요사업 없음,,0,0,,,,현재 공개 주요사업에서는 직접적인 교육 접점이 확인되지 않음. 신규 교육형 사회공헌사업 제안 가능,개별 귀속 여부는 원문 기준,http://www.shinhandia.co.kr/,http://www.shinhandia.co.kr/?page_id=12810,https://csrhub.chest.or.kr/contributors/private/421,2차 선별 외—심층 연락처 우선조사 미실시 | 기본: http://www.shinhandia.co.kr/ | 접근: 공식 대표·문의 페이지에서 ESG·사회공헌·대외협력 담당 연결 요청
E1,39,137,B,"기체 연료 및 관련제품 도매업 기업, 유가증권시장, 서울특별시 용산구 소재, 2025년 매출 약 10.4조원, 직원 334명.",기체 연료 및 관련제품 도매업,유가증권시장,서울특별시 용산구 한강대로 92 LS용산타워,334,"103,925.20",0,0,398,670,396,267,292.8,2,교육자립지원(1) / 기초생계지원(1) / 보건의료지원(1),"고독사 위험자의 건강한 여름,겨울나기 및 저소득층 돌봄 지원 / 소원 이루어 DREAM / 제2회 여수시민 장애인식개선 걷기행사' 함께 바꾸는 세상'",6,1,16.70%,교육격차·취약계층 / 진로·취업·자립 / 환경·안전·문화 교육,모니카의집 생활인들의 자립역량 강화를 위한 물품 지원사업,"청년·경력전환자 직무교육·취업지원, 멘토링, 성과관리 / 교육취약계층 맞춤형 학습지원, 모집·운영 통합관리, 지역 확산 / 주제형 교육 콘텐츠 개발, 강사·체험 운영, 성과측정",개별 귀속 여부는 원문 기준,http://www.e1.co.kr/,https://www.e1.co.kr/ko/sustainability/report,https://csrhub.chest.or.kr/contributors/private/39,2차 선별 외—심층 연락처 우선조사 미실시 | 기본: http://www.e1.co.kr/ | 접근: 공식 대표·문의 페이지에서 ESG·사회공헌·대외협력 담당 연결 요청
한국주철관공업,1358,138,D,"주철관 제조업 기업, 유가증권시장, 부산광역시 사하구 소재, 2025년 매출 약 4,066억원, 직원 141명.",주철관 제조업,유가증권시장,부산광역시 사하구 을숙도대로 525,141,"4,066.20",280,242,100,442,0,266,212.8,4,공개 주요사업 없음,,0,0,,,,현재 공개 주요사업에서는 직접적인 교육 접점이 확인되지 않음. 신규 교육형 사회공헌사업 제안 가능,개별 귀속 여부는 원문 기준,http://www.kcip.co.kr/,,https://csrhub.chest.or.kr/contributors/private/1358,2차 선별 외—심층 연락처 우선조사 미실시 | 기본: http://www.kcip.co.kr/ | 접근: 공식 대표·문의 페이지에서 ESG·사회공헌·대외협력 담당 연결 요청
비비안,1220,139,D,"속옷 및 잠옷 제조업 기업, 유가증권시장, 서울특별시 용산구 소재, 2025년 매출 약 2,224억원, 직원 199명.",속옷 및 잠옷 제조업,유가증권시장,서울특별시 용산구 서빙고로51길 52,199,"2,224.50",96.9,126.8,276,554.1,0,263.5,210.8,4,공개 주요사업 없음,,0,0,,,,현재 공개 주요사업에서는 직접적인 교육 접점이 확인되지 않음. 신규 교육형 사회공헌사업 제안 가능,개별 귀속 여부는 원문 기준,http://www.vivien.co.kr/,,https://csrhub.chest.or.kr/contributors/private/1220,2차 선별 외—심층 연락처 우선조사 미실시 | 기본: http://www.vivien.co.kr/ | 접근: 공식 대표·문의 페이지에서 ESG·사회공헌·대외협력 담당 연결 요청
케이씨씨글라스,110,140,D,"판유리 및 판유리 가공품 제조업 기업, 유가증권시장, 서울특별시 서초구 소재, 2025년 매출 약 1.9조원, 직원 2,045명.",판유리 및 판유리 가공품 제조업,유가증권시장,서울특별시 서초구 강남대로 587(잠원동),"2,045","19,006.10",318.4,301.8,300.3,130.2,0,262.7,210.1,4,공개 주요사업 없음,,0,0,,,,현재 공개 주요사업에서는 직접적인 교육 접점이 확인되지 않음. 신규 교육형 사회공헌사업 제안 가능,개별 귀속 여부는 원문 기준,http://www.kccglass.co.kr/,https://www.kccglass.co.kr/esgManagement/about/report.do,https://csrhub.chest.or.kr/contributors/private/110,2차 선별 외—심층 연락처 우선조사 미실시 | 기본: http://www.kccglass.co.kr/ | 접근: 공식 대표·문의 페이지에서 ESG·사회공헌·대외협력 담당 연결 요청
코닝정밀소재,408,141,D,"산업용 유리 제조업 기업, 기타법인, 충청남도 아산시 소재, 2025년 매출 약 1.6조원, 직원 0명.",산업용 유리 제조업,기타법인,충청남도 아산시 탕정면 만전당길 30 코닝정밀소재,0,"16,496.30",219.6,221.6,309.4,286,30,259.1,213.3,4,공개 주요사업 없음,,0,0,,,,현재 공개 주요사업에서는 직접적인 교육 접점이 확인되지 않음. 신규 교육형 사회공헌사업 제안 가능,개별 귀속 여부는 원문 기준,http://www.corning.com/kr,https://www.corning.com/kr/ko/about-us/sustainability.html,https://csrhub.chest.or.kr/contributors/private/408,2차 선별 외—심층 연락처 우선조사 미실시 | 기본: http://www.corning.com/kr | 접근: 공식 대표·문의 페이지에서 ESG·사회공헌·대외협력 담당 연결 요청
HL만도,93,142,C,"자동차 신품 부품 제조업 기업, 유가증권시장, 경기도 평택시 소재, 2025년 매출 약 9.5조원, 직원 3,828명.",자동차 신품 부품 제조업,유가증권시장,경기도 평택시 포승읍 하만호길 32,"3,828","94,548.10",163.7,220,235.8,412,20,257.9,210.3,4,심리정서지원(2) / 기초생계지원(1),2024 동절기 취약계층의 식생활 안정을 위한 김장김치 지원 / 2024 지니소원편지 사업 / 2024년 장애인가정 행복가정만들기사업,3,0,0.00%,,,현재 공개 주요사업에서는 직접적인 교육 접점이 확인되지 않음. 신규 교육형 사회공헌사업 제안 가능,개별 귀속 여부는 원문 기준,http://www.mando.com/,https://www.hlmando.com/ko/sustainability/sustainable-management.do,https://csrhub.chest.or.kr/contributors/private/93,2차 선별 외—심층 연락처 우선조사 미실시 | 기본: http://www.mando.com/ | 접근: 공식 대표·문의 페이지에서 ESG·사회공헌·대외협력 담당 연결 요청
제룡전기,444,143,D,"전동기, 발전기 및 전기 변환장치 제조업 기업, 코스닥시장, 서울특별시 광진구 소재, 2025년 매출 약 2,240억원, 직원 380명.","전동기, 발전기 및 전기 변환장치 제조업",코스닥시장,서울특별시 광진구 아차산로 628,380,"2,240.20",80,430,280,230,0,255,204,4,공개 주요사업 없음,,0,0,,,,현재 공개 주요사업에서는 직접적인 교육 접점이 확인되지 않음. 신규 교육형 사회공헌사업 제안 가능,개별 귀속 여부는 원문 기준,http://www.cheryong.co.kr/,,https://csrhub.chest.or.kr/contributors/private/444,2차 선별 외—심층 연락처 우선조사 미실시 | 기본: http://www.cheryong.co.kr/ | 접근: 공식 대표·문의 페이지에서 ESG·사회공헌·대외협력 담당 연결 요청
우아한형제들,835,144,B,"응용 소프트웨어 개발 및 공급업 기업, 기타법인, 서울특별시 송파구 소재, 2025년 매출 약 5.3조원, 직원 0명.",응용 소프트웨어 개발 및 공급업,기타법인,서울특별시 송파구 위례성대로 2 (방이동) 장은빌딩,0,"52,659.60",100,200,510.6,200,150,252.7,232.1,4,교육자립지원(1),외식업주 자녀 장학사업,1,1,100.00%,진로·취업·자립 / 청소년·청년 교육,외식업주 자녀 장학사업,"청년·경력전환자 직무교육·취업지원, 멘토링, 성과관리 / 청소년 학습·진로 프로그램 기획, 학교·지역기관 연계, 참여자 운영",개별 귀속 여부는 원문 기준,http://www.woowahan.com/,https://www.woowahan.com/sustainability/happiness,https://csrhub.chest.or.kr/contributors/private/835,우선: 배민아카데미 협력 제안 https://academy.baemin.com/partnership | 기본: 1600-2111 / 080-849-0987 / help@woowahan.com | 접근: 교육 프로그램은 제휴 폼에 제안서 첨부 | 기업 홈페이지: http://www.woowahan.com/
크래프톤,984,145,D,"게임 소프트웨어 개발 및 공급업 기업, 유가증권시장, 서울특별시 강남구 소재, 2025년 매출 약 3.3조원, 직원 2,118명.",게임 소프트웨어 개발 및 공급업,유가증권시장,서울특별시 강남구 테헤란로 231,"2,118","33,265.50",0,0,0,"1,000.00",0,250,200,1,공개 주요사업 없음,,0,0,,,,현재 공개 주요사업에서는 직접적인 교육 접점이 확인되지 않음. 신규 교육형 사회공헌사업 제안 가능,개별 귀속 여부는 원문 기준,http://www.krafton.com/,,https://csrhub.chest.or.kr/contributors/private/984,2차 선별 외—심층 연락처 우선조사 미실시 | 기본: http://www.krafton.com/ | 접근: 공식 대표·문의 페이지에서 ESG·사회공헌·대외협력 담당 연결 요청
한진,104,146,D,"기타 도로 화물 운송업 기업, 유가증권시장, 서울특별시 중구 소재, 2025년 매출 약 3.1조원, 직원 1,673명.",기타 도로 화물 운송업,유가증권시장,서울특별시 중구 남대문로 63 한진빌딩,"1,673","30,649.30",0,376.5,401.5,203.6,0,245.4,196.3,3,공개 주요사업 없음,,0,0,,,,현재 공개 주요사업에서는 직접적인 교육 접점이 확인되지 않음. 신규 교육형 사회공헌사업 제안 가능,개별 귀속 여부는 원문 기준,http://www.hanjin.com/,https://www.hanjin.com/kor/CMS/Board/Board.do?mCode=MN153,https://csrhub.chest.or.kr/contributors/private/104,2차 선별 외—심층 연락처 우선조사 미실시 | 기본: http://www.hanjin.com/ | 접근: 공식 대표·문의 페이지에서 ESG·사회공헌·대외협력 담당 연결 요청
조흥,1531,147,D,"동물용 사료 및 조제식품 제조업 기업, 유가증권시장, 경기도 안산시 소재, 2025년 매출 약 4,882억원, 직원 533명.",동물용 사료 및 조제식품 제조업,유가증권시장,경기도 안산시 단원구 시화로 38 (성곡동),533,"4,882.50",0,2.7,968.1,6.9,0,244.4,195.5,1,공개 주요사업 없음,,0,0,,,,현재 공개 주요사업에서는 직접적인 교육 접점이 확인되지 않음. 신규 교육형 사회공헌사업 제안 가능,개별 귀속 여부는 원문 기준,http://www.choheung.co.kr/,,https://csrhub.chest.or.kr/contributors/private/1531,2차 선별 외—심층 연락처 우선조사 미실시 | 기본: http://www.choheung.co.kr/ | 접근: 공식 대표·문의 페이지에서 ESG·사회공헌·대외협력 담당 연결 요청
인탑스,1466,148,D,"방송 및 무선 통신장비 제조업 기업, 코스닥시장, 경기도 안양시 소재, 2025년 매출 약 5,908억원, 직원 296명.",방송 및 무선 통신장비 제조업,코스닥시장,경기도 안양시 만안구 안양천서로 51,296,"5,907.80",254.8,236.8,218.3,253.2,0,240.8,192.6,4,공개 주요사업 없음,,0,0,,,,현재 공개 주요사업에서는 직접적인 교육 접점이 확인되지 않음. 신규 교육형 사회공헌사업 제안 가능,개별 귀속 여부는 원문 기준,http://www.intops.co.kr/,,https://csrhub.chest.or.kr/contributors/private/1466,2차 선별 외—심층 연락처 우선조사 미실시 | 기본: http://www.intops.co.kr/ | 접근: 공식 대표·문의 페이지에서 ESG·사회공헌·대외협력 담당 연결 요청
LG디스플레이,13,149,B,"표시장치 제조업 기업, 유가증권시장, 서울특별시 영등포구 소재, 2025년 매출 약 25.8조원, 직원 24,430명.",표시장치 제조업,유가증권시장,서울특별시 영등포구 여의대로 128 LG트윈타워 (동관 12층),"24,430","258,100.80",703.1,76.4,108.5,66.7,2.6,238.7,191.5,3,문화정보격차해소(2) / 교육자립지원(1),2024 LG디스플레이 취약계층 꿈 지원프로젝트 'LGDream 성취 Project' / 2023 취약계층 꿈 지원프로젝트 'LGDream 성취 Project' / 취약계층 꿈 지원 프로젝트 ‘LGDream 성취 Project’,3,1,33.30%,교육격차·취약계층 / 청소년·청년 교육,2024 LG디스플레이 취약계층 꿈 지원프로젝트 'LGDream 성취 Project',"청소년 학습·진로 프로그램 기획, 학교·지역기관 연계, 참여자 운영 / 교육취약계층 맞춤형 학습지원, 모집·운영 통합관리, 지역 확산",개별 귀속 여부는 원문 기준,http://www.lgdisplay.com/,https://www.lgdisplay.com/kor/esg/csm/csm-report,https://csrhub.chest.or.kr/contributors/private/13,우선: LG재단 1:1 문의(첨부 가능) https://foundation.lg.or.kr/contact-us/ | 접근: LG복지재단·LG연암문화재단 중 사업 성격에 맞게 선택; 계열사 단독사업은 해당사 ESG 담당 연결 요청 | 기업 홈페이지: http://www.lgdisplay.com/
천재교육,1260,150,D,"교과서 및 학습 서적 출판업 기업, 기타법인, 서울특별시 금천구 소재, 직원 0명.",교과서 및 학습 서적 출판업,기타법인,서울특별시 금천구 가산로9길 54 (가산동),0,,209.2,229.5,227.5,287.6,0,238.5,190.8,4,공개 주요사업 없음,,0,0,,,,현재 공개 주요사업에서는 직접적인 교육 접점이 확인되지 않음. 신규 교육형 사회공헌사업 제안 가능,개별 귀속 여부는 원문 기준,http://www.chunjae.co.kr/,,https://csrhub.chest.or.kr/contributors/private/1260,2차 선별 외—심층 연락처 우선조사 미실시 | 기본: http://www.chunjae.co.kr/ | 접근: 공식 대표·문의 페이지에서 ESG·사회공헌·대외협력 담당 연결 요청
유한양행,445,151,C,"의약품 제조업 기업, 유가증권시장, 서울특별시 동작구 소재, 2025년 매출 약 2.2조원, 직원 2,153명.",의약품 제조업,유가증권시장,서울특별시 동작구 노량진로 74,"2,153","21,866.40",254.1,230.9,239.2,228.1,0,238,190.4,4,주거안전지원(1),미호강/석화천/성암천 합류부 생물 서식지 개선을 통한 미호강 생물다양성 증진 사업 '미호강 생다프로젝트',1,0,0.00%,,,현재 공개 주요사업에서는 직접적인 교육 접점이 확인되지 않음. 신규 교육형 사회공헌사업 제안 가능,개별 귀속 여부는 원문 기준,http://www.yuhan.co.kr/,https://www.yuhan.co.kr/Csr/SustainabilityReport/,https://csrhub.chest.or.kr/contributors/private/445,2차 선별 외—심층 연락처 우선조사 미실시 | 기본: http://www.yuhan.co.kr/ | 접근: 공식 대표·문의 페이지에서 ESG·사회공헌·대외협력 담당 연결 요청
에이치디현대인프라코어,62,152,B,"건설 및 채광용 기계장비 제조업 기업, 기타법인, 인천광역시 동구 소재, 2025년 매출 약 3.6조원, 직원 0명.",건설 및 채광용 기계장비 제조업,기타법인,인천광역시 동구 인중로 489(화수동),0,"35,845.90",37.8,335,257.5,305,0,233.8,187.1,3,교육자립지원(1) / 기초생계지원(1) / 보건의료지원(1),"HD현대인프라코어와 월드비전 이 함께하는 아동 꿈. 찾기 프로젝트 ""Dream School"" / 노인여가복지시설 및 대한노인회 난방비 지원사업 / 취약계층 어르신 건강한 여름나기 지원사업",5,1,20.00%,청소년·청년 교육,"HD현대인프라코어와 월드비전 이 함께하는 아동 꿈. 찾기 프로젝트 ""Dream School""","청소년 학습·진로 프로그램 기획, 학교·지역기관 연계, 참여자 운영",동일한 공개 사업 목록이 4개 기업에 공통 표시됨(그룹 사업 가능성),http://www.hd-infracore.com/,https://www.hd-infracore.com/kr/integrated,https://csrhub.chest.or.kr/contributors/private/62,2차 선별 외—심층 연락처 우선조사 미실시 | 기본: http://www.hd-infracore.com/ | 접근: 공식 대표·문의 페이지에서 ESG·사회공헌·대외협력 담당 연결 요청
오뚜기,91,153,D,"동물용 사료 및 조제식품 제조업 기업, 유가증권시장, 경기도 안양시 소재, 2025년 매출 약 3.7조원, 직원 3,388명.",동물용 사료 및 조제식품 제조업,유가증권시장,경기도 안양시 동안구 흥안대로 405,"3,388","36,745.50",151.6,144.7,125.8,489.6,5.6,227.9,183.5,4,공개 주요사업 없음,,0,0,,,,현재 공개 주요사업에서는 직접적인 교육 접점이 확인되지 않음. 신규 교육형 사회공헌사업 제안 가능,개별 귀속 여부는 원문 기준,http://www.otoki.com/,https://www.otoki.com/esg/management-report,https://csrhub.chest.or.kr/contributors/private/91,2차 선별 외—심층 연락처 우선조사 미실시 | 기본: http://www.otoki.com/ | 접근: 공식 대표·문의 페이지에서 ESG·사회공헌·대외협력 담당 연결 요청
HS효성첨단소재,190,154,D,"화학섬유 제조업 기업, 유가증권시장, 서울특별시 마포구 소재, 2025년 매출 약 3.3조원, 직원 998명.",화학섬유 제조업,유가증권시장,서울특별시 마포구 마포대로 119 효성빌딩,998,"32,830.40",311.5,324.7,52.8,219.7,0,227.2,181.7,3,공개 주요사업 없음,,0,0,,,,현재 공개 주요사업에서는 직접적인 교육 접점이 확인되지 않음. 신규 교육형 사회공헌사업 제안 가능,개별 귀속 여부는 원문 기준,http://www.hyosungadvancedmaterials.com/,https://sustainability.hshyosungadvancedmaterials.com/kr/report/sustainability,https://csrhub.chest.or.kr/contributors/private/190,2차 선별 외—심층 연락처 우선조사 미실시 | 기본: http://www.hyosungadvancedmaterials.com/ | 접근: 공식 대표·문의 페이지에서 ESG·사회공헌·대외협력 담당 연결 요청
롯데하이마트,178,155,A,"가전제품 소매업 기업, 유가증권시장, 서울특별시 강남구 소재, 2025년 매출 약 2.3조원, 직원 3,776명.",가전제품 소매업,유가증권시장,서울특별시 강남구 삼성로 156 롯데하이마트빌딩,"3,776","23,001.00",401.3,0.8,200.7,300,200,225.7,220.5,3,교육자립지원(2) / 주거안전지원(2) / 기초생계지원(1),아동 놀이 환경 개선을 위한 놀이공간 조성 사업: mom편한 놀이터 / 저소득층 아동의 전인적 성장을 위한 지역아동센터 환경개선 및 역량강화 사업 : 'mom편한꿈다락' / 문화소외계층 군인들의 문화 공간 지원을 위한 병영도서관 '청춘책방',7,4,57.10%,교육격차·취약계층 / 진로·취업·자립 / 청소년·청년 교육 / 환경·안전·문화 교육,"저소득층 아동의 전인적 성장을 위한 지역아동센터 환경개선 및 역량강화 사업 : 'mom편한꿈다락' / 문화소외계층 군인들의 문화 공간 지원을 위한 병영도서관 '청춘책방' / 사회문제 해결을 위한 ESG 기반 대학생 봉사활동 지원사업 ""밸유 for ESG""","청년·경력전환자 직무교육·취업지원, 멘토링, 성과관리 / 청소년 학습·진로 프로그램 기획, 학교·지역기관 연계, 참여자 운영 / 교육취약계층 맞춤형 학습지원, 모집·운영 통합관리, 지역 확산",개별 귀속 여부는 원문 기준,http://company.himart.co.kr/,https://company.himart.co.kr/sustainability/ESGReport,https://csrhub.chest.or.kr/contributors/private/178,"우선: 롯데재단 이메일 scholarship@lotte.net / https://www.lottefoundation.or.kr/ | 접근: 청소년·교육·장학형은 재단 메일, 유통·지역사업은 해당 계열사 사회공헌 담당 연결 요청 | 기업 홈페이지: http://company.himart.co.kr/"
CJ프레시웨이,97,156,C,"가공식품 도매업 기업, 코스닥시장, 경기도 용인시 소재, 2025년 매출 약 3.5조원, 직원 8,225명.",가공식품 도매업,코스닥시장,경기도 용인시 기흥구 기곡로 32,"8,225","34,810.80",130.4,259.1,172.1,338.5,68.4,225,193.7,4,주거안전지원(2),"안전한 급식지원 서비스를 위한 노인복지관 주방위생 산업안전 솔루션 / 지역아동센터 식품산업 안전 맞춤형 컨설팅 지원사업 ""지역아동센터 프레시 파트너""",2,0,0.00%,,,현재 공개 주요사업에서는 직접적인 교육 접점이 확인되지 않음. 신규 교육형 사회공헌사업 제안 가능,개별 귀속 여부는 원문 기준,http://www.cjfreshway.com/,https://www.cjfreshway.com/sustainability/reports.jsp,https://csrhub.chest.or.kr/contributors/private/97,2차 선별 외—심층 연락처 우선조사 미실시 | 기본: http://www.cjfreshway.com/ | 접근: 공식 대표·문의 페이지에서 ESG·사회공헌·대외협력 담당 연결 요청
에스케이이엔에스,144,157,A,"화력 발전업 기업, 기타법인, 서울특별시 종로구 소재.",화력 발전업,기타법인,서울특별시 종로구 종로 26,,,243,650,0,0,0,223.3,178.6,2,교육자립지원(2) / 문화정보격차해소(1) / 보건의료지원(1),치매노인 및 발달장애인 실종예방을 위한 배회감지기 보급지원 사업 '행복GPS' / 소아천식 지원사업 / 전국 발달장애인 음악활동 지원사업 「GREAT MUSIC FESTIVAL」,6,3,50.00%,교육격차·취약계층 / 디지털·AI 교육 / 청소년·청년 교육 / 환경·안전·문화 교육,"장애청소년 행복 AI 코딩 챌린지 대회 배분신청서 / 청소년 행복AI코딩스쿨 / 베트남 짜빈성 기후위기 대응과 지역구성원들의 기후환경의식 및 삶의 질 개선을 위한 교육 지원 및 맹그로브 조림사업 ""지구 온난화 대응을 위한 맹그로브 숲 복원사업""","AI·디지털 교육과정 설계, 강사 운영, 프로젝트형 학습·성과관리 / 청소년 학습·진로 프로그램 기획, 학교·지역기관 연계, 참여자 운영 / 교육취약계층 맞춤형 학습지원, 모집·운영 통합관리, 지역 확산",개별 귀속 여부는 원문 기준,http://www.skens.com/,https://www.skens.com/sk/sustainability/list.do,https://csrhub.chest.or.kr/contributors/private/144,우선: 행복나눔재단 02-333-3963 / https://skhappiness.org/contact/ | 접근: 교육·사회혁신 제안은 재단 문의 후 실제 사업 귀속 계열사 담당 연결 요청 | 기업 홈페이지: http://www.skens.com/
HD현대마린솔루션,159,158,B,"엔지니어링 서비스업 기업, 유가증권시장, 경기도 성남시 소재, 2025년 매출 약 2.0조원, 직원 583명.",엔지니어링 서비스업,유가증권시장,경기도 성남시 분당구 분당수서로 477 경기도 성남시 분당구 분당수서로 477,583,"19,827.00",3,3,303,578,0,221.8,177.4,2,교육자립지원(1) / 기초생계지원(1) / 보건의료지원(1),"HD현대인프라코어와 월드비전 이 함께하는 아동 꿈. 찾기 프로젝트 ""Dream School"" / 노인여가복지시설 및 대한노인회 난방비 지원사업 / 취약계층 어르신 건강한 여름나기 지원사업",5,1,20.00%,청소년·청년 교육,"HD현대인프라코어와 월드비전 이 함께하는 아동 꿈. 찾기 프로젝트 ""Dream School""","청소년 학습·진로 프로그램 기획, 학교·지역기관 연계, 참여자 운영",동일한 공개 사업 목록이 4개 기업에 공통 표시됨(그룹 사업 가능성),http://www.hd-marinesolution.com/,https://www.hd-marinesolution.com/kor/CMS/Contents/Contents.do?mCode=MN112,https://csrhub.chest.or.kr/contributors/private/159,2차 선별 외—심층 연락처 우선조사 미실시 | 기본: http://www.hd-marinesolution.com/ | 접근: 공식 대표·문의 페이지에서 ESG·사회공헌·대외협력 담당 연결 요청
에이피알,1325,159,D,"화장품 제조업 기업, 유가증권시장, 서울특별시 송파구 소재, 2025년 매출 약 1.5조원, 직원 657명.",화장품 제조업,유가증권시장,"서울특별시 송파구 올림픽로 300 36층(신천동, 롯데월드타워앤드롯데월드몰)",657,"15,273.40",0,0,0,881.4,0,220.3,176.3,1,공개 주요사업 없음,,0,0,,,,현재 공개 주요사업에서는 직접적인 교육 접점이 확인되지 않음. 신규 교육형 사회공헌사업 제안 가능,개별 귀속 여부는 원문 기준,http://apr-in.com/,,https://csrhub.chest.or.kr/contributors/private/1325,2차 선별 외—심층 연락처 우선조사 미실시 | 기본: http://apr-in.com/ | 접근: 공식 대표·문의 페이지에서 ESG·사회공헌·대외협력 담당 연결 요청
에스케이렌터카,892,160,A,"자동차 임대업 기업, 기타법인, 충청남도 천안시 소재, 2025년 매출 약 1.6조원, 직원 625명.",자동차 임대업,기타법인,충청남도 천안시 동남구 유량로 75 (구성동),625,"15,583.70",871.8,0,0,0,0,217.9,174.4,1,교육자립지원(2) / 기초생계지원(1) / 문화정보격차해소(1),치매노인 및 발달장애인 실종예방을 위한 배회감지기 보급지원 사업 '행복GPS' / 전국 발달장애인 음악활동 지원사업 「GREAT MUSIC FESTIVAL」 / 장애청소년 행복 AI 코딩 챌린지 대회 배분신청서,6,3,50.00%,교육격차·취약계층 / 디지털·AI 교육 / 청소년·청년 교육 / 환경·안전·문화 교육,"장애청소년 행복 AI 코딩 챌린지 대회 배분신청서 / 청소년 행복AI코딩스쿨 / 베트남 짜빈성 기후위기 대응과 지역구성원들의 기후환경의식 및 삶의 질 개선을 위한 교육 지원 및 맹그로브 조림사업 ""지구 온난화 대응을 위한 맹그로브 숲 복원사업""","AI·디지털 교육과정 설계, 강사 운영, 프로젝트형 학습·성과관리 / 청소년 학습·진로 프로그램 기획, 학교·지역기관 연계, 참여자 운영 / 교육취약계층 맞춤형 학습지원, 모집·운영 통합관리, 지역 확산",개별 귀속 여부는 원문 기준,https://company.skcarrental.com/,https://company.skcarrental.com/kr/esg/reports_policies.html,https://csrhub.chest.or.kr/contributors/private/892,우선: 행복나눔재단 02-333-3963 / https://skhappiness.org/contact/ | 접근: 교육·사회혁신 제안은 재단 문의 후 실제 사업 귀속 계열사 담당 연결 요청 | 기업 홈페이지: https://company.skcarrental.com/
경남은행,471,161,B,"국내은행 기업, 기타법인, 경상남도 창원시 소재, 직원 2,231명.",국내은행,기타법인,경상남도 창원시 마산회원구 3.15대로 642 경남은행본점 경남은행본점,"2,231",,107.4,404.9,137,218,3,216.8,174.1,4,문화정보격차해소(2) / 교육자립지원(1),2024년 *********** 『꿈모아 페스티벌』*** 후원 / 경남장애인거주시설 '2023 산청세계전통의약항노화엑스포' 티켓 나눔 / 건강장애 및 요보호학생 원격수업 교재 지원을 통한 학습지원 사업,3,1,33.30%,교육격차·취약계층 / 청소년·청년 교육,건강장애 및 요보호학생 원격수업 교재 지원을 통한 학습지원 사업,"청소년 학습·진로 프로그램 기획, 학교·지역기관 연계, 참여자 운영 / 교육취약계층 맞춤형 학습지원, 모집·운영 통합관리, 지역 확산",개별 귀속 여부는 원문 기준,http://www.knbank.co.kr/,https://www.knbank.co.kr/ib20/mnu/FSTBLD010101000#none,https://csrhub.chest.or.kr/contributors/private/471,기본: 경남은행 공식 홈페이지 https://www.knbank.co.kr/ / 그룹 https://www.bnkfg.com/ | 접근: 고객센터·대표문의에서 지역사회공헌/ESG 담당 연결 요청 | 기업 홈페이지: http://www.knbank.co.kr/
코웨이,92,162,D,"그 외 기타 개인 서비스업 기업, 유가증권시장, 충청남도 공주시 소재, 2025년 매출 약 5.0조원, 직원 6,352명.",그 외 기타 개인 서비스업,유가증권시장,충청남도 공주시 유구읍 유구마곡사로 136-23,"6,352","49,635.70",695.2,135.5,10.8,20.9,138.9,215.6,200.3,2,공개 주요사업 없음,,0,0,,,,현재 공개 주요사업에서는 직접적인 교육 접점이 확인되지 않음. 신규 교육형 사회공헌사업 제안 가능,개별 귀속 여부는 원문 기준,http://company.coway.com/,https://sustainability.coway.co.kr/itc/appendix/reportDownload?menuId=78,https://csrhub.chest.or.kr/contributors/private/92,2차 선별 외—심층 연락처 우선조사 미실시 | 기본: http://company.coway.com/ | 접근: 공식 대표·문의 페이지에서 ESG·사회공헌·대외협력 담당 연결 요청
더존비즈온,351,163,C,"컴퓨터시설 관리업 기업, 유가증권시장, 강원도 춘천시 소재, 2025년 매출 약 4,463억원, 직원 1,818명.",컴퓨터시설 관리업,유가증권시장,강원도 춘천시 남산면 버들1길 130,"1,818","4,463.00",285,148,204,210,0,211.8,169.4,4,기초생계지원(1) / 보건의료지원(1) / 주거안전지원(1),"복지사각지대에 있는 남산면 청장년층의 의료비 지원 및 건강증진을 위한 저소득층 의치 지원사업 / 저소득 가정에 반찬을 전달하며 안부 확인 ""찾아가는 이웃돌봄 반찬 나눔"" / 1인 중장년가구 복지상담 및 지원",3,0,0.00%,,,현재 공개 주요사업에서는 직접적인 교육 접점이 확인되지 않음. 신규 교육형 사회공헌사업 제안 가능,개별 귀속 여부는 원문 기준,http://www.douzone.com/,http://www.douzone.com/management/esg.jsp,https://csrhub.chest.or.kr/contributors/private/351,2차 선별 외—심층 연락처 우선조사 미실시 | 기본: http://www.douzone.com/ | 접근: 공식 대표·문의 페이지에서 ESG·사회공헌·대외협력 담당 연결 요청
에스제이그룹,1177,164,D,"가방 및 기타 보호용 케이스 제조업 기업, 코스닥시장, 서울특별시 강남구 소재, 2025년 매출 약 1,634억원, 직원 218명.",가방 및 기타 보호용 케이스 제조업,코스닥시장,서울특별시 강남구 도곡로 156 SJ빌딩,218,"1,634.10",114.7,219.3,137.1,365.3,0,209.1,167.3,4,공개 주요사업 없음,,0,0,,,,현재 공개 주요사업에서는 직접적인 교육 접점이 확인되지 않음. 신규 교육형 사회공헌사업 제안 가능,개별 귀속 여부는 원문 기준,http://www.sj-group.co.kr/,,https://csrhub.chest.or.kr/contributors/private/1177,2차 선별 외—심층 연락처 우선조사 미실시 | 기본: http://www.sj-group.co.kr/ | 접근: 공식 대표·문의 페이지에서 ESG·사회공헌·대외협력 담당 연결 요청
KB자산운용,206,165,B,"신탁업 및 집합 투자업 기업, 기타법인, 서울특별시 영등포구 소재, 직원 0명.",신탁업 및 집합 투자업,기타법인,"서울특별시 영등포구 국제금융로 10 41층(여의도동, 쓰리아이에프씨)",0,,158.6,261.1,223.1,191.6,0,208.6,166.9,4,기초생계지원(4) / 교육자립지원(1) / 심리정서지원(1),"아동양육시설 아동의 교육적 역량과 자립역량강화를 위한 학습, 자립지원 프로그램(취약계층 아동 및 자립준비청년 희망드림 프로젝트) / ***과 함께하는 발달장애 아동 성장과 자립지원 사업 ‘발달장애아동 밸류업 프로젝트’ / 전통시장X취약계층 어르신 상생 프로젝트",6,1,16.70%,교육격차·취약계층 / 진로·취업·자립 / 청소년·청년 교육,"아동양육시설 아동의 교육적 역량과 자립역량강화를 위한 학습, 자립지원 프로그램(취약계층 아동 및 자립준비청년 희망드림 프로젝트)","청년·경력전환자 직무교육·취업지원, 멘토링, 성과관리 / 청소년 학습·진로 프로그램 기획, 학교·지역기관 연계, 참여자 운영 / 교육취약계층 맞춤형 학습지원, 모집·운영 통합관리, 지역 확산",개별 귀속 여부는 원문 기준,http://www.kbam.co.kr/,https://www.kbam.co.kr/esg/list/01,https://csrhub.chest.or.kr/contributors/private/206,2차 선별 외—심층 연락처 우선조사 미실시 | 기본: http://www.kbam.co.kr/ | 접근: 공식 대표·문의 페이지에서 ESG·사회공헌·대외협력 담당 연결 요청
제일기획,114,166,A,"광고 대행업 기업, 유가증권시장, 서울특별시 용산구 소재, 2025년 매출 약 4.5조원, 직원 1,511명.",광고 대행업,유가증권시장,서울특별시 용산구 이태원로 222 제일기획,"1,511","45,468.90",75.8,259,255,243,0,208.2,166.6,4,교육자립지원(6) / 심리정서지원(3) / 보건의료지원(2),미취업 청년들의 취업경쟁력을 높이기 위한 '삼성 청년 SW 아카데미'(SSAFY) / 취약계층 건강 증진을 위한 의료비 지원 사업 '희망진료센터' / 명절맞이 취약계층 및 사회복지시설 물품지원 사업,14,8,57.10%,교육격차·취약계층 / 디지털·AI 교육 / 멘토링·학습관리 / 시니어·중장년 교육 / 진로·취업·자립 / 청소년·청년 교육 / 환경·안전·문화 교육,미취업 청년들의 취업경쟁력을 높이기 위한 '삼성 청년 SW 아카데미'(SSAFY) / 시니어 디지털 역량 강화 및 활용을 위한 「삼성 시니어 디지털 아카데미」 / 삼성전자와 함께하는 자립준비청년 취업지원사업 ‘희망디딤돌 2.0’,"AI·디지털 교육과정 설계, 강사 운영, 프로젝트형 학습·성과관리 / 멘토 모집·교육·매칭, 활동 모니터링, 학습·성과관리 / 시니어·중장년 디지털·생애역량 교육과 지역 거점 운영",동일한 공개 사업 목록이 20개 기업에 공통 표시됨(그룹 사업 가능성),http://www.cheil.co.kr/,http://www.cheil.co.kr/hq/sustainability,https://csrhub.chest.or.kr/contributors/private/114,우선: 삼성 CSR 공식 채널 https://csr.samsung.com/ko/ | 접근: 해당 계열사 대표전화·공식 문의에서 ‘사회공헌/ESG/대외협력 담당’ 연결 요청(공개된 공통 CSR 직통 연락처는 미확인) | 기업 홈페이지: http://www.cheil.co.kr/
현대제철,10,167,C,"제철, 제강 및 합금철 제조업 기업, 유가증권시장, 인천광역시 동구 소재, 2025년 매출 약 22.7조원, 직원 11,694명.","제철, 제강 및 합금철 제조업",유가증권시장,인천광역시 동구 중봉대로 63,"11,694","227,332.40",184.6,263.8,195.2,185.4,50.5,207.3,175.9,4,주거안전지원(2),*** 지정기탁사업 'H형 빛나는 도로(도로교통사업)지원/교통약자지원 / 동구 밝안심길 환경개선 사업,2,0,0.00%,,,현재 공개 주요사업에서는 직접적인 교육 접점이 확인되지 않음. 신규 교육형 사회공헌사업 제안 가능,개별 귀속 여부는 원문 기준,http://www.hyundai-steel.com/,https://esg.hyundai-steel.com/2022/front/main/main.do,https://csrhub.chest.or.kr/contributors/private/10,2차 선별 외—심층 연락처 우선조사 미실시 | 기본: http://www.hyundai-steel.com/ | 접근: 공식 대표·문의 페이지에서 ESG·사회공헌·대외협력 담당 연결 요청
넥스틴,288,168,B,"반도체 제조용 기계 제조업 기업, 코스닥시장, 경기도 화성시 소재, 2025년 매출 약 669억원, 직원 25명.",반도체 제조용 기계 제조업,코스닥시장,경기도 화성시 동탄산단9길 23-12,25,669.1,270,353.8,91.4,110,0,206.3,165,4,교육자립지원(1) / 기초생계지원(1),"2024년 *** 고독사예방 밑반찬 배달 사업 / *** 아동, 청소년 교육비 지원사업",2,1,50.00%,청소년·청년 교육,"*** 아동, 청소년 교육비 지원사업","청소년 학습·진로 프로그램 기획, 학교·지역기관 연계, 참여자 운영",개별 귀속 여부는 원문 기준,http://nextinsol.com/,https://nextinsol.com/ko/for-esg/,https://csrhub.chest.or.kr/contributors/private/288,기본: 031-629-2300 / http://www.nextinsol.com | 접근: 대표전화에서 ESG·사회공헌·경영지원 담당 연결 요청 | 기업 홈페이지: http://nextinsol.com/
롯데물산,171,169,A,"부동산 임대 및 공급업 기업, 기타법인, 서울특별시 송파구 소재, 2025년 매출 약 4,864억원, 직원 269명.",부동산 임대 및 공급업,기타법인,서울특별시 송파구 올림픽로 300 롯데월드타워 109~111층,269,"4,863.80",180.1,154.6,261.7,228,201.6,206.1,205.2,4,주거안전지원(2) / 교육자립지원(1) / 문화정보격차해소(1),아동 놀이 환경 개선을 위한 놀이공간 조성 사업: mom편한 놀이터 / 저소득층 아동의 전인적 성장을 위한 지역아동센터 환경개선 및 역량강화 사업 : 'mom편한꿈다락' / 문화소외계층 군인들의 문화 공간 지원을 위한 병영도서관 '청춘책방',5,3,60.00%,교육격차·취약계층 / 진로·취업·자립 / 청소년·청년 교육 / 환경·안전·문화 교육,"저소득층 아동의 전인적 성장을 위한 지역아동센터 환경개선 및 역량강화 사업 : 'mom편한꿈다락' / 문화소외계층 군인들의 문화 공간 지원을 위한 병영도서관 '청춘책방' / 사회문제 해결을 위한 ESG 기반 대학생 봉사활동 지원사업 ""밸유 for ESG""","청년·경력전환자 직무교육·취업지원, 멘토링, 성과관리 / 청소년 학습·진로 프로그램 기획, 학교·지역기관 연계, 참여자 운영 / 교육취약계층 맞춤형 학습지원, 모집·운영 통합관리, 지역 확산",동일한 공개 사업 목록이 17개 기업에 공통 표시됨(그룹 사업 가능성),http://www.lottepnd.com/,https://www.lottepnd.com/csr/report.do,https://csrhub.chest.or.kr/contributors/private/171,"우선: 롯데재단 이메일 scholarship@lotte.net / https://www.lottefoundation.or.kr/ | 접근: 청소년·교육·장학형은 재단 메일, 유통·지역사업은 해당 계열사 사회공헌 담당 연결 요청 | 기업 홈페이지: http://www.lottepnd.com/"
하림,379,170,B,"육류 가공 및 저장 처리업 기업, 코스닥시장, 전라북도 익산시 소재, 2025년 매출 약 1.4조원, 직원 2,564명.",육류 가공 및 저장 처리업,코스닥시장,전라북도 익산시 망성면 망성로 14 (주)하림,"2,564","14,400.00",329.7,226.5,200.6,65.2,2.6,205.5,164.9,3,미분류(1),"개인, 시설/기관 물품지정기탁사업",1,1,100.00%,일반 교육·역량강화,"개인, 시설/기관 물품지정기탁사업","교육과정 기획, 강사·교육생 운영, 학습관리와 성과측정",개별 귀속 여부는 원문 기준,http://-/,https://www.harim.com/main/?menu=85,https://csrhub.chest.or.kr/contributors/private/379,"기본: 063-860-2114 / 고객지원 080-254-2000(가공), 080-259-2000(신선) / https://harim.com/main/ | 효과적 경로: 문화전략팀 063-860-2222(공식 홈페이지 부서안내)로 사회공헌·환경교육 협업 문의"
달콤나라앨리스,846,171,D,"신선 식품 및 단순 가공 식품 도매업 기업, 기타법인, 부산광역시 금정구 소재, 직원 0명.",신선 식품 및 단순 가공 식품 도매업,기타법인,"부산광역시 금정구 장전온천천로 97-1 1,2층 (장전동)",0,,0,820,0,0,0,205,164,1,공개 주요사업 없음,,0,0,,,,현재 공개 주요사업에서는 직접적인 교육 접점이 확인되지 않음. 신규 교육형 사회공헌사업 제안 가능,개별 귀속 여부는 원문 기준,http://wgtanghulu.com/,,https://csrhub.chest.or.kr/contributors/private/846,2차 선별 외—심층 연락처 우선조사 미실시 | 기본: http://wgtanghulu.com/ | 접근: 공식 대표·문의 페이지에서 ESG·사회공헌·대외협력 담당 연결 요청
비에이치,414,172,A,"인쇄회로기판 및 전자부품 실장기판 제조업 기업, 유가증권시장, 인천광역시 부평구 소재, 2025년 매출 약 1.8조원, 직원 1,370명.",인쇄회로기판 및 전자부품 실장기판 제조업,유가증권시장,인천광역시 부평구 평천로199번길 25,"1,370","17,926.60",213,260,160,183,35,204,170.2,4,교육자립지원(2),"어르신과 함께하는 2024년 내 인생의 그림책 / 해피홈 아동들의 진로탐색 및 아동체육을 통한 자립역량강화 사업 : 오뚝오뚝 프로젝트-넘어질 것인가, 넘어설 것인가",2,2,100.00%,시니어·중장년 교육 / 진로·취업·자립 / 청소년·청년 교육,"어르신과 함께하는 2024년 내 인생의 그림책 / 해피홈 아동들의 진로탐색 및 아동체육을 통한 자립역량강화 사업 : 오뚝오뚝 프로젝트-넘어질 것인가, 넘어설 것인가","시니어·중장년 디지털·생애역량 교육과 지역 거점 운영 / 청년·경력전환자 직무교육·취업지원, 멘토링, 성과관리 / 청소년 학습·진로 프로그램 기획, 학교·지역기관 연계, 참여자 운영",개별 귀속 여부는 원문 기준,http://www.bhe.co.kr/,https://www.bhe.co.kr/sub06/sub01.php,https://csrhub.chest.or.kr/contributors/private/414,기본: 032-510-2000 / bh@bhe.co.kr / https://www.bhe.co.kr/ | 접근: 대표 메일로 제안서 발송 후 ESG·사회공헌 담당 연결 요청 | 기업 홈페이지: http://www.bhe.co.kr/
에코프로비엠,82,173,D,"축전지 제조업 기업, 코스닥시장, 충청북도 청주시 소재, 2025년 매출 약 2.5조원, 직원 1,192명.",축전지 제조업,코스닥시장,충청북도 청주시 청원구 오창읍 2산단로 100 송대리 329,"1,192","25,315.80",70,655.6,46.6,30.9,0,200.8,160.6,2,공개 주요사업 없음,,0,0,,,,현재 공개 주요사업에서는 직접적인 교육 접점이 확인되지 않음. 신규 교육형 사회공헌사업 제안 가능,개별 귀속 여부는 원문 기준,http://www.ecoprobm.co.kr/,https://www.ecoprobm.co.kr/sub0608,https://csrhub.chest.or.kr/contributors/private/82,2차 선별 외—심층 연락처 우선조사 미실시 | 기본: http://www.ecoprobm.co.kr/ | 접근: 공식 대표·문의 페이지에서 ESG·사회공헌·대외협력 담당 연결 요청
우리홈쇼핑,166,174,A,"기타 통신 판매업 기업, 기타법인, 서울특별시 영등포구 소재, 2025년 매출 약 9,023억원, 직원 0명.",기타 통신 판매업,기타법인,서울특별시 영등포구 양평로21길 10 (양평동5가),0,"9,022.90",200,200,100,300,200,200,200,4,주거안전지원(2) / 교육자립지원(1) / 문화정보격차해소(1),아동 놀이 환경 개선을 위한 놀이공간 조성 사업: mom편한 놀이터 / 저소득층 아동의 전인적 성장을 위한 지역아동센터 환경개선 및 역량강화 사업 : 'mom편한꿈다락' / 문화소외계층 군인들의 문화 공간 지원을 위한 병영도서관 '청춘책방',5,3,60.00%,교육격차·취약계층 / 진로·취업·자립 / 청소년·청년 교육 / 환경·안전·문화 교육,"저소득층 아동의 전인적 성장을 위한 지역아동센터 환경개선 및 역량강화 사업 : 'mom편한꿈다락' / 문화소외계층 군인들의 문화 공간 지원을 위한 병영도서관 '청춘책방' / 사회문제 해결을 위한 ESG 기반 대학생 봉사활동 지원사업 ""밸유 for ESG""","청년·경력전환자 직무교육·취업지원, 멘토링, 성과관리 / 청소년 학습·진로 프로그램 기획, 학교·지역기관 연계, 참여자 운영 / 교육취약계층 맞춤형 학습지원, 모집·운영 통합관리, 지역 확산",동일한 공개 사업 목록이 17개 기업에 공통 표시됨(그룹 사업 가능성),http://www.lotteimall.com/,https://www.lottehomeshopping.com/user/share/esg_action.lotte,https://csrhub.chest.or.kr/contributors/private/166,"우선: 롯데재단 이메일 scholarship@lotte.net / https://www.lottefoundation.or.kr/ | 접근: 청소년·교육·장학형은 재단 메일, 유통·지역사업은 해당 계열사 사회공헌 담당 연결 요청 | 기업 홈페이지: http://www.lotteimall.com/"
금성백조주택,431,175,D,"아파트 건설업 기업, 기타법인, 대전광역시 서구 소재, 직원 0명.",아파트 건설업,기타법인,대전광역시 서구 계룡로583번길 9 금성백조예미지빌딩 11층 (탄방동),0,,238.8,168.5,168.9,219.6,7,199,160.6,4,공개 주요사업 없음,,0,0,,,,현재 공개 주요사업에서는 직접적인 교육 접점이 확인되지 않음. 신규 교육형 사회공헌사업 제안 가능,개별 귀속 여부는 원문 기준,http://www.ksbj.co.kr/,http://www.ksbj.co.kr/sub3_1_a.html,https://csrhub.chest.or.kr/contributors/private/431,2차 선별 외—심층 연락처 우선조사 미실시 | 기본: http://www.ksbj.co.kr/ | 접근: 공식 대표·문의 페이지에서 ESG·사회공헌·대외협력 담당 연결 요청
에스케이엔무브,148,176,D,"석유 정제품 제조업 기업, 기타법인, 서울특별시 종로구 소재.",석유 정제품 제조업,기타법인,서울특별시 종로구 종로 26,,,12.1,754,16.8,11.3,0,198.6,158.8,1,공개 주요사업 없음,,0,0,,,,현재 공개 주요사업에서는 직접적인 교육 접점이 확인되지 않음. 신규 교육형 사회공헌사업 제안 가능,개별 귀속 여부는 원문 기준,http://www.skenmove.com/,https://www.skenmove.com/sustainability/sr_01,https://csrhub.chest.or.kr/contributors/private/148,2차 선별 외—심층 연락처 우선조사 미실시 | 기본: http://www.skenmove.com/ | 접근: 공식 대표·문의 페이지에서 ESG·사회공헌·대외협력 담당 연결 요청
동양생명,997,177,D,"생명보험업 기업, 유가증권시장, 서울특별시 종로구 소재, 직원 906명.",생명보험업,유가증권시장,서울특별시 종로구 종로 33 (청진동),906,,0,0,0,783,0,195.8,156.6,1,공개 주요사업 없음,,0,0,,,,현재 공개 주요사업에서는 직접적인 교육 접점이 확인되지 않음. 신규 교육형 사회공헌사업 제안 가능,개별 귀속 여부는 원문 기준,http://www.myangel.co.kr/,,https://csrhub.chest.or.kr/contributors/private/997,2차 선별 외—심층 연락처 우선조사 미실시 | 기본: http://www.myangel.co.kr/ | 접근: 공식 대표·문의 페이지에서 ESG·사회공헌·대외협력 담당 연결 요청
이성당,372,178,D,"빵류 제조업 기업, 기타법인, 전라북도 군산시 소재, 직원 0명.",빵류 제조업,기타법인,"전라북도 군산시 중앙로 177 (중앙로1가, 이성당)",0,,277.4,188.1,165.5,143.6,0,193.7,154.9,4,공개 주요사업 없음,,0,0,,,,현재 공개 주요사업에서는 직접적인 교육 접점이 확인되지 않음. 신규 교육형 사회공헌사업 제안 가능,개별 귀속 여부는 원문 기준,https://leesungdang1945.com/,,https://csrhub.chest.or.kr/contributors/private/372,2차 선별 외—심층 연락처 우선조사 미실시 | 기본: https://leesungdang1945.com/ | 접근: 공식 대표·문의 페이지에서 ESG·사회공헌·대외협력 담당 연결 요청
제이비,1582,179,D,"연료용 가스 제조 및 배관공급업 기업, 기타법인, 충청남도 아산시 소재, 직원 0명.",연료용 가스 제조 및 배관공급업,기타법인,"충청남도 아산시 음봉면 산동안길 14 (산동리, JB주식회사)",0,,200,260,160,140,0,190,152,4,공개 주요사업 없음,,0,0,,,,현재 공개 주요사업에서는 직접적인 교육 접점이 확인되지 않음. 신규 교육형 사회공헌사업 제안 가능,개별 귀속 여부는 원문 기준,,,https://csrhub.chest.or.kr/contributors/private/1582,2차 선별 외—심층 연락처 우선조사 미실시 | 기본: 공식 홈페이지 미확인 | 접근: 공식 대표·문의 페이지에서 ESG·사회공헌·대외협력 담당 연결 요청
지에스동해전력,161,180,A,"화력 발전업 기업, 기타법인, 강원도 동해시 소재, 2025년 매출 약 5,423억원, 직원 0명.",화력 발전업,기타법인,"강원도 동해시 공단4로 36 (구호동, GS동해전력)",0,"5,423.00",13.4,188,244,311.7,9,189.3,153.2,3,심리정서지원(3) / 보건의료지원(2) / 교육자립지원(1),초기 청소년의 사회성 증진을 중심으로 한 심리정서지원사업 '마음톡톡' / 희망풍차 위기가정 긴급지원 / GS EPS(주) 민관 협업을 통한 지역사회 맞춤형 사회공헌(24년 1차),8,2,25.00%,교육격차·취약계층 / 일반 교육·역량강화 / 진로·취업·자립 / 청소년·청년 교육 / 환경·안전·문화 교육,다문화 청소년 창의인재 양성 지원 『에너지 플러스』 / 가족기능강화 소통 및 힐링 캠프 사업,"청년·경력전환자 직무교육·취업지원, 멘토링, 성과관리 / 청소년 학습·진로 프로그램 기획, 학교·지역기관 연계, 참여자 운영 / 교육취약계층 맞춤형 학습지원, 모집·운영 통합관리, 지역 확산",개별 귀속 여부는 원문 기준,,https://www.gsdep.com/esg,https://csrhub.chest.or.kr/contributors/private/161,2차 선별 외—심층 연락처 우선조사 미실시 | 기본: 공식 홈페이지 미확인 | 접근: 공식 대표·문의 페이지에서 ESG·사회공헌·대외협력 담당 연결 요청
SK실트론,146,181,A,"다이오드, 트랜지스터 및 유사 반도체 소자 제조업 기업, 기타법인, 경상북도 구미시 소재, 2025년 매출 약 2.1조원, 직원 3,624명.","다이오드, 트랜지스터 및 유사 반도체 소자 제조업",기타법인,경상북도 구미시 임수로 53 SK실트론 주식회사,"3,624","20,574.90",0,150,0,600,0,187.5,150,2,교육자립지원(2) / 사회적돌봄강화(2) / 기초생계지원(1),치매노인 및 발달장애인 실종예방을 위한 배회감지기 보급지원 사업 '행복GPS' / 전국 발달장애인 음악활동 지원사업 「GREAT MUSIC FESTIVAL」 / 장애청소년 행복 AI 코딩 챌린지 대회 배분신청서,7,3,42.90%,교육격차·취약계층 / 디지털·AI 교육 / 청소년·청년 교육 / 환경·안전·문화 교육,"장애청소년 행복 AI 코딩 챌린지 대회 배분신청서 / 청소년 행복AI코딩스쿨 / 베트남 짜빈성 기후위기 대응과 지역구성원들의 기후환경의식 및 삶의 질 개선을 위한 교육 지원 및 맹그로브 조림사업 ""지구 온난화 대응을 위한 맹그로브 숲 복원사업""","AI·디지털 교육과정 설계, 강사 운영, 프로젝트형 학습·성과관리 / 청소년 학습·진로 프로그램 기획, 학교·지역기관 연계, 참여자 운영 / 교육취약계층 맞춤형 학습지원, 모집·운영 통합관리, 지역 확산",개별 귀속 여부는 원문 기준,http://www.sksiltron.com/,https://www.sksiltron.com/ko/management/management.do,https://csrhub.chest.or.kr/contributors/private/146,우선: 행복나눔재단 02-333-3963 / https://skhappiness.org/contact/ | 접근: 교육·사회혁신 제안은 재단 문의 후 실제 사업 귀속 계열사 담당 연결 요청 | 기업 홈페이지: http://www.sksiltron.com/
화신,478,181,D,"자동차용 신품 조향장치 및 현가장치 제조업 기업, 유가증권시장, 경상북도 영천시 소재, 2025년 매출 약 2.0조원, 직원 1,010명.",자동차용 신품 조향장치 및 현가장치 제조업,유가증권시장,경상북도 영천시 도남공단길 94-2,"1,010","19,624.80",110,170,200,270,0,187.5,150,4,공개 주요사업 없음,,0,0,,,,현재 공개 주요사업에서는 직접적인 교육 접점이 확인되지 않음. 신규 교육형 사회공헌사업 제안 가능,개별 귀속 여부는 원문 기준,http://www.hwashin.co.kr/,http://www.hwashin.co.kr/kr/esg/esg_continue_report.do,https://csrhub.chest.or.kr/contributors/private/478,2차 선별 외—심층 연락처 우선조사 미실시 | 기본: http://www.hwashin.co.kr/ | 접근: 공식 대표·문의 페이지에서 ESG·사회공헌·대외협력 담당 연결 요청
에스비아이저축은행,448,183,D,"상호 저축은행 및 기타 저축기관 기업, 기타법인, 서울특별시 중구 소재, 직원 0명.",상호 저축은행 및 기타 저축기관,기타법인,"서울특별시 중구 을지로5길 26 (수하동, CENTER1) 동관 9층",0,,364,176,174,23.9,156,184.5,178.8,3,공개 주요사업 없음,,0,0,,,,현재 공개 주요사업에서는 직접적인 교육 접점이 확인되지 않음. 신규 교육형 사회공헌사업 제안 가능,개별 귀속 여부는 원문 기준,http://www.sbisb.co.kr/,https://www.sbisb.co.kr/itd0020900.act,https://csrhub.chest.or.kr/contributors/private/448,2차 선별 외—심층 연락처 우선조사 미실시 | 기본: http://www.sbisb.co.kr/ | 접근: 공식 대표·문의 페이지에서 ESG·사회공헌·대외협력 담당 연결 요청
현대트랜시스,409,184,D,"자동차 및 트레일러 제조업 기업, 기타법인, 충청남도 서산시 소재, 2025년 매출 약 14.8조원, 직원 4,061명.",자동차 및 트레일러 제조업,기타법인,"충청남도 서산시 성연면 신당1로 105 (갈현리, 현대트랜시스(주))","4,061","148,390.50",257.4,106.5,128.6,228,0,180.1,144.1,4,공개 주요사업 없음,,0,0,,,,현재 공개 주요사업에서는 직접적인 교육 접점이 확인되지 않음. 신규 교육형 사회공헌사업 제안 가능,개별 귀속 여부는 원문 기준,http://www.hyundai-transys.com/,http://www.hyundai-transys.com/ko/sustainability/report.do,https://csrhub.chest.or.kr/contributors/private/409,2차 선별 외—심층 연락처 우선조사 미실시 | 기본: http://www.hyundai-transys.com/ | 접근: 공식 대표·문의 페이지에서 ESG·사회공헌·대외협력 담당 연결 요청
에스엘,96,185,D,"자동차 신품 부품 제조업 기업, 유가증권시장, 대구광역시 북구 소재, 2025년 매출 약 5.2조원, 직원 4,881명.",자동차 신품 부품 제조업,유가증권시장,대구광역시 북구 검단공단로 32 -,"4,881","52,399.40",50,150,100,400,0,175,140,3,공개 주요사업 없음,,0,0,,,,현재 공개 주요사업에서는 직접적인 교육 접점이 확인되지 않음. 신규 교육형 사회공헌사업 제안 가능,개별 귀속 여부는 원문 기준,http://www.slworld.com/,https://www.slworld.com/bbs/board.php?bo_table=esg_report,https://csrhub.chest.or.kr/contributors/private/96,2차 선별 외—심층 연락처 우선조사 미실시 | 기본: http://www.slworld.com/ | 접근: 공식 대표·문의 페이지에서 ESG·사회공헌·대외협력 담당 연결 요청
HS효성,189,186,D,"그 외 기타 분류 안된 금융업 기업, 유가증권시장, 서울특별시 마포구 소재, 2025년 매출 약 1.4조원, 직원 185명.",그 외 기타 분류 안된 금융업,유가증권시장,서울특별시 마포구 마포대로 119 (공덕동),185,"14,099.00",214,238,161.4,78.1,0,172.9,138.3,4,공개 주요사업 없음,,0,0,,,,현재 공개 주요사업에서는 직접적인 교육 접점이 확인되지 않음. 신규 교육형 사회공헌사업 제안 가능,개별 귀속 여부는 원문 기준,http://www.hshyosung.com/,,https://csrhub.chest.or.kr/contributors/private/189,2차 선별 외—심층 연락처 우선조사 미실시 | 기본: http://www.hshyosung.com/ | 접근: 공식 대표·문의 페이지에서 ESG·사회공헌·대외협력 담당 연결 요청
BYC,1241,187,D,"속옷 및 잠옷 제조업 기업, 유가증권시장, 서울특별시 영등포구 소재, 2025년 매출 약 1,632억원, 직원 544명.",속옷 및 잠옷 제조업,유가증권시장,서울특별시 영등포구 디지털로38길 27 (주)비와이씨,544,"1,631.70",142.4,171.1,176.4,173.9,0,165.9,132.8,4,공개 주요사업 없음,,0,0,,,,현재 공개 주요사업에서는 직접적인 교육 접점이 확인되지 않음. 신규 교육형 사회공헌사업 제안 가능,개별 귀속 여부는 원문 기준,http://home.byc.co.kr/,,https://csrhub.chest.or.kr/contributors/private/1241,2차 선별 외—심층 연락처 우선조사 미실시 | 기본: http://home.byc.co.kr/ | 접근: 공식 대표·문의 페이지에서 ESG·사회공헌·대외협력 담당 연결 요청
신원,1199,188,D,"여자용 겉옷 제조업 기업, 유가증권시장, 서울특별시 마포구 소재, 2025년 매출 약 1.1조원, 직원 825명.",여자용 겉옷 제조업,유가증권시장,서울특별시 마포구 독막로 328 신원빌딩,825,"10,922.50",0.8,628.8,0,29.9,0,164.9,131.9,1,공개 주요사업 없음,,0,0,,,,현재 공개 주요사업에서는 직접적인 교육 접점이 확인되지 않음. 신규 교육형 사회공헌사업 제안 가능,개별 귀속 여부는 원문 기준,http://www.sw.co.kr/,,https://csrhub.chest.or.kr/contributors/private/1199,2차 선별 외—심층 연락처 우선조사 미실시 | 기본: http://www.sw.co.kr/ | 접근: 공식 대표·문의 페이지에서 ESG·사회공헌·대외협력 담당 연결 요청
아주홀딩스,1291,189,D,"경영 컨설팅 및 공공 관계 서비스업 기업, 기타법인, 서울특별시 구로구 소재.",경영 컨설팅 및 공공 관계 서비스업,기타법인,서울특별시 구로구 경인로 600 (신도림동),,,6,6,637.7,6,1,163.9,131.3,1,공개 주요사업 없음,,0,0,,,,현재 공개 주요사업에서는 직접적인 교육 접점이 확인되지 않음. 신규 교육형 사회공헌사업 제안 가능,개별 귀속 여부는 원문 기준,http://www.aju-holdings.co.kr/,,https://csrhub.chest.or.kr/contributors/private/1291,2차 선별 외—심층 연락처 우선조사 미실시 | 기본: http://www.aju-holdings.co.kr/ | 접근: 공식 대표·문의 페이지에서 ESG·사회공헌·대외협력 담당 연결 요청
신세계사이먼,474,190,D,"비주거용 건물 임대업 기업, 기타법인, 서울특별시 강남구 소재, 직원 0명.",비주거용 건물 임대업,기타법인,"서울특별시 강남구 도산대로 420 (청담동, 청담스퀘어) 15층",0,,229.8,149.1,154.4,119.4,0,163.2,130.5,4,공개 주요사업 없음,,0,0,,,,현재 공개 주요사업에서는 직접적인 교육 접점이 확인되지 않음. 신규 교육형 사회공헌사업 제안 가능,개별 귀속 여부는 원문 기준,http://www.premiumoutlets.co.kr/,,https://csrhub.chest.or.kr/contributors/private/474,2차 선별 외—심층 연락처 우선조사 미실시 | 기본: http://www.premiumoutlets.co.kr/ | 접근: 공식 대표·문의 페이지에서 ESG·사회공헌·대외협력 담당 연결 요청
캐논코리아,915,191,A,"사무용 기계 및 장비 제조업 기업, 기타법인, 서울특별시 강남구 소재, 2025년 매출 약 7,272억원, 직원 0명.",사무용 기계 및 장비 제조업,기타법인,서울특별시 강남구 테헤란로 607 (삼성동),0,"7,272.20",254,64.5,162.6,157.8,100,159.7,147.8,3,주거안전지원(2) / 교육자립지원(1) / 문화정보격차해소(1),아동 놀이 환경 개선을 위한 놀이공간 조성 사업: mom편한 놀이터 / 저소득층 아동의 전인적 성장을 위한 지역아동센터 환경개선 및 역량강화 사업 : 'mom편한꿈다락' / 문화소외계층 군인들의 문화 공간 지원을 위한 병영도서관 '청춘책방',5,3,60.00%,교육격차·취약계층 / 진로·취업·자립 / 청소년·청년 교육 / 환경·안전·문화 교육,"저소득층 아동의 전인적 성장을 위한 지역아동센터 환경개선 및 역량강화 사업 : 'mom편한꿈다락' / 문화소외계층 군인들의 문화 공간 지원을 위한 병영도서관 '청춘책방' / 사회문제 해결을 위한 ESG 기반 대학생 봉사활동 지원사업 ""밸유 for ESG""","청년·경력전환자 직무교육·취업지원, 멘토링, 성과관리 / 청소년 학습·진로 프로그램 기획, 학교·지역기관 연계, 참여자 운영 / 교육취약계층 맞춤형 학습지원, 모집·운영 통합관리, 지역 확산",동일한 공개 사업 목록이 17개 기업에 공통 표시됨(그룹 사업 가능성),https://kr.canon/,,https://csrhub.chest.or.kr/contributors/private/915,기본: 1533-3355 / https://kr.canon/company | 접근: 대표 컨택센터에서 사회공헌·지속가능경영 담당 연결 요청
캐논코리아컨슈머이미징,268,191,D,"안경, 사진장비 및 광학용품 도매업 기업, 기타법인, 서울특별시 강남구 소재.","안경, 사진장비 및 광학용품 도매업",기타법인,"서울특별시 강남구 테헤란로 607 (삼성동, 캐논케이타워)",,,254,64.5,162.6,157.8,100,159.7,147.8,3,공개 주요사업 없음,,0,0,,,,현재 공개 주요사업에서는 직접적인 교육 접점이 확인되지 않음. 신규 교육형 사회공헌사업 제안 가능,개별 귀속 여부는 원문 기준,,,https://csrhub.chest.or.kr/contributors/private/268,2차 선별 외—심층 연락처 우선조사 미실시 | 기본: 공식 홈페이지 미확인 | 접근: 공식 대표·문의 페이지에서 ESG·사회공헌·대외협력 담당 연결 요청
호남식품,376,193,D,"부동산업 기업, 기타법인, 전라북도 전주시 소재, 직원 0명.",부동산업,기타법인,"전라북도 전주시 덕진구 기린대로 800 (팔복동1가, 앤아이씨주식회사)",0,,200,408.1,12.7,11.1,0,158,126.4,2,공개 주요사업 없음,,0,0,,,,현재 공개 주요사업에서는 직접적인 교육 접점이 확인되지 않음. 신규 교육형 사회공헌사업 제안 가능,개별 귀속 여부는 원문 기준,,,https://csrhub.chest.or.kr/contributors/private/376,2차 선별 외—심층 연락처 우선조사 미실시 | 기본: 공식 홈페이지 미확인 | 접근: 공식 대표·문의 페이지에서 ESG·사회공헌·대외협력 담당 연결 요청
효성화학,107,194,D,"기초 화학물질 제조업 기업, 유가증권시장, 서울특별시 서초구 소재, 2025년 매출 약 2.3조원, 직원 1,768명.",기초 화학물질 제조업,유가증권시장,서울특별시 서초구 반포대로 235,"1,768","23,407.20",162,177.5,264.1,27.4,12,157.8,128.6,3,공개 주요사업 없음,,0,0,,,,현재 공개 주요사업에서는 직접적인 교육 접점이 확인되지 않음. 신규 교육형 사회공헌사업 제안 가능,개별 귀속 여부는 원문 기준,http://www.hyosungchemical.com/,https://www.hyosungchemical.com/kr/sustainability/overview/report,https://csrhub.chest.or.kr/contributors/private/107,2차 선별 외—심층 연락처 우선조사 미실시 | 기본: http://www.hyosungchemical.com/ | 접근: 공식 대표·문의 페이지에서 ESG·사회공헌·대외협력 담당 연결 요청
SK가스,50,195,A,"기체 연료 및 관련제품 도매업 기업, 유가증권시장, 경기도 성남시 소재, 2025년 매출 약 7.7조원, 직원 662명.",기체 연료 및 관련제품 도매업,유가증권시장,경기도 성남시 분당구 판교로 332 ECO Hub,662,"76,763.20",0,210,220,201,0,157.8,126.2,3,교육자립지원(2) / 기초생계지원(1) / 문화정보격차해소(1),치매노인 및 발달장애인 실종예방을 위한 배회감지기 보급지원 사업 '행복GPS' / 전국 발달장애인 음악활동 지원사업 「GREAT MUSIC FESTIVAL」 / 장애청소년 행복 AI 코딩 챌린지 대회 배분신청서,6,3,50.00%,교육격차·취약계층 / 디지털·AI 교육 / 청소년·청년 교육 / 환경·안전·문화 교육,"장애청소년 행복 AI 코딩 챌린지 대회 배분신청서 / 청소년 행복AI코딩스쿨 / 베트남 짜빈성 기후위기 대응과 지역구성원들의 기후환경의식 및 삶의 질 개선을 위한 교육 지원 및 맹그로브 조림사업 ""지구 온난화 대응을 위한 맹그로브 숲 복원사업""","AI·디지털 교육과정 설계, 강사 운영, 프로젝트형 학습·성과관리 / 청소년 학습·진로 프로그램 기획, 학교·지역기관 연계, 참여자 운영 / 교육취약계층 맞춤형 학습지원, 모집·운영 통합관리, 지역 확산",개별 귀속 여부는 원문 기준,http://www.skgas.co.kr/,https://esg.skgas.co.kr/kr/esg-reporting,https://csrhub.chest.or.kr/contributors/private/50,우선: 행복나눔재단 02-333-3963 / https://skhappiness.org/contact/ | 접근: 교육·사회혁신 제안은 재단 문의 후 실제 사업 귀속 계열사 담당 연결 요청 | 기업 홈페이지: http://www.skgas.co.kr/
한화오션,38,196,A,"선박 및 수상 부유 구조물 건조업 기업, 유가증권시장, 경상남도 거제시 소재, 2025년 매출 약 12.8조원, 직원 11,178명.",선박 및 수상 부유 구조물 건조업,유가증권시장,경상남도 거제시 거제대로 3370 (아주동),"11,178","127,835.10",0,0,0,630,500,157.5,226,1,문화정보격차해소(3) / 주거안전지원(3) / 기초생계지원(2),시각장애인을 위한 점자달력 제작 / 아동청소년 문화예술 지원사업 ‘한화청소년오케스트라’ / 아이들의 건강한 교육환경 조성을 위한 초등학교 실내공기질 개선 및 환경 교육 지원사업 '맑은학교' (4차년도),9,4,44.40%,교육격차·취약계층 / 진로·취업·자립 / 청소년·청년 교육 / 환경·안전·문화 교육,아이들의 건강한 교육환경 조성을 위한 초등학교 실내공기질 개선 및 환경 교육 지원사업 '맑은학교' (4차년도) / 취약계층 국가유공자의 문화 격차 해소를 위한 <2025 한화 지속가능한 선상학교> / 자립준비청년의 안정적인 사회정착을 위한 자립정착금 지원사업,"청년·경력전환자 직무교육·취업지원, 멘토링, 성과관리 / 청소년 학습·진로 프로그램 기획, 학교·지역기관 연계, 참여자 운영 / 교육취약계층 맞춤형 학습지원, 모집·운영 통합관리, 지역 확산",동일한 공개 사업 목록이 5개 기업에 공통 표시됨(그룹 사업 가능성),http://www.hanwhaocean.com/pub/main/index.do,https://esg.hanwhaocean.com/dl/rep/,https://csrhub.chest.or.kr/contributors/private/38,우선: 한화그룹 사회공헌 https://www.hanwha.co.kr/sustainability/social/socialcontribution/introduction.do | 문화·예술교육: 한화문화재단 hculture@hanwha.com / https://www.hanwhafoundation.org/notice/location | 접근: 일반 교육사업은 계열사 대표·문의에서 사회공헌 담당 연결 요청 | 기업 홈페이지: http://www.hanwhaocean.com/pub/main/index.do
에스알,331,197,D,"기타 건축용 플라스틱 조립제품 제조업 기업, 기타법인, 대구광역시 북구 소재, 직원 0명.",기타 건축용 플라스틱 조립제품 제조업,기타법인,대구광역시 북구 검단공단로 72 (검단동),0,,174.4,167.8,144.1,143.6,4.2,157.5,126.8,4,공개 주요사업 없음,,0,0,,,,현재 공개 주요사업에서는 직접적인 교육 접점이 확인되지 않음. 신규 교육형 사회공헌사업 제안 가능,개별 귀속 여부는 원문 기준,,https://www.srail.or.kr/cms/archive.do?pageId=KR0901020000,https://csrhub.chest.or.kr/contributors/private/331,2차 선별 외—심층 연락처 우선조사 미실시 | 기본: 공식 홈페이지 미확인 | 접근: 공식 대표·문의 페이지에서 ESG·사회공헌·대외협력 담당 연결 요청
코오롱인더,72,198,B,"화학섬유 제조업 기업, 유가증권시장, 서울특별시 강서구 소재, 2025년 매출 약 4.9조원, 직원 4,260명.",화학섬유 제조업,유가증권시장,서울특별시 강서구 마곡동로 110 코오롱 One&Only 타워,"4,260","48,734.00",230.1,192.1,202.7,4.4,50.7,157.3,136,3,교육자립지원(1) / 주거안전지원(1),아동 놀 권리 회복을 위한 '놀이터를 지켜라' 캠페인 : 도시놀이환경개선사업 / 지역아동센터 지원 Hello Dream ‘Eco Science Class’,2,1,50.00%,청소년·청년 교육,지역아동센터 지원 Hello Dream ‘Eco Science Class’,"청소년 학습·진로 프로그램 기획, 학교·지역기관 연계, 참여자 운영",동일한 공개 사업 목록이 6개 기업에 공통 표시됨(그룹 사업 가능성),http://www.kolonindustries.com/,https://www.kolonindustries.com/kr/sustainability/esg/report,https://csrhub.chest.or.kr/contributors/private/72,"우선: 해당 계열사 공식 홈페이지·대표문의 | 접근: 교육·장학형 사업은 코오롱 그룹 공익재단 주관 여부를 먼저 확인하고, 대표전화에서 사회공헌 담당 연결 요청(공개 직통 미확인) | 기업 홈페이지: http://www.kolonindustries.com/"
신한자산신탁,214,199,A,"그 외 기타 분류 안된 금융업 기업, 기타법인, 서울특별시 강남구 소재, 2025년 매출 약 1,969억원, 직원 157명.",그 외 기타 분류 안된 금융업,기타법인,서울특별시 강남구 영동대로 416,157,"1,969.30",199.9,204.5,198.6,26.1,0,157.3,125.8,3,교육자립지원(12) / 기초생계지원(5) / 보건의료지원(2),맞벌이가정 자녀 돌봄공백 해소를 위한 공동육아나눔터 공간 조성 지원 ‘신한 꿈도담터’ / 위기가정 재기지원사업(7차년도) / 아동학대 응급(보호)조치 아동 보호 및 가정복귀 지원사업 '신한-SOL Guard(4차)',27,12,44.40%,교육격차·취약계층 / 디지털·AI 교육 / 멘토링·학습관리 / 시니어·중장년 교육 / 진로·취업·자립 / 청소년·청년 교육 / 환경·안전·문화 교육,재생PC를 활용한 경로당 어르신 정보화 및 금융교육 / 해외 사회문제 해결을 위한 '글로벌 원신한' / 학교 밖 청소년의 직업탐색을 위한 뮤지컬 교육 및 공연,"AI·디지털 교육과정 설계, 강사 운영, 프로젝트형 학습·성과관리 / 멘토 모집·교육·매칭, 활동 모니터링, 학습·성과관리 / 시니어·중장년 디지털·생애역량 교육과 지역 거점 운영",동일한 공개 사업 목록이 12개 기업에 공통 표시됨(그룹 사업 가능성),http://www.shinhantrust.kr/,https://www.shinhangroup.com/kr/esg/report/report,https://csrhub.chest.or.kr/contributors/private/214,우선: 신한금융희망재단(교육·사회문제 해결) 이메일 shdf@shinhan.com / https://shf.neocoms.co.kr/ | 접근: 재단 메일로 제안서 발송 후 해당 계열사 ESG·사회공헌 담당 연결 요청 | 기업 홈페이지: http://www.shinhantrust.kr/
골프존,430,200,D,"기타 게임 소프트웨어 개발 및 공급업 기업, 코스닥시장, 서울특별시 강남구 소재, 2025년 매출 약 4,833억원, 직원 526명.",기타 게임 소프트웨어 개발 및 공급업,코스닥시장,서울특별시 강남구 영동대로 735 -,526,"4,832.60",310,300,0,0,0,152.5,122,2,공개 주요사업 없음,,0,0,,,,현재 공개 주요사업에서는 직접적인 교육 접점이 확인되지 않음. 신규 교육형 사회공헌사업 제안 가능,개별 귀속 여부는 원문 기준,http://www.golfzon.com/,,https://csrhub.chest.or.kr/contributors/private/430,2차 선별 외—심층 연락처 우선조사 미실시 | 기본: http://www.golfzon.com/ | 접근: 공식 대표·문의 페이지에서 ESG·사회공헌·대외협력 담당 연결 요청
DSR,1339,201,D,"1차 비철금속 제조업 기업, 유가증권시장, 부산광역시 강서구 소재, 2025년 매출 약 3,024억원, 직원 169명.",1차 비철금속 제조업,유가증권시장,부산광역시 강서구 녹산산업중로192번길 7,169,"3,023.90",100,100,200,200,0,150,120,4,공개 주요사업 없음,,0,0,,,,현재 공개 주요사업에서는 직접적인 교육 접점이 확인되지 않음. 신규 교육형 사회공헌사업 제안 가능,개별 귀속 여부는 원문 기준,http://www.dsr.com/,,https://csrhub.chest.or.kr/contributors/private/1339,2차 선별 외—심층 연락처 우선조사 미실시 | 기본: http://www.dsr.com/ | 접근: 공식 대표·문의 페이지에서 ESG·사회공헌·대외협력 담당 연결 요청
DSR,1340,201,D,"1차 비철금속 제조업 기업, 유가증권시장, 부산광역시 강서구 소재, 2025년 매출 약 3,024억원, 직원 169명.",1차 비철금속 제조업,유가증권시장,부산광역시 강서구 녹산산업중로192번길 7,169,"3,023.90",100,100,200,200,0,150,120,4,공개 주요사업 없음,,0,0,,,,현재 공개 주요사업에서는 직접적인 교육 접점이 확인되지 않음. 신규 교육형 사회공헌사업 제안 가능,개별 귀속 여부는 원문 기준,http://www.dsr.com/,,https://csrhub.chest.or.kr/contributors/private/1340,2차 선별 외—심층 연락처 우선조사 미실시 | 기본: http://www.dsr.com/ | 접근: 공식 대표·문의 페이지에서 ESG·사회공헌·대외협력 담당 연결 요청
한컴,253,201,B,"광고 대행업 기업, 기타법인, 서울특별시 강남구 소재, 2025년 매출 약 659억원, 직원 0명.",광고 대행업,기타법인,"서울특별시 강남구 언주로 726 (논현동, 두산빌딩)",0,658.9,200,200,200,0,0,150,120,3,보건의료지원(3) / 교육자립지원(1),당신의 네잎클로버: 포괄적인 의료서비스를 위한 치료비 지원사업 / 베트남 의료지원사업(의료봉사·장비지원) / 공연예술분야 진로를 희망하는 청년 대상 예비예술가 양성 프로그램 ‘두산아트스쿨’,4,1,25.00%,진로·취업·자립 / 청소년·청년 교육 / 환경·안전·문화 교육,공연예술분야 진로를 희망하는 청년 대상 예비예술가 양성 프로그램 ‘두산아트스쿨’,"청년·경력전환자 직무교육·취업지원, 멘토링, 성과관리 / 청소년 학습·진로 프로그램 기획, 학교·지역기관 연계, 참여자 운영 / 주제형 교육 콘텐츠 개발, 강사·체험 운영, 성과측정",동일한 공개 사업 목록이 5개 기업에 공통 표시됨(그룹 사업 가능성),http://www.hancomm.co.kr/,,https://csrhub.chest.or.kr/contributors/private/253,2차 선별 외—심층 연락처 우선조사 미실시 | 기본: http://www.hancomm.co.kr/ | 접근: 공식 대표·문의 페이지에서 ESG·사회공헌·대외협력 담당 연결 요청
우리종합금융,246,204,D,"그 외 기타 여신 금융업 기업, 기타법인, 광주광역시 동구 소재.",그 외 기타 여신 금융업,기타법인,광주광역시 동구 금남로 182,,,300,297,0,0,0,149.3,119.4,2,공개 주요사업 없음,,0,0,,,,현재 공개 주요사업에서는 직접적인 교육 접점이 확인되지 않음. 신규 교육형 사회공헌사업 제안 가능,개별 귀속 여부는 원문 기준,http://wooriib.com/,https://www.woorifg.com/kor/social-contribution/continuous/list.do,https://csrhub.chest.or.kr/contributors/private/246,2차 선별 외—심층 연락처 우선조사 미실시 | 기본: http://wooriib.com/ | 접근: 공식 대표·문의 페이지에서 ESG·사회공헌·대외협력 담당 연결 요청
고려제강,1083,205,D,"제철, 제강 및 합금철 제조업 기업, 유가증권시장, 부산광역시 수영구 소재, 2025년 매출 약 1.8조원, 직원 816명.","제철, 제강 및 합금철 제조업",유가증권시장,부산광역시 수영구 구락로 150,816,"18,091.80",190,90,42,271,0.5,148.3,118.7,3,공개 주요사업 없음,,0,0,,,,현재 공개 주요사업에서는 직접적인 교육 접점이 확인되지 않음. 신규 교육형 사회공헌사업 제안 가능,개별 귀속 여부는 원문 기준,http://www.kiswire.com/,,https://csrhub.chest.or.kr/contributors/private/1083,2차 선별 외—심층 연락처 우선조사 미실시 | 기본: http://www.kiswire.com/ | 접근: 공식 대표·문의 페이지에서 ESG·사회공헌·대외협력 담당 연결 요청
비씨카드,449,206,B,"신용카드 및 할부 금융업 기업, 기타법인, 서울특별시 중구 소재, 2025년 매출 약 3.6조원, 직원 884명.",신용카드 및 할부 금융업,기타법인,서울특별시 중구 을지로 170,884,"36,350.70",36,287,177.9,85,0,146.5,117.2,3,주거안전지원(1),자립준비청년 자립을 위한 종합 주거 지원 프로그램: *****,1,1,100.00%,교육격차·취약계층 / 진로·취업·자립 / 청소년·청년 교육,자립준비청년 자립을 위한 종합 주거 지원 프로그램: *****,"청년·경력전환자 직무교육·취업지원, 멘토링, 성과관리 / 청소년 학습·진로 프로그램 기획, 학교·지역기관 연계, 참여자 운영 / 교육취약계층 맞춤형 학습지원, 모집·운영 통합관리, 지역 확산",개별 귀속 여부는 원문 기준,http://www.bccard.com/,https://www.bccard.com/card/html/company/kr/ethics/introduce/story/story.jsp,https://csrhub.chest.or.kr/contributors/private/449,기본: 02-520-4114 / webmaster@bccard.com | 사회공헌: https://www.bccard.com/card/html/company/ethics/introduce/intro/community_about.jsp | 접근: 회사 대표번호로 사회공헌 담당 연결 요청 | 기업 홈페이지: http://www.bccard.com/
깨끗한나라,1302,207,D,"펄프, 종이 및 판지 제조업 기업, 유가증권시장, 서울특별시 용산구 소재, 2025년 매출 약 5,082억원, 직원 599명.","펄프, 종이 및 판지 제조업",유가증권시장,서울특별시 용산구 한남대로 98 일신빌딩 4층,599,"5,082.00",398,32,109.1,43.9,6.7,145.7,117.9,2,공개 주요사업 없음,,0,0,,,,현재 공개 주요사업에서는 직접적인 교육 접점이 확인되지 않음. 신규 교육형 사회공헌사업 제안 가능,개별 귀속 여부는 원문 기준,http://www.kleannara.com/,,https://csrhub.chest.or.kr/contributors/private/1302,2차 선별 외—심층 연락처 우선조사 미실시 | 기본: http://www.kleannara.com/ | 접근: 공식 대표·문의 페이지에서 ESG·사회공헌·대외협력 담당 연결 요청
코오롱모빌리티그룹,113,208,B,"자동차 신품 판매업 기업, 기타법인, 서울특별시 송파구 소재, 2025년 매출 약 2.4조원, 직원 194명.",자동차 신품 판매업,기타법인,서울특별시 송파구 오금로 132 -,194,"23,503.30",0,181,200,200,0,145.3,116.2,3,교육자립지원(1) / 주거안전지원(1),아동 놀 권리 회복을 위한 '놀이터를 지켜라' 캠페인 : 도시놀이환경개선사업 / 지역아동센터 지원 Hello Dream ‘Eco Science Class’,2,1,50.00%,청소년·청년 교육,지역아동센터 지원 Hello Dream ‘Eco Science Class’,"청소년 학습·진로 프로그램 기획, 학교·지역기관 연계, 참여자 운영",동일한 공개 사업 목록이 6개 기업에 공통 표시됨(그룹 사업 가능성),http://www.kolonmobilitygroup.com/,https://kolonmobilitygroup.com/investors/ir,https://csrhub.chest.or.kr/contributors/private/113,"우선: 해당 계열사 공식 홈페이지·대표문의 | 접근: 교육·장학형 사업은 코오롱 그룹 공익재단 주관 여부를 먼저 확인하고, 대표전화에서 사회공헌 담당 연결 요청(공개 직통 미확인) | 기업 홈페이지: http://www.kolonmobilitygroup.com/"
HS화성,334,209,D,"아파트 건설업 기업, 유가증권시장, 대구광역시 수성구 소재, 2025년 매출 약 6,595억원, 직원 364명.",아파트 건설업,유가증권시장,대구광역시 수성구 동대구로 111,364,"6,594.80",100,126,101,250,0,144.3,115.4,4,공개 주요사업 없음,,0,0,,,,현재 공개 주요사업에서는 직접적인 교육 접점이 확인되지 않음. 신규 교육형 사회공헌사업 제안 가능,개별 귀속 여부는 원문 기준,http://www.hwasung.com/,https://www.hwasung.com/index.php/p/crs/contribute/?hcode=003,https://csrhub.chest.or.kr/contributors/private/334,2차 선별 외—심층 연락처 우선조사 미실시 | 기본: http://www.hwasung.com/ | 접근: 공식 대표·문의 페이지에서 ESG·사회공헌·대외협력 담당 연결 요청
문화방송,1245,210,D,"지상파 방송업 기업, 기타법인, 서울특별시 마포구 소재, 직원 0명.",지상파 방송업,기타법인,서울특별시 마포구 성암로 267 (주) 문화방송 (상암동),0,,259.5,178,109,30,58,144.1,126.9,3,공개 주요사업 없음,,0,0,,,,현재 공개 주요사업에서는 직접적인 교육 접점이 확인되지 않음. 신규 교육형 사회공헌사업 제안 가능,개별 귀속 여부는 원문 기준,http://www.imbc.com/,,https://csrhub.chest.or.kr/contributors/private/1245,2차 선별 외—심층 연락처 우선조사 미실시 | 기본: http://www.imbc.com/ | 접근: 공식 대표·문의 페이지에서 ESG·사회공헌·대외협력 담당 연결 요청
HK이노엔,832,211,A,"의약품 제조업 기업, 코스닥시장, 충청북도 청주시 소재, 2025년 매출 약 1.1조원, 직원 1,723명.",의약품 제조업,코스닥시장,충청북도 청주시 흥덕구 오송읍 오송생명2로 239 에이치케이이노엔(주) 오송공장,"1,723","10,631.50",217.5,112.3,138.6,107.4,0,144,115.2,4,교육자립지원(1) / 보건의료지원(1),생명나눔 기증자 유가족 학업 지원을 위한 장학금 지원사업 / 저소득 아동청소년 당뇨병 환아를 위한 의료비 및 장학금 지원사업,2,2,100.00%,교육격차·취약계층 / 진로·취업·자립 / 청소년·청년 교육,생명나눔 기증자 유가족 학업 지원을 위한 장학금 지원사업 / 저소득 아동청소년 당뇨병 환아를 위한 의료비 및 장학금 지원사업,"청년·경력전환자 직무교육·취업지원, 멘토링, 성과관리 / 청소년 학습·진로 프로그램 기획, 학교·지역기관 연계, 참여자 운영 / 교육취약계층 맞춤형 학습지원, 모집·운영 통합관리, 지역 확산",개별 귀속 여부는 원문 기준,http://www.inno-n.com/,https://www.inno-n.com/esg/data/sustainable,https://csrhub.chest.or.kr/contributors/private/832,기본: 031-5176-4000 | 제안하기: https://www.inno-n.com/inquiry/index | 접근: 공식 ‘제안하기’ 접수 후 ESG·사회공헌 담당 연결 요청 | 기업 홈페이지: http://www.inno-n.com/
하나금융티아이,222,212,A,"시스템 소프트웨어 개발 및 공급업 기업, 기타법인, 인천광역시 서구 소재, 2025년 매출 약 2,933억원, 직원 0명.",시스템 소프트웨어 개발 및 공급업,기타법인,"인천광역시 서구 에코로 181 (경서동, 하나금융그룹통합데이터센터) 5층",0,"2,932.50",166.5,130.5,115.5,159.7,0.4,143,114.5,4,교육자립지원(8) / 기초생계지원(6) / 문화정보격차해소(4),자립·자활을 위한 자산형성지원사업 / K리그 통합축구활성화 및 친환경리그 지원사업 / 해외청소년 한국어 교육 연수지원사업,22,9,40.90%,교육격차·취약계층 / 멘토링·학습관리 / 진로·취업·자립 / 청소년·청년 교육 / 환경·안전·문화 교육,해외청소년 한국어 교육 연수지원사업 / 소외계층 청년세대를 위한 복합문화공간 지원사업 : HANA SHARING / 지역아동센터 아동/청소년의 미래를 위한 환경교육지원사업,"멘토 모집·교육·매칭, 활동 모니터링, 학습·성과관리 / 청년·경력전환자 직무교육·취업지원, 멘토링, 성과관리 / 청소년 학습·진로 프로그램 기획, 학교·지역기관 연계, 참여자 운영",동일한 공개 사업 목록이 14개 기업에 공통 표시됨(그룹 사업 가능성),http://www.hanati.co.kr/,https://hanati.co.kr/kor/how/esg.do,https://csrhub.chest.or.kr/contributors/private/222,"우선: 하나금융나눔재단 사업신청·문의 https://hana-nanum.com/?p=43&page=3&viewMode=add | 신청 안내 02-728-4092~5 / 재단 02-729-8934~7 | 접근: 기관회원 가입 후 사업신청, 전화는 접수 절차 확인용 | 기업 홈페이지: http://www.hanati.co.kr/"
에프알엘코리아,177,213,A,"의복 소매업 기업, 기타법인, 서울특별시 송파구 소재.",의복 소매업,기타법인,서울특별시 송파구 올림픽로 300 롯데월드타워 24층,,,139.3,132.3,196.6,102.1,100,142.6,134.1,4,주거안전지원(2) / 교육자립지원(1) / 문화정보격차해소(1),아동 놀이 환경 개선을 위한 놀이공간 조성 사업: mom편한 놀이터 / 저소득층 아동의 전인적 성장을 위한 지역아동센터 환경개선 및 역량강화 사업 : 'mom편한꿈다락' / 문화소외계층 군인들의 문화 공간 지원을 위한 병영도서관 '청춘책방',5,3,60.00%,교육격차·취약계층 / 진로·취업·자립 / 청소년·청년 교육 / 환경·안전·문화 교육,"저소득층 아동의 전인적 성장을 위한 지역아동센터 환경개선 및 역량강화 사업 : 'mom편한꿈다락' / 문화소외계층 군인들의 문화 공간 지원을 위한 병영도서관 '청춘책방' / 사회문제 해결을 위한 ESG 기반 대학생 봉사활동 지원사업 ""밸유 for ESG""","청년·경력전환자 직무교육·취업지원, 멘토링, 성과관리 / 청소년 학습·진로 프로그램 기획, 학교·지역기관 연계, 참여자 운영 / 교육취약계층 맞춤형 학습지원, 모집·운영 통합관리, 지역 확산",동일한 공개 사업 목록이 17개 기업에 공통 표시됨(그룹 사업 가능성),http://www.uniqlo.com/,https://www.uniqlo.com/kr/sustainability/,https://csrhub.chest.or.kr/contributors/private/177,기본: 유니클로 고객센터 1544-3178 / https://www.uniqlo.com/kr/ | 접근: 고객센터·공식 문의에서 지속가능경영/사회공헌 담당 연결 요청(공개 CSR 직통 미확인) | 기업 홈페이지: http://www.uniqlo.com/
호텔신라,106,214,A,"그 외 기타 분류 안된 상품 전문 소매업 기업, 유가증권시장, 서울특별시 중구 소재, 2025년 매출 약 4.1조원, 직원 1,910명.",그 외 기타 분류 안된 상품 전문 소매업,유가증권시장,서울특별시 중구 동호로 249 (주) 호텔신라,"1,910","40,683.10",127.6,112.1,169.3,156.1,14.1,141.3,115.8,4,교육자립지원(6) / 심리정서지원(3) / 보건의료지원(2),미취업 청년들의 취업경쟁력을 높이기 위한 '삼성 청년 SW 아카데미'(SSAFY) / 취약계층 건강 증진을 위한 의료비 지원 사업 '희망진료센터' / 명절맞이 취약계층 및 사회복지시설 물품지원 사업,14,8,57.10%,교육격차·취약계층 / 디지털·AI 교육 / 멘토링·학습관리 / 시니어·중장년 교육 / 진로·취업·자립 / 청소년·청년 교육 / 환경·안전·문화 교육,미취업 청년들의 취업경쟁력을 높이기 위한 '삼성 청년 SW 아카데미'(SSAFY) / 시니어 디지털 역량 강화 및 활용을 위한 「삼성 시니어 디지털 아카데미」 / 삼성전자와 함께하는 자립준비청년 취업지원사업 ‘희망디딤돌 2.0’,"AI·디지털 교육과정 설계, 강사 운영, 프로젝트형 학습·성과관리 / 멘토 모집·교육·매칭, 활동 모니터링, 학습·성과관리 / 시니어·중장년 디지털·생애역량 교육과 지역 거점 운영",동일한 공개 사업 목록이 20개 기업에 공통 표시됨(그룹 사업 가능성),http://www.hotelshilla.net/,https://www.hotelshilla.net/navigate.do?HPPageId=AVEUrT_oAAUCZqM6&HPPreview=&HPSiteCd=H&commuId=AZBY9WB4BK0CAolM,https://csrhub.chest.or.kr/contributors/private/106,우선: 삼성 CSR 공식 채널 https://csr.samsung.com/ko/ | 접근: 해당 계열사 대표전화·공식 문의에서 ‘사회공헌/ESG/대외협력 담당’ 연결 요청(공개된 공통 CSR 직통 연락처는 미확인) | 기업 홈페이지: http://www.hotelshilla.net/
효성,913,215,A,"기타 금융업 기업, 유가증권시장, 서울특별시 마포구 소재, 2025년 매출 약 2.4조원, 직원 1,030명.",기타 금융업,유가증권시장,서울특별시 마포구 마포대로 119 (공덕동),"1,030","24,317.10",174,205,127.4,47,0,138.4,110.7,3,교육자립지원(2) / 주거안전지원(2),"베트남 꽝남성 프억선현 프억화 초·중학교 분교 다목적교실 건축 사업 / 저소득 한부모가정 어린이 및 청소년의 영어교육 기회 제공을 위한 지원 사업 ‘미래를 여는 영어교실’ / 경력보유여성 취업활성화 지원 프로그램 (요양보호사 양성, 회계·경리사무원 양성)",4,3,75.00%,교육격차·취약계층 / 진로·취업·자립 / 청소년·청년 교육 / 환경·안전·문화 교육,"베트남 꽝남성 프억선현 프억화 초·중학교 분교 다목적교실 건축 사업 / 저소득 한부모가정 어린이 및 청소년의 영어교육 기회 제공을 위한 지원 사업 ‘미래를 여는 영어교실’ / 경력보유여성 취업활성화 지원 프로그램 (요양보호사 양성, 회계·경리사무원 양성)","청년·경력전환자 직무교육·취업지원, 멘토링, 성과관리 / 청소년 학습·진로 프로그램 기획, 학교·지역기관 연계, 참여자 운영 / 교육취약계층 맞춤형 학습지원, 모집·운영 통합관리, 지역 확산",개별 귀속 여부는 원문 기준,http://www.hyosung.com/,https://www.hyosung.com/kr/sustainability/esg-resources/reports,https://csrhub.chest.or.kr/contributors/private/913,우선: 효성 공식 문의 https://www.hyosung.com/kr/contact | 접근: 문의 항목 또는 그룹 대표경로에서 사회공헌·ESG 담당 연결 요청(공개 직통 미확인) | 기업 홈페이지: http://www.hyosung.com/
블랙밸리컨트리클럽,352,216,C,"골프장 운영업 기업, 기타법인, 강원도 삼척시 소재, 직원 0명.",골프장 운영업,기타법인,강원도 삼척시 도계읍 도상로 307-84 (블랙밸리골프장),0,,3,265.4,54.2,230.1,0,138.2,110.5,2,기초생계지원(1) / 문화정보격차해소(1) / 보건의료지원(1),"*** 지정기탁사업(*** 노인지원사업) / 맞춤형 서비스지원을 통한 진폐재해자 건강보호 및 복지증진사업 ""진폐재해자 건강관리 프로젝트"" / <*** 시니어 합창단 운영> 부제: 블랙다이아몬드 계곡의 하나 된 산울림",4,0,0.00%,,,현재 공개 주요사업에서는 직접적인 교육 접점이 확인되지 않음. 신규 교육형 사회공헌사업 제안 가능,개별 귀속 여부는 원문 기준,http://www.blackcc.co.kr/,,https://csrhub.chest.or.kr/contributors/private/352,2차 선별 외—심층 연락처 우선조사 미실시 | 기본: http://www.blackcc.co.kr/ | 접근: 공식 대표·문의 페이지에서 ESG·사회공헌·대외협력 담당 연결 요청
홈앤쇼핑,450,217,D,"기타 통신 판매업 기업, 기타법인, 서울특별시 강서구 소재, 2025년 매출 약 4,212억원, 직원 429명.",기타 통신 판매업,기타법인,"서울특별시 강서구 공항대로 150 (마곡동, 홈앤쇼핑사옥)",429,"4,211.90",163.5,174.4,117.7,96.5,7.5,138,111.9,4,공개 주요사업 없음,,0,0,,,,현재 공개 주요사업에서는 직접적인 교육 접점이 확인되지 않음. 신규 교육형 사회공헌사업 제안 가능,개별 귀속 여부는 원문 기준,http://www.hnsmall.com/,https://company.hnsmall.com/front/pr/csr,https://csrhub.chest.or.kr/contributors/private/450,2차 선별 외—심층 연락처 우선조사 미실시 | 기본: http://www.hnsmall.com/ | 접근: 공식 대표·문의 페이지에서 ESG·사회공헌·대외협력 담당 연결 요청
우리자산신탁,244,218,C,"그 외 기타 분류 안된 금융업 기업, 기타법인, 서울특별시 강남구 소재, 2025년 매출 약 765억원, 직원 0명.",그 외 기타 분류 안된 금융업,기타법인,"서울특별시 강남구 테헤란로 301 (역삼동, 삼정빌딩)",0,765,160,194,188,10,0,138,110.4,3,주거안전지원(1),주거취약계층 세대를 위한 주거환경개선사업 'With 우리 하우징 프로젝트',1,0,0.00%,,,현재 공개 주요사업에서는 직접적인 교육 접점이 확인되지 않음. 신규 교육형 사회공헌사업 제안 가능,개별 귀속 여부는 원문 기준,http://www.wooriat.com/,https://www.woorifg.com/kor/social-contribution/continuous/list.do,https://csrhub.chest.or.kr/contributors/private/244,2차 선별 외—심층 연락처 우선조사 미실시 | 기본: http://www.wooriat.com/ | 접근: 공식 대표·문의 페이지에서 ESG·사회공헌·대외협력 담당 연결 요청
INVENI,186,219,B,"회사 본부 및 경영 컨설팅 서비스업 기업, 유가증권시장, 서울특별시 용산구 소재, 2025년 매출 약 1.3조원, 직원 31명.",회사 본부 및 경영 컨설팅 서비스업,유가증권시장,서울특별시 용산구 한강대로 92 LS 용산타워,31,"13,276.00",127,174,105,143,140,137.3,137.8,4,기초생계지원(2) / 교육자립지원(1) / 주거안전지원(1),한베가정을 위한 LS드림센터 지원사업 / 안성시 복지소외계층을 위한 지원사업 “LS그룹과 함께하는 온기나눔 김장가득” / 에너지취약계층 에너지 효율개선 및 한파 지원사업 「서울이 온(溫)다(多)」,4,1,25.00%,교육격차·취약계층,한베가정을 위한 LS드림센터 지원사업,"교육취약계층 맞춤형 학습지원, 모집·운영 통합관리, 지역 확산",개별 귀속 여부는 원문 기준,http://www.inveni.com/,https://www.inveni.com/sustainability,https://csrhub.chest.or.kr/contributors/private/186,2차 선별 외—심층 연락처 우선조사 미실시 | 기본: http://www.inveni.com/ | 접근: 공식 대표·문의 페이지에서 ESG·사회공헌·대외협력 담당 연결 요청
경동도시가스,466,220,D,"연료용 가스 제조 및 배관공급업 기업, 유가증권시장, 울산광역시 북구 소재, 2025년 매출 약 1.8조원, 직원 301명.",연료용 가스 제조 및 배관공급업,유가증권시장,울산광역시 북구 염포로 260-10(진장동) 주식회사 경동도시가스,301,"17,594.70",93.4,152.4,132.4,162.4,130.6,135.2,134.2,4,공개 주요사업 없음,,0,0,,,,현재 공개 주요사업에서는 직접적인 교육 접점이 확인되지 않음. 신규 교육형 사회공헌사업 제안 가능,개별 귀속 여부는 원문 기준,http://www.kdgas.co.kr/,https://www.kdgas.co.kr/kdgas/contents.do?mId=001003004002000000,https://csrhub.chest.or.kr/contributors/private/466,2차 선별 외—심층 연락처 우선조사 미실시 | 기본: http://www.kdgas.co.kr/ | 접근: 공식 대표·문의 페이지에서 ESG·사회공헌·대외협력 담당 연결 요청
유진증권,970,221,D,"증권 중개업 기업, 유가증권시장, 서울특별시 영등포구 소재, 2025년 매출 약 1.7조원, 직원 741명.",증권 중개업,유가증권시장,서울특별시 영등포구 국제금융로 24 (여의도동),741,"16,940.80",180,150,90,120,0,135,108,4,공개 주요사업 없음,,0,0,,,,현재 공개 주요사업에서는 직접적인 교육 접점이 확인되지 않음. 신규 교육형 사회공헌사업 제안 가능,개별 귀속 여부는 원문 기준,http://www.eugenefn.com/,,https://csrhub.chest.or.kr/contributors/private/970,2차 선별 외—심층 연락처 우선조사 미실시 | 기본: http://www.eugenefn.com/ | 접근: 공식 대표·문의 페이지에서 ESG·사회공헌·대외협력 담당 연결 요청
KB오토시스,1567,222,D,"자동차 신품 부품 제조업 기업, 코스닥시장, 충청남도 아산시 소재, 2025년 매출 약 2,150억원, 직원 238명.",자동차 신품 부품 제조업,코스닥시장,충청남도 아산시 음봉면 아산온천로 528-24,238,"2,150.00",112.5,138.9,117.3,166.4,0,133.8,107,4,공개 주요사업 없음,,0,0,,,,현재 공개 주요사업에서는 직접적인 교육 접점이 확인되지 않음. 신규 교육형 사회공헌사업 제안 가능,개별 귀속 여부는 원문 기준,http://www.kbautosys.com/,,https://csrhub.chest.or.kr/contributors/private/1567,2차 선별 외—심층 연락처 우선조사 미실시 | 기본: http://www.kbautosys.com/ | 접근: 공식 대표·문의 페이지에서 ESG·사회공헌·대외협력 담당 연결 요청
SK케미칼,151,223,A,"합성수지 및 기타 플라스틱 물질 제조업 기업, 유가증권시장, 경기도 성남시 소재, 2025년 매출 약 2.4조원, 직원 3,094명.",합성수지 및 기타 플라스틱 물질 제조업,유가증권시장,경기도 성남시 분당구 판교로 310,"3,094","23,651.60",0,289.1,203,35,0,131.8,105.4,2,교육자립지원(3) / 문화정보격차해소(1) / 보건의료지원(1),치매노인 및 발달장애인 실종예방을 위한 배회감지기 보급지원 사업 '행복GPS' / 전국 발달장애인 음악활동 지원사업 「GREAT MUSIC FESTIVAL」 / 장애청소년 행복 AI 코딩 챌린지 대회 배분신청서,7,4,57.10%,교육격차·취약계층 / 디지털·AI 교육 / 진로·취업·자립 / 청소년·청년 교육 / 환경·안전·문화 교육,장애청소년 행복 AI 코딩 챌린지 대회 배분신청서 / 청소년 행복AI코딩스쿨 / 저소득 · 경력단절 여성의 업사이클링 전문가 역량 강화 프로그램 ‘가치 UP’,"AI·디지털 교육과정 설계, 강사 운영, 프로젝트형 학습·성과관리 / 청년·경력전환자 직무교육·취업지원, 멘토링, 성과관리 / 청소년 학습·진로 프로그램 기획, 학교·지역기관 연계, 참여자 운영",개별 귀속 여부는 원문 기준,http://www.skchemicals.com/,https://esg.skchemicals.com/kr/sustainability.html,https://csrhub.chest.or.kr/contributors/private/151,우선: 행복나눔재단 02-333-3963 / https://skhappiness.org/contact/ | 접근: 교육·사회혁신 제안은 재단 문의 후 실제 사업 귀속 계열사 담당 연결 요청 | 기업 홈페이지: http://www.skchemicals.com/
코리안리,51,224,D,"재보험업 기업, 유가증권시장, 서울특별시 중구 소재, 직원 446명.",재보험업,유가증권시장,"서울특별시 중구 청계천로 100 시그니쳐타워 4, 5층 코리안리재보험",446,,119,127.9,127.9,152,0,131.7,105.3,4,공개 주요사업 없음,,0,0,,,,현재 공개 주요사업에서는 직접적인 교육 접점이 확인되지 않음. 신규 교육형 사회공헌사업 제안 가능,개별 귀속 여부는 원문 기준,http://www.koreanre.co.kr/,http://www.koreanre.co.kr/esg/esg_01.asp,https://csrhub.chest.or.kr/contributors/private/51,2차 선별 외—심층 연락처 우선조사 미실시 | 기본: http://www.koreanre.co.kr/ | 접근: 공식 대표·문의 페이지에서 ESG·사회공헌·대외협력 담당 연결 요청
진에어,155,225,B,"항공 여객 운송업 기업, 유가증권시장, 서울특별시 강서구 소재, 2025년 매출 약 1.4조원, 직원 2,382명.",항공 여객 운송업,유가증권시장,서울특별시 강서구 마곡중앙로 143 르웨스트시티 비동 8층(마곡동),"2,382","13,810.80",0,204.2,200,110,0,128.6,102.8,3,주거안전지원(4) / 기초생계지원(2),"취약계층 경제적 부담완화를 위한 절기맞이 생필품지원 프로그램 “나눔더하기 행복플러스” / 취약계층 혹서기 안전을 위한 냉방용품 지원사업 / 장애인 및 지역 주민들의 안전을 위한 'Safe, better Safe' 안전 PLUS",6,1,16.70%,교육격차·취약계층,이용자 제공 물품의 쾌적한 보관을 위한 지붕 교체 기능보강사업,"교육취약계층 맞춤형 학습지원, 모집·운영 통합관리, 지역 확산",개별 귀속 여부는 원문 기준,http://www.jinair.com/,https://www.jinair.com/company/esg/esgManagement,https://csrhub.chest.or.kr/contributors/private/155,2차 선별 외—심층 연락처 우선조사 미실시 | 기본: http://www.jinair.com/ | 접근: 공식 대표·문의 페이지에서 ESG·사회공헌·대외협력 담당 연결 요청
오로라,1270,226,D,"시각 디자인업 기업, 코스닥시장, 서울특별시 강남구 소재, 2025년 매출 약 3,281억원, 직원 187명.",시각 디자인업,코스닥시장,서울특별시 강남구 테헤란로 624 오로라빌딩,187,"3,280.80",127,0,164.7,214,0,126.4,101.1,3,공개 주요사업 없음,,0,0,,,,현재 공개 주요사업에서는 직접적인 교육 접점이 확인되지 않음. 신규 교육형 사회공헌사업 제안 가능,개별 귀속 여부는 원문 기준,http://www.auroraworld.com/,,https://csrhub.chest.or.kr/contributors/private/1270,2차 선별 외—심층 연락처 우선조사 미실시 | 기본: http://www.auroraworld.com/ | 접근: 공식 대표·문의 페이지에서 ESG·사회공헌·대외협력 담당 연결 요청
조선방송,1216,227,D,"유선 방송업 기업, 기타법인, 서울특별시 중구 소재, 직원 0명.",유선 방송업,기타법인,"서울특별시 중구 세종대로21길 40 (태평로1가, 조선일보씨스퀘어빌딩)",0,,175.7,184.2,57.3,88.4,0,126.4,101.1,3,공개 주요사업 없음,,0,0,,,,현재 공개 주요사업에서는 직접적인 교육 접점이 확인되지 않음. 신규 교육형 사회공헌사업 제안 가능,개별 귀속 여부는 원문 기준,http://tv.chosun.com/,,https://csrhub.chest.or.kr/contributors/private/1216,2차 선별 외—심층 연락처 우선조사 미실시 | 기본: http://tv.chosun.com/ | 접근: 공식 대표·문의 페이지에서 ESG·사회공헌·대외협력 담당 연결 요청
현대로템,75,228,C,"전투용 차량 제조업 기업, 유가증권시장, 경상남도 창원시 소재, 2025년 매출 약 5.8조원, 직원 4,541명.",전투용 차량 제조업,유가증권시장,경상남도 창원시 의창구 창원대로 488,"4,541","58,390.30",78.5,89.5,121.1,215,5,126,101.8,4,문화정보격차해소(1),*** 와 함께하는 「꿈과 희망 열차 그리기 대회」,1,0,0.00%,,,현재 공개 주요사업에서는 직접적인 교육 접점이 확인되지 않음. 신규 교육형 사회공헌사업 제안 가능,개별 귀속 여부는 원문 기준,http://www.hyundai-rotem.co.kr/,https://www.hyundai-rotem.co.kr/ko/sustainability/vision/report/list.do,https://csrhub.chest.or.kr/contributors/private/75,2차 선별 외—심층 연락처 우선조사 미실시 | 기본: http://www.hyundai-rotem.co.kr/ | 접근: 공식 대표·문의 페이지에서 ESG·사회공헌·대외협력 담당 연결 요청
보해양조,875,229,C,"소주 제조업 기업, 유가증권시장, 전라남도 목포시 소재, 2025년 매출 약 899억원, 직원 227명.",소주 제조업,유가증권시장,전라남도 목포시 호남로68번길 36 보해양조(주),227,898.8,0,0,504,0,0,126,100.8,1,기초생계지원(1),***와 함께하는 전남지역 취약계층 쌀지원 사업 “**가 함께 나누米”,1,0,0.00%,,,현재 공개 주요사업에서는 직접적인 교육 접점이 확인되지 않음. 신규 교육형 사회공헌사업 제안 가능,개별 귀속 여부는 원문 기준,http://www.bohae.co.kr/,http://www.bohae.co.kr/bbs/board.php?bo_table=tl_gallery_social,https://csrhub.chest.or.kr/contributors/private/875,2차 선별 외—심층 연락처 우선조사 미실시 | 기본: http://www.bohae.co.kr/ | 접근: 공식 대표·문의 페이지에서 ESG·사회공헌·대외협력 담당 연결 요청
코리아세븐,167,230,A,"상품 중개업 기업, 기타법인, 서울특별시 강동구 소재, 2025년 매출 약 4.8조원, 직원 1,805명.",상품 중개업,기타법인,"서울특별시 강동구 천호대로 1077 (천호동, 이스트센트럴타워)","1,805","48,227.10",1.2,300,200,0,0,125.3,100.2,2,주거안전지원(2) / 교육자립지원(1) / 문화정보격차해소(1),아동 놀이 환경 개선을 위한 놀이공간 조성 사업: mom편한 놀이터 / 저소득층 아동의 전인적 성장을 위한 지역아동센터 환경개선 및 역량강화 사업 : 'mom편한꿈다락' / 문화소외계층 군인들의 문화 공간 지원을 위한 병영도서관 '청춘책방',5,3,60.00%,교육격차·취약계층 / 진로·취업·자립 / 청소년·청년 교육 / 환경·안전·문화 교육,"저소득층 아동의 전인적 성장을 위한 지역아동센터 환경개선 및 역량강화 사업 : 'mom편한꿈다락' / 문화소외계층 군인들의 문화 공간 지원을 위한 병영도서관 '청춘책방' / 사회문제 해결을 위한 ESG 기반 대학생 봉사활동 지원사업 ""밸유 for ESG""","청년·경력전환자 직무교육·취업지원, 멘토링, 성과관리 / 청소년 학습·진로 프로그램 기획, 학교·지역기관 연계, 참여자 운영 / 교육취약계층 맞춤형 학습지원, 모집·운영 통합관리, 지역 확산",동일한 공개 사업 목록이 17개 기업에 공통 표시됨(그룹 사업 가능성),http://www.7-eleven.co.kr/,http://www.7-eleven.co.kr/about/contribute/esg_report.asp,https://csrhub.chest.or.kr/contributors/private/167,"우선: 롯데재단 이메일 scholarship@lotte.net / https://www.lottefoundation.or.kr/ | 접근: 청소년·교육·장학형은 재단 메일, 유통·지역사업은 해당 계열사 사회공헌 담당 연결 요청 | 기업 홈페이지: http://www.7-eleven.co.kr/"
레드캡투어,1240,231,D,"여행사업 기업, 코스닥시장, 서울특별시 중구 소재, 2025년 매출 약 3,656억원, 직원 344명.",여행사업,코스닥시장,서울특별시 중구 을지로 100파인에비뉴 B동 19층,344,"3,655.50",200,100,0,200.3,0,125.1,100.1,3,공개 주요사업 없음,,0,0,,,,현재 공개 주요사업에서는 직접적인 교육 접점이 확인되지 않음. 신규 교육형 사회공헌사업 제안 가능,개별 귀속 여부는 원문 기준,http://www.redcap.co.kr/,,https://csrhub.chest.or.kr/contributors/private/1240,2차 선별 외—심층 연락처 우선조사 미실시 | 기본: http://www.redcap.co.kr/ | 접근: 공식 대표·문의 페이지에서 ESG·사회공헌·대외협력 담당 연결 요청
DSR제강,398,232,C,"철강선 제조업 기업, 유가증권시장, 전라남도 순천시 소재, 2025년 매출 약 2,266억원, 직원 170명.",철강선 제조업,유가증권시장,전라남도 순천시 서면 산단1길 15,170,"2,265.50",100,100,100,200,0,125,100,4,사회적돌봄강화(1) / 심리정서지원(1) / 주거안전지원(1),저소득층 주거환경 개선사업 「우렁각시」 / 은둔형외톨이 마음돌봄사업 / 아동의 심리 및 언어발달을 위한 심리치료 지원사업 : 느려도 괜찮아,3,0,0.00%,,,현재 공개 주요사업에서는 직접적인 교육 접점이 확인되지 않음. 신규 교육형 사회공헌사업 제안 가능,개별 귀속 여부는 원문 기준,http://www.dsrcorp.com/,http://www.dsrcorp.com/kor/sub7_1.php,https://csrhub.chest.or.kr/contributors/private/398,2차 선별 외—심층 연락처 우선조사 미실시 | 기본: http://www.dsrcorp.com/ | 접근: 공식 대표·문의 페이지에서 ESG·사회공헌·대외협력 담당 연결 요청
HD현대마린엔진,1633,232,D,"기타 기관 및 터빈 제조업 기업, 유가증권시장, 경상남도 창원시 소재, 2025년 매출 약 4,024억원, 직원 298명.",기타 기관 및 터빈 제조업,유가증권시장,경상남도 창원시 성산구 적현로 222 STX중공업,298,"4,024.00",0,0,0,500,0,125,100,1,공개 주요사업 없음,,0,0,,,,현재 공개 주요사업에서는 직접적인 교육 접점이 확인되지 않음. 신규 교육형 사회공헌사업 제안 가능,개별 귀속 여부는 원문 기준,http://www.hd-marineengine.com/,,https://csrhub.chest.or.kr/contributors/private/1633,2차 선별 외—심층 연락처 우선조사 미실시 | 기본: http://www.hd-marineengine.com/ | 접근: 공식 대표·문의 페이지에서 ESG·사회공헌·대외협력 담당 연결 요청
동서,265,232,C,"가공식품 도매업 기업, 유가증권시장, 서울특별시 마포구 소재, 2025년 매출 약 5,329억원, 직원 275명.",가공식품 도매업,유가증권시장,서울특별시 마포구 독막로 324 동서빌딩,275,"5,328.80",100,100,100,200,0,125,100,4,보건의료지원(2) / 주거안전지원(2) / 기초생계지원(1),지역사회 주거취약계층 주거환경 및 위생환경 개선을 위한 '온기나눔 이동세탁' 지원사업 / 저소득 노인 구강보건 지원 사업 / 혹서기 폭염으로부터 지역사회 에너지 취약계층의 일상생활 보호를 위한 폭염피해 대응사업 '한여름의 신바람',7,0,0.00%,,,현재 공개 주요사업에서는 직접적인 교육 접점이 확인되지 않음. 신규 교육형 사회공헌사업 제안 가능,개별 귀속 여부는 원문 기준,http://www.dongsuh.com/,https://www.dongsuh.com/kor/company/environmental.asp,https://csrhub.chest.or.kr/contributors/private/265,2차 선별 외—심층 연락처 우선조사 미실시 | 기본: http://www.dongsuh.com/ | 접근: 공식 대표·문의 페이지에서 ESG·사회공헌·대외협력 담당 연결 요청
롯데이노베이트,173,232,A,"컴퓨터 시스템 통합 자문 및 구축 서비스업 기업, 유가증권시장, 서울특별시 금천구 소재, 2025년 매출 약 1.2조원, 직원 2,887명.",컴퓨터 시스템 통합 자문 및 구축 서비스업,유가증권시장,서울특별시 금천구 가산디지털2로 179 롯데센터,"2,887","11,698.30",100,100,100,200,200,125,140,4,주거안전지원(2) / 교육자립지원(1) / 문화정보격차해소(1),아동 놀이 환경 개선을 위한 놀이공간 조성 사업: mom편한 놀이터 / 저소득층 아동의 전인적 성장을 위한 지역아동센터 환경개선 및 역량강화 사업 : 'mom편한꿈다락' / 문화소외계층 군인들의 문화 공간 지원을 위한 병영도서관 '청춘책방',5,3,60.00%,교육격차·취약계층 / 진로·취업·자립 / 청소년·청년 교육 / 환경·안전·문화 교육,"저소득층 아동의 전인적 성장을 위한 지역아동센터 환경개선 및 역량강화 사업 : 'mom편한꿈다락' / 문화소외계층 군인들의 문화 공간 지원을 위한 병영도서관 '청춘책방' / 사회문제 해결을 위한 ESG 기반 대학생 봉사활동 지원사업 ""밸유 for ESG""","청년·경력전환자 직무교육·취업지원, 멘토링, 성과관리 / 청소년 학습·진로 프로그램 기획, 학교·지역기관 연계, 참여자 운영 / 교육취약계층 맞춤형 학습지원, 모집·운영 통합관리, 지역 확산",동일한 공개 사업 목록이 17개 기업에 공통 표시됨(그룹 사업 가능성),http://www.lotteinnovate.com/,https://www.lotteinnovate.com/ko/esg/sustainability/sustainabilityreport,https://csrhub.chest.or.kr/contributors/private/173,"우선: 롯데재단 이메일 scholarship@lotte.net / https://www.lottefoundation.or.kr/ | 접근: 청소년·교육·장학형은 재단 메일, 유통·지역사업은 해당 계열사 사회공헌 담당 연결 요청 | 기업 홈페이지: http://www.lotteinnovate.com/"
한화건설,187,232,D,"도로 건설업 기업, 기타법인, 경기도 시흥시 소재.",도로 건설업,기타법인,경기도 시흥시 대은로 81,,,0,500,0,0,0,125,100,1,공개 주요사업 없음,,0,0,,,,현재 공개 주요사업에서는 직접적인 교육 접점이 확인되지 않음. 신규 교육형 사회공헌사업 제안 가능,개별 귀속 여부는 원문 기준,http://www.hwenc.com/,https://www.hwenc.com/management/safeandgreen.do,https://csrhub.chest.or.kr/contributors/private/187,2차 선별 외—심층 연락처 우선조사 미실시 | 기본: http://www.hwenc.com/ | 접근: 공식 대표·문의 페이지에서 ESG·사회공헌·대외협력 담당 연결 요청
현대위아,42,237,B,"자동차 신품 부품 제조업 기업, 유가증권시장, 경상남도 창원시 소재, 2025년 매출 약 8.5조원, 직원 2,843명.",자동차 신품 부품 제조업,유가증권시장,경상남도 창원시 성산구 정동로 153,"2,843","84,815.60",53,53.5,105,288,112.1,124.9,122.3,2,교육자립지원(1) / 기초생계지원(1) / 심리정서지원(1),"폐자원수집 취약계층 노인 폭염대비 안전용품 지원 / 의왕시 아동 청소년 희망 책걸상 지원 ""네꿈을 위한 드림(DREAM) 상자"" / 장애인 가정의 건강한 주거환경 조성을 위한 방충망설치사업 : 문밖의 안심, 문안의 행복",4,1,25.00%,청소년·청년 교육,"의왕시 아동 청소년 희망 책걸상 지원 ""네꿈을 위한 드림(DREAM) 상자""","청소년 학습·진로 프로그램 기획, 학교·지역기관 연계, 참여자 운영",개별 귀속 여부는 원문 기준,http://www.hyundai-wia.com/,https://www.hyundai-wia.com/sustainability/sustainabilityreport.asp,https://csrhub.chest.or.kr/contributors/private/42,2차 선별 외—심층 연락처 우선조사 미실시 | 기본: http://www.hyundai-wia.com/ | 접근: 공식 대표·문의 페이지에서 ESG·사회공헌·대외협력 담당 연결 요청
아진산업,336,238,D,"자동차 신품 부품 제조업 기업, 코스닥시장, 경상북도 경산시 소재, 2025년 매출 약 1.0조원, 직원 685명.",자동차 신품 부품 제조업,코스닥시장,경상북도 경산시 진량읍 공단8로26길 40,685,"10,088.70",90,88,171.5,149.2,0,124.7,99.7,4,공개 주요사업 없음,,0,0,,,,현재 공개 주요사업에서는 직접적인 교육 접점이 확인되지 않음. 신규 교육형 사회공헌사업 제안 가능,개별 귀속 여부는 원문 기준,http://www.wamc.co.kr/,https://www.wamc.co.kr/ajin/new2013/management/esg_report.asp,https://csrhub.chest.or.kr/contributors/private/336,2차 선별 외—심층 연락처 우선조사 미실시 | 기본: http://www.wamc.co.kr/ | 접근: 공식 대표·문의 페이지에서 ESG·사회공헌·대외협력 담당 연결 요청
SK네트웍스,48,239,A,"기타 전문 도매업 기업, 유가증권시장, 경기도 수원시 소재, 2025년 매출 약 6.7조원, 직원 1,576명.",기타 전문 도매업,유가증권시장,경기도 수원시 장안구 경수대로976번길 19 -,"1,576","67,451.30",49.4,217.8,221,0,0,122,97.6,2,교육자립지원(3) / 사회적돌봄강화(2) / 문화정보격차해소(1),치매노인 및 발달장애인 실종예방을 위한 배회감지기 보급지원 사업 '행복GPS' / 전국 발달장애인 음악활동 지원사업 「GREAT MUSIC FESTIVAL」 / 장애청소년 행복 AI 코딩 챌린지 대회 배분신청서,9,4,44.40%,교육격차·취약계층 / 디지털·AI 교육 / 청소년·청년 교육 / 환경·안전·문화 교육,장애청소년 행복 AI 코딩 챌린지 대회 배분신청서 / 청소년 행복AI코딩스쿨 / 시각 장애인 및 사회 소외 취약계층 대상 지원 캠페인 참여,"AI·디지털 교육과정 설계, 강사 운영, 프로젝트형 학습·성과관리 / 청소년 학습·진로 프로그램 기획, 학교·지역기관 연계, 참여자 운영 / 교육취약계층 맞춤형 학습지원, 모집·운영 통합관리, 지역 확산",개별 귀속 여부는 원문 기준,http://www.sknetworks.co.kr/,https://www.sknetworks.co.kr/sustainability/reference-room/reports-and-policies,https://csrhub.chest.or.kr/contributors/private/48,우선: 행복나눔재단 02-333-3963 / https://skhappiness.org/contact/ | 접근: 교육·사회혁신 제안은 재단 문의 후 실제 사업 귀속 계열사 담당 연결 요청 | 기업 홈페이지: http://www.sknetworks.co.kr/
에이아이에이생명보험,455,240,D,"생명보험업 기업, 기타법인, 서울특별시 중구 소재, 2025년 매출 약 1.4조원, 직원 0명.",생명보험업,기타법인,"서울특별시 중구 통일로2길 16 (순화동, AIATower(에이아이에이타워))",0,"14,185.90",136.1,120,130,100,100,121.5,117.2,4,공개 주요사업 없음,,0,0,,,,현재 공개 주요사업에서는 직접적인 교육 접점이 확인되지 않음. 신규 교육형 사회공헌사업 제안 가능,개별 귀속 여부는 원문 기준,http://www.aia.co.kr/,https://www.aia.co.kr/ko/company-introduction/esg/csr.html,https://csrhub.chest.or.kr/contributors/private/455,2차 선별 외—심층 연락처 우선조사 미실시 | 기본: http://www.aia.co.kr/ | 접근: 공식 대표·문의 페이지에서 ESG·사회공헌·대외협력 담당 연결 요청
엘에스엠트론,184,241,B,"기타 기계 및 장비 제조업 기업, 기타법인, 경기도 안양시 소재, 2025년 매출 약 1.1조원, 직원 2,696명.",기타 기계 및 장비 제조업,기타법인,경기도 안양시 동안구 엘에스로 127,"2,696","11,177.10",113,149,89.5,134.5,88.4,121.5,114.9,4,기초생계지원(2) / 주거안전지원(2) / 교육자립지원(1),한베가정을 위한 LS드림센터 지원사업 / 안성시 복지소외계층을 위한 지원사업 “LS그룹과 함께하는 온기나눔 김장가득” / LS엠트론과 함께하는 아동 문화지역자원연계 프로그램,7,1,14.30%,교육격차·취약계층,한베가정을 위한 LS드림센터 지원사업,"교육취약계층 맞춤형 학습지원, 모집·운영 통합관리, 지역 확산",개별 귀속 여부는 원문 기준,http://www.lsmtron.co.kr/,https://www.lsmtron.com/kr/ko/sustainability/esg,https://csrhub.chest.or.kr/contributors/private/184,2차 선별 외—심층 연락처 우선조사 미실시 | 기본: http://www.lsmtron.co.kr/ | 접근: 공식 대표·문의 페이지에서 ESG·사회공헌·대외협력 담당 연결 요청
제일건설,1094,242,D,"아파트 건설업 기업, 기타법인, 광주광역시 동구 소재, 직원 0명.",아파트 건설업,기타법인,광주광역시 동구 천변우로 339 (수기동) 1805호,0,,42.7,400.6,0.6,27.4,0,117.8,94.2,1,공개 주요사업 없음,,0,0,,,,현재 공개 주요사업에서는 직접적인 교육 접점이 확인되지 않음. 신규 교육형 사회공헌사업 제안 가능,개별 귀속 여부는 원문 기준,http://www.e-jeil.co.kr/,,https://csrhub.chest.or.kr/contributors/private/1094,2차 선별 외—심층 연락처 우선조사 미실시 | 기본: http://www.e-jeil.co.kr/ | 접근: 공식 대표·문의 페이지에서 ESG·사회공헌·대외협력 담당 연결 요청
금호석유화학,63,243,D,"기초 화학물질 제조업 기업, 유가증권시장, 서울특별시 중구 소재, 2025년 매출 약 6.9조원, 직원 1,606명.",기초 화학물질 제조업,유가증권시장,"서울특별시 중구 청계천로 100 (수표동, 시그니쳐타워)","1,606","69,151.50",94.3,132.4,168.8,73.6,46.2,117.3,103.1,4,공개 주요사업 없음,,0,0,,,,현재 공개 주요사업에서는 직접적인 교육 접점이 확인되지 않음. 신규 교육형 사회공헌사업 제안 가능,개별 귀속 여부는 원문 기준,http://www.kkpc.com/,https://www.kkpc.com/kor/winwin/esg/sustainabilityList/,https://csrhub.chest.or.kr/contributors/private/63,2차 선별 외—심층 연락처 우선조사 미실시 | 기본: http://www.kkpc.com/ | 접근: 공식 대표·문의 페이지에서 ESG·사회공헌·대외협력 담당 연결 요청
엘앤에프,58,244,D,"축전지 제조업 기업, 유가증권시장, 대구광역시 달서구 소재, 2025년 매출 약 2.2조원, 직원 1,924명.",축전지 제조업,유가증권시장,대구광역시 달서구 이곡동로 11,"1,924","21,549.40",132,130.6,101.4,101.4,0,116.4,93.1,4,공개 주요사업 없음,,0,0,,,,현재 공개 주요사업에서는 직접적인 교육 접점이 확인되지 않음. 신규 교육형 사회공헌사업 제안 가능,개별 귀속 여부는 원문 기준,http://www.landf.co.kr/,https://www.landf.co.kr/oper/esg2.html,https://csrhub.chest.or.kr/contributors/private/58,2차 선별 외—심층 연락처 우선조사 미실시 | 기본: http://www.landf.co.kr/ | 접근: 공식 대표·문의 페이지에서 ESG·사회공헌·대외협력 담당 연결 요청
에스케이지오센트릭,1008,245,D,"석유화학계 기초 화학 물질 제조업 기업, 기타법인, 서울특별시 종로구 소재, 2025년 매출 약 11.5조원, 직원 1,145명.",석유화학계 기초 화학 물질 제조업,기타법인,"서울특별시 종로구 종로 51 (종로2가, 종로타워)","1,145","115,013.80",76.3,177,129.2,79.4,76.2,115.5,107.6,4,공개 주요사업 없음,,0,0,,,,현재 공개 주요사업에서는 직접적인 교육 접점이 확인되지 않음. 신규 교육형 사회공헌사업 제안 가능,개별 귀속 여부는 원문 기준,http://www.skgeocentric.com/,,https://csrhub.chest.or.kr/contributors/private/1008,2차 선별 외—심층 연락처 우선조사 미실시 | 기본: http://www.skgeocentric.com/ | 접근: 공식 대표·문의 페이지에서 ESG·사회공헌·대외협력 담당 연결 요청
롯데지알에스,174,246,A,"상품 중개업 기업, 기타법인, 서울특별시 송파구 소재, 2025년 매출 약 1.1조원, 직원 0명.",상품 중개업,기타법인,"서울특별시 송파구 백제고분로 217 (삼전동, LOTTEGRS79SQUARE)",0,"10,646.90",0,130,100,230.2,200,115.1,132,3,주거안전지원(2) / 교육자립지원(1) / 문화정보격차해소(1),아동 놀이 환경 개선을 위한 놀이공간 조성 사업: mom편한 놀이터 / 저소득층 아동의 전인적 성장을 위한 지역아동센터 환경개선 및 역량강화 사업 : 'mom편한꿈다락' / 문화소외계층 군인들의 문화 공간 지원을 위한 병영도서관 '청춘책방',5,3,60.00%,교육격차·취약계층 / 진로·취업·자립 / 청소년·청년 교육 / 환경·안전·문화 교육,"저소득층 아동의 전인적 성장을 위한 지역아동센터 환경개선 및 역량강화 사업 : 'mom편한꿈다락' / 문화소외계층 군인들의 문화 공간 지원을 위한 병영도서관 '청춘책방' / 사회문제 해결을 위한 ESG 기반 대학생 봉사활동 지원사업 ""밸유 for ESG""","청년·경력전환자 직무교육·취업지원, 멘토링, 성과관리 / 청소년 학습·진로 프로그램 기획, 학교·지역기관 연계, 참여자 운영 / 교육취약계층 맞춤형 학습지원, 모집·운영 통합관리, 지역 확산",동일한 공개 사업 목록이 17개 기업에 공통 표시됨(그룹 사업 가능성),http://www.lottegrs.com/,https://www.lottegrs.com/download/SustainabilityReport_202408.pdf,https://csrhub.chest.or.kr/contributors/private/174,"우선: 롯데재단 이메일 scholarship@lotte.net / https://www.lottefoundation.or.kr/ | 접근: 청소년·교육·장학형은 재단 메일, 유통·지역사업은 해당 계열사 사회공헌 담당 연결 요청 | 기업 홈페이지: http://www.lottegrs.com/"
코오롱글로벌,99,247,B,"도로 건설업 기업, 유가증권시장, 경기도 과천시 소재, 2025년 매출 약 2.7조원, 직원 3,273명.",도로 건설업,유가증권시장,경기도 과천시 코오롱로 11 코오롱타워,"3,273","26,844.30",280,100,80,0,40,115,100,3,교육자립지원(1) / 주거안전지원(1),아동 놀 권리 회복을 위한 '놀이터를 지켜라' 캠페인 : 도시놀이환경개선사업 / 지역아동센터 지원 Hello Dream ‘Eco Science Class’,2,1,50.00%,청소년·청년 교육,지역아동센터 지원 Hello Dream ‘Eco Science Class’,"청소년 학습·진로 프로그램 기획, 학교·지역기관 연계, 참여자 운영",동일한 공개 사업 목록이 6개 기업에 공통 표시됨(그룹 사업 가능성),http://www.kolonglobal.com/,https://www.kolonglobal.com/esg/esg01/,https://csrhub.chest.or.kr/contributors/private/99,"우선: 해당 계열사 공식 홈페이지·대표문의 | 접근: 교육·장학형 사업은 코오롱 그룹 공익재단 주관 여부를 먼저 확인하고, 대표전화에서 사회공헌 담당 연결 요청(공개 직통 미확인) | 기업 홈페이지: http://www.kolonglobal.com/"
유진기업,1121,248,D,"레미콘 제조업 기업, 코스닥시장, 경기도 부천시 소재, 2025년 매출 약 1.3조원, 직원 644명.",레미콘 제조업,코스닥시장,경기도 부천시 오정구 석천로 457,644,"13,326.90",132,152,82.1,92,0,114.5,91.6,4,공개 주요사업 없음,,0,0,,,,현재 공개 주요사업에서는 직접적인 교육 접점이 확인되지 않음. 신규 교육형 사회공헌사업 제안 가능,개별 귀속 여부는 원문 기준,http://www.eugenes.co.kr/,,https://csrhub.chest.or.kr/contributors/private/1121,2차 선별 외—심층 연락처 우선조사 미실시 | 기본: http://www.eugenes.co.kr/ | 접근: 공식 대표·문의 페이지에서 ESG·사회공헌·대외협력 담당 연결 요청
한국드라이베아링,301,249,D,"기어 및 동력전달장치 제조업 기업, 기타법인, 충청북도 옥천군 소재, 직원 0명.",기어 및 동력전달장치 제조업,기타법인,충청북도 옥천군 옥천읍 동안리 163-12,0,,100.5,115.5,128,112.5,16,114.1,94.5,4,공개 주요사업 없음,,0,0,,,,현재 공개 주요사업에서는 직접적인 교육 접점이 확인되지 않음. 신규 교육형 사회공헌사업 제안 가능,개별 귀속 여부는 원문 기준,http://www.kdbsite.com/,,https://csrhub.chest.or.kr/contributors/private/301,2차 선별 외—심층 연락처 우선조사 미실시 | 기본: http://www.kdbsite.com/ | 접근: 공식 대표·문의 페이지에서 ESG·사회공헌·대외협력 담당 연결 요청
도이치모터스,983,250,D,"자동차 판매업 기업, 코스닥시장, 서울특별시 성동구 소재, 2025년 매출 약 2.5조원, 직원 1,351명.",자동차 판매업,코스닥시장,서울특별시 성동구 동일로 111 (성수동 2가),"1,351","25,491.00",120,120,150,65,0,113.8,91,3,공개 주요사업 없음,,0,0,,,,현재 공개 주요사업에서는 직접적인 교육 접점이 확인되지 않음. 신규 교육형 사회공헌사업 제안 가능,개별 귀속 여부는 원문 기준,http://www.deutschmotors.com/,,https://csrhub.chest.or.kr/contributors/private/983,2차 선별 외—심층 연락처 우선조사 미실시 | 기본: http://www.deutschmotors.com/ | 접근: 공식 대표·문의 페이지에서 ESG·사회공헌·대외협력 담당 연결 요청
에코프로이엠,411,251,C,"축전지 제조업 기업, 기타법인, 경상북도 포항시 소재, 2025년 매출 약 1.5조원, 직원 0명.",축전지 제조업,기타법인,경상북도 포항시 북구 흥해읍 영일만산단로 110 (곡강리),0,"15,267.80",5.2,167.9,119.5,157.6,0,112.5,90,3,주거안전지원(2),에코프로 『지역아동센터 DIY 원목 책걸상 나눔』 / 2024년도 일시기관지정기탁 사업(에코프로_매칭그랜트) 「포항 행복마을 27호」,2,0,0.00%,,,현재 공개 주요사업에서는 직접적인 교육 접점이 확인되지 않음. 신규 교육형 사회공헌사업 제안 가능,개별 귀속 여부는 원문 기준,,https://www.ecopro.co.kr/sub0311,https://csrhub.chest.or.kr/contributors/private/411,2차 선별 외—심층 연락처 우선조사 미실시 | 기본: 공식 홈페이지 미확인 | 접근: 공식 대표·문의 페이지에서 ESG·사회공헌·대외협력 담당 연결 요청
케이비부동산신탁,204,252,B,"그 외 기타 분류 안된 금융업 기업, 기타법인, 서울특별시 강남구 소재, 직원 0명.",그 외 기타 분류 안된 금융업,기타법인,서울특별시 강남구 테헤란로 129 (역삼동) 22~25층,0,,165.5,270,4.2,3.4,0,110.8,88.6,2,사회적돌봄강화(1) / 심리정서지원(1),"함께하는 겨울, 따뜻한 마음(명진들꽃사랑마을 가족과 봉사자와의 관계 형성 강화를 위한 겨울 캠프) / 가족돌봄청년의 가족돌봄에 따른 기회비용 보장 지원 사업 ""We 기회로!"" (위기를 기회로!)",2,1,50.00%,청소년·청년 교육,"함께하는 겨울, 따뜻한 마음(명진들꽃사랑마을 가족과 봉사자와의 관계 형성 강화를 위한 겨울 캠프)","청소년 학습·진로 프로그램 기획, 학교·지역기관 연계, 참여자 운영",개별 귀속 여부는 원문 기준,http://www.kbret.co.kr/,https://kbret.co.kr/irpr/social,https://csrhub.chest.or.kr/contributors/private/204,우선: KB금융공익재단 02-755-2242~3 / 02-2073-5773 / https://kbfoundation.or.kr/introduce/map.do | 접근: 교육·금융교육·자립지원 제안은 재단 문의 후 계열사 연결 요청 | 기업 홈페이지: http://www.kbret.co.kr/
(주)상미당홀딩스,1124,253,D,"업종 미공개 기업, 경기도 소재, 직원 0명.",미공개,미공개,경기도,0,,3.2,2.5,186.5,244.4,0,109.1,87.3,2,공개 주요사업 없음,,0,0,,,,현재 공개 주요사업에서는 직접적인 교육 접점이 확인되지 않음. 신규 교육형 사회공헌사업 제안 가능,개별 귀속 여부는 원문 기준,,,https://csrhub.chest.or.kr/contributors/private/1124,2차 선별 외—심층 연락처 우선조사 미실시 | 기본: 공식 홈페이지 미확인 | 접근: 공식 대표·문의 페이지에서 ESG·사회공헌·대외협력 담당 연결 요청
하이퍼스물류센타,422,254,D,"사무용 가구 및 기기 도매업 기업, 기타법인, 인천광역시 서구 소재.",사무용 가구 및 기기 도매업,기타법인,인천광역시 서구 원당대로 227-6 (오류동),,,30,30,370.5,0,0,107.6,86.1,1,공개 주요사업 없음,,0,0,,,,현재 공개 주요사업에서는 직접적인 교육 접점이 확인되지 않음. 신규 교육형 사회공헌사업 제안 가능,개별 귀속 여부는 원문 기준,http://www.hifus.com/,https://www.hifus.com/?ca=board&page=list&auto_id=3,https://csrhub.chest.or.kr/contributors/private/422,2차 선별 외—심층 연락처 우선조사 미실시 | 기본: http://www.hifus.com/ | 접근: 공식 대표·문의 페이지에서 ESG·사회공헌·대외협력 담당 연결 요청
우진전기,303,255,D,"변압기 제조업 기업, 기타법인, 충청북도 옥천군 소재, 직원 0명.",변압기 제조업,기타법인,충청북도 옥천군 옥천읍 구일리 832,0,,30,150,100,150,0,107.5,86,3,공개 주요사업 없음,,0,0,,,,현재 공개 주요사업에서는 직접적인 교육 접점이 확인되지 않음. 신규 교육형 사회공헌사업 제안 가능,개별 귀속 여부는 원문 기준,http://amcore.co.kr/,,https://csrhub.chest.or.kr/contributors/private/303,2차 선별 외—심층 연락처 우선조사 미실시 | 기본: http://amcore.co.kr/ | 접근: 공식 대표·문의 페이지에서 ESG·사회공헌·대외협력 담당 연결 요청
현대엔지니어링,1030,256,D,"건물 및 토목 엔지니어링 서비스업 기업, 기타법인, 서울특별시 종로구 소재, 2025년 매출 약 13.9조원, 직원 6,770명.",건물 및 토목 엔지니어링 서비스업,기타법인,서울특별시 종로구 율곡로 75,"6,770","138,965.00",5.5,102.6,157.3,160.1,0,106.4,85.1,3,공개 주요사업 없음,,0,0,,,,현재 공개 주요사업에서는 직접적인 교육 접점이 확인되지 않음. 신규 교육형 사회공헌사업 제안 가능,개별 귀속 여부는 원문 기준,http://www.hec.co.kr/,,https://csrhub.chest.or.kr/contributors/private/1030,2차 선별 외—심층 연락처 우선조사 미실시 | 기본: http://www.hec.co.kr/ | 접근: 공식 대표·문의 페이지에서 ESG·사회공헌·대외협력 담당 연결 요청
희성전자,333,257,D,"액정 표시장치 제조업 기업, 기타법인, 서울특별시 용산구 소재, 2025년 매출 약 1,107억원, 직원 0명.",액정 표시장치 제조업,기타법인,"서울특별시 용산구 한남대로 45 (한남동, GS칼텍스주유소) 2층 희성전자",0,"1,107.40",100,100,100,120,0,105,84,4,공개 주요사업 없음,,0,0,,,,현재 공개 주요사업에서는 직접적인 교육 접점이 확인되지 않음. 신규 교육형 사회공헌사업 제안 가능,개별 귀속 여부는 원문 기준,,http://www.hselec.co.kr/kr/reforms/sustainable.asp?menu_img=company_new_2021,https://csrhub.chest.or.kr/contributors/private/333,2차 선별 외—심층 연락처 우선조사 미실시 | 기본: 공식 홈페이지 미확인 | 접근: 공식 대표·문의 페이지에서 ESG·사회공헌·대외협력 담당 연결 요청
남화산업,397,258,C,"골프장 운영업 기업, 코스닥시장, 전라남도 무안군 소재, 2025년 매출 약 168억원, 직원 45명.",골프장 운영업,코스닥시장,전라남도 무안군 청계면 서호로 162,45,167.7,104.5,104.5,104.5,104.5,0,104.5,83.6,4,기초생계지원(1) / 소통과참여확대(1),"지역 주민에게 복지관의 사랑을 나누는 행복 마차사업(복지관의 사랑을 싣고) / 자활근로 참여자의 자활서비스 활성화를 위한 차량지원사업(부제 : 우연카 ""우리들의 연결고리! 행목 카(Car))",2,0,0.00%,,,현재 공개 주요사업에서는 직접적인 교육 접점이 확인되지 않음. 신규 교육형 사회공헌사업 제안 가능,개별 귀속 여부는 원문 기준,http://www.muangc.co.kr/,,https://csrhub.chest.or.kr/contributors/private/397,2차 선별 외—심층 연락처 우선조사 미실시 | 기본: http://www.muangc.co.kr/ | 접근: 공식 대표·문의 페이지에서 ESG·사회공헌·대외협력 담당 연결 요청
참고을,368,259,B,"장류 제조업 기업, 기타법인, 전라북도 김제시 소재, 직원 0명.",장류 제조업,기타법인,전라북도 김제시 순동 960 제2블럭,0,,101.2,101.2,101.2,114,0,104.4,83.5,4,보건의료지원(1) / 소통과참여확대(1),화재예방 및 안전협력 구축을 통한 안전한 김제만들기 「위험 Zero-김제」 / 자원봉사자들의 지속적 활동을 위한 역량강화 & 사기진작 사업,2,1,50.00%,진로·취업·자립,자원봉사자들의 지속적 활동을 위한 역량강화 & 사기진작 사업,"청년·경력전환자 직무교육·취업지원, 멘토링, 성과관리",개별 귀속 여부는 원문 기준,,,https://csrhub.chest.or.kr/contributors/private/368,기본: 공식 홈페이지로 등록된 http://www.chamgoeul.com | 접근: 홈페이지·대표문의에서 사회공헌/지역상생 담당 연결 요청; 공개 직통 연락처는 미확인
GS에너지,842,260,B,"지주회사 기업, 기타법인, 서울특별시 강남구 소재, 2025년 매출 약 5.9조원, 직원 192명.",지주회사,기타법인,서울특별시 강남구 논현로 508 GS타워,192,"59,407.00",100,310,0,0,0,102.5,82,2,심리정서지원(2) / 교육자립지원(1) / 기초생계지원(1),초기 청소년의 사회성 증진을 중심으로 한 심리정서지원사업 '마음톡톡' / 희망풍차 위기가정 긴급지원 / GS EPS(주) 민관 협업을 통한 지역사회 맞춤형 사회공헌(24년 1차),5,1,20.00%,교육격차·취약계층 / 진로·취업·자립 / 청소년·청년 교육 / 환경·안전·문화 교육,다문화 청소년 창의인재 양성 지원 『에너지 플러스』,"청년·경력전환자 직무교육·취업지원, 멘토링, 성과관리 / 청소년 학습·진로 프로그램 기획, 학교·지역기관 연계, 참여자 운영 / 교육취약계층 맞춤형 학습지원, 모집·운영 통합관리, 지역 확산",동일한 공개 사업 목록이 5개 기업에 공통 표시됨(그룹 사업 가능성),http://www.gsenergy.co.kr/,https://www.gsenergy.co.kr/esg_management/sustainability_report.php,https://csrhub.chest.or.kr/contributors/private/842,2차 선별 외—심층 연락처 우선조사 미실시 | 기본: http://www.gsenergy.co.kr/ | 접근: 공식 대표·문의 페이지에서 ESG·사회공헌·대외협력 담당 연결 요청
한국해상풍력,380,261,C,"발전업 기업, 기타법인, 전북특별자치도 부안군 소재, 2025년 매출 약 436억원, 직원 0명.",발전업,기타법인,"전북특별자치도 부안군 부안읍 석정로 179 3층 (선은리, KT부안지사)",0,435.6,262.6,20,56.9,65.9,40,101.4,89.1,1,기초생계지원(1),전북지역 취약계층 식료품 지원사업,1,0,0.00%,,,현재 공개 주요사업에서는 직접적인 교육 접점이 확인되지 않음. 신규 교육형 사회공헌사업 제안 가능,개별 귀속 여부는 원문 기준,,,https://csrhub.chest.or.kr/contributors/private/380,2차 선별 외—심층 연락처 우선조사 미실시 | 기본: 공식 홈페이지 미확인 | 접근: 공식 대표·문의 페이지에서 ESG·사회공헌·대외협력 담당 연결 요청
티알엔,1288,262,D,"그 외 기타 분류 안된 사업 지원 서비스업 기업, 기타법인, 서울특별시 중구 소재, 2025년 매출 약 1,780억원, 직원 0명.",그 외 기타 분류 안된 사업 지원 서비스업,기타법인,서울특별시 중구 동호로 310 태광산업 별관,0,"1,779.70",133.5,100.9,130.5,40,0,101.2,81,3,공개 주요사업 없음,,0,0,,,,현재 공개 주요사업에서는 직접적인 교육 접점이 확인되지 않음. 신규 교육형 사회공헌사업 제안 가능,개별 귀속 여부는 원문 기준,http://www.trncompany.co.kr/,,https://csrhub.chest.or.kr/contributors/private/1288,2차 선별 외—심층 연락처 우선조사 미실시 | 기본: http://www.trncompany.co.kr/ | 접근: 공식 대표·문의 페이지에서 ESG·사회공헌·대외협력 담당 연결 요청
엘앤피코스메틱,453,263,D,"화장품 및 화장용품 도매업 기업, 기타법인, 서울특별시 강서구 소재, 2025년 매출 약 3,234억원, 직원 0명.",화장품 및 화장용품 도매업,기타법인,"서울특별시 강서구 강서로 466 지층 비101호(등촌동, 우리벤처타운)",0,"3,234.50",47.1,112.7,93,152.1,7,101.2,82.4,3,공개 주요사업 없음,,0,0,,,,현재 공개 주요사업에서는 직접적인 교육 접점이 확인되지 않음. 신규 교육형 사회공헌사업 제안 가능,개별 귀속 여부는 원문 기준,,,https://csrhub.chest.or.kr/contributors/private/453,2차 선별 외—심층 연락처 우선조사 미실시 | 기본: 공식 홈페이지 미확인 | 접근: 공식 대표·문의 페이지에서 ESG·사회공헌·대외협력 담당 연결 요청
휴온스,1477,264,D,"의약품 제조업 기업, 코스닥시장, 경기도 성남시 소재, 2025년 매출 약 6,208억원, 직원 1,087명.",의약품 제조업,코스닥시장,경기도 성남시 수정구 창업로 17 판교 아이스퀘어 A동 8층,"1,087","6,207.70",62,12,217,112.9,2,101,81.2,2,공개 주요사업 없음,,0,0,,,,현재 공개 주요사업에서는 직접적인 교육 접점이 확인되지 않음. 신규 교육형 사회공헌사업 제안 가능,개별 귀속 여부는 원문 기준,http://www.huons.com/,,https://csrhub.chest.or.kr/contributors/private/1477,2차 선별 외—심층 연락처 우선조사 미실시 | 기본: http://www.huons.com/ | 접근: 공식 대표·문의 페이지에서 ESG·사회공헌·대외협력 담당 연결 요청
세아창원특수강,260,265,A,"철강선 제조업 기업, 기타법인, 경상남도 창원시 소재, 2025년 매출 약 1.5조원, 직원 1,196명.",철강선 제조업,기타법인,경상남도 창원시 성산구 적현로 147,"1,196","15,219.60",100,103,50,150,0,100.8,80.6,3,교육자립지원(3) / 주거안전지원(1),학대피해아동 원가정 기능 회복을 위한 주거환경개선사업 '우리가족 울타리이음' / 아동청소년의 자기주도적 미래설계를 위한 법교육 및 진로교육 / 자립준비청년 및 청년의 취업역량 강화를 위한 일 경험(인턴십) 프로그램 : '아름다운 함께서기',4,3,75.00%,교육격차·취약계층 / 진로·취업·자립 / 청소년·청년 교육 / 환경·안전·문화 교육,아동청소년의 자기주도적 미래설계를 위한 법교육 및 진로교육 / 자립준비청년 및 청년의 취업역량 강화를 위한 일 경험(인턴십) 프로그램 : '아름다운 함께서기' / 북한이탈여성청년들의 자립기반형성프로젝트_'서로잇다'_함께 책 한잔 어때요?,"청년·경력전환자 직무교육·취업지원, 멘토링, 성과관리 / 청소년 학습·진로 프로그램 기획, 학교·지역기관 연계, 참여자 운영 / 교육취약계층 맞춤형 학습지원, 모집·운영 통합관리, 지역 확산",동일한 공개 사업 목록이 7개 기업에 공통 표시됨(그룹 사업 가능성),https://www.seahcss.co.kr/,https://www.seahcss.co.kr/about/sustainability/esg.asp,https://csrhub.chest.or.kr/contributors/private/260,우선: 세아해암학술장학재단 02-6970-0171 / hwangeun.choi@seah.co.kr / https://haiam.seah.co.kr/pages/?p=6 | 효과적 경로: 홈페이지 카카오톡 1:1상담(재단은 전화상담이 어렵다고 안내) | 기업 홈페이지: https://www.seahcss.co.kr/
엔에스쇼핑,287,266,D,"기타 통신 판매업 기업, 기타법인, 경기도 성남시 소재, 2025년 매출 약 6,121억원, 직원 0명.",기타 통신 판매업,기타법인,경기도 성남시 분당구 판교로228번길 15 판교세븐벤처밸리1단지 NS홈쇼핑동,0,"6,120.80",98.8,103.2,103.7,96,7.2,100.4,81.8,4,공개 주요사업 없음,,0,0,,,,현재 공개 주요사업에서는 직접적인 교육 접점이 확인되지 않음. 신규 교육형 사회공헌사업 제안 가능,개별 귀속 여부는 원문 기준,http://pr.nsmall.com/,http://pr.nsmall.com/manage/contribution.do,https://csrhub.chest.or.kr/contributors/private/287,2차 선별 외—심층 연락처 우선조사 미실시 | 기본: http://pr.nsmall.com/ | 접근: 공식 대표·문의 페이지에서 ESG·사회공헌·대외협력 담당 연결 요청
포스코스틸리온,141,267,A,"기타 1차 철강 제조업 기업, 유가증권시장, 경상북도 포항시 소재, 2025년 매출 약 1.1조원, 직원 418명.",기타 1차 철강 제조업,유가증권시장,경상북도 포항시 남구 철강로 173 포스코강판주식회사,418,"11,254.40",100,100,100,101,0,100.3,80.2,4,주거안전지원(2) / 교육자립지원(1),미얀마 짜웅수 마을 초등학교 건립 지원사업 / 취약계층 아동 주거환경개선사업 [Color the Dream] / 아동양육시설의 교육환경 개선사업,3,2,66.70%,교육격차·취약계층 / 청소년·청년 교육 / 환경·안전·문화 교육,미얀마 짜웅수 마을 초등학교 건립 지원사업 / 아동양육시설의 교육환경 개선사업,"청소년 학습·진로 프로그램 기획, 학교·지역기관 연계, 참여자 운영 / 교육취약계층 맞춤형 학습지원, 모집·운영 통합관리, 지역 확산 / 주제형 교육 콘텐츠 개발, 강사·체험 운영, 성과측정",개별 귀속 여부는 원문 기준,http://www.poscocnc.com/,https://www.poscosteeleon.com/kr/esg/report.do?PAGE_SEQ=10153,https://csrhub.chest.or.kr/contributors/private/141,우선: 포스코1%나눔재단 02-3457-1002 / nanum@poscofoundation.org / https://www.poscofoundation.org/front/consortium/location.do | 접근: 재단 메일·전화로 교육사업 제안 후 사업 귀속 계열사 확인 | 기업 홈페이지: http://www.poscocnc.com/
동원테크,325,268,D,"자동차 및 트레일러 제조업 기업, 기타법인, 경상남도 김해시 소재, 직원 0명.",자동차 및 트레일러 제조업,기타법인,경상남도 김해시 진례면 고모리 1045번지,0,,100,100,100,100,0,100,80,4,공개 주요사업 없음,,0,0,,,,현재 공개 주요사업에서는 직접적인 교육 접점이 확인되지 않음. 신규 교육형 사회공헌사업 제안 가능,개별 귀속 여부는 원문 기준,http://dongwontech.com/,,https://csrhub.chest.or.kr/contributors/private/325,2차 선별 외—심층 연락처 우선조사 미실시 | 기본: http://dongwontech.com/ | 접근: 공식 대표·문의 페이지에서 ESG·사회공헌·대외협력 담당 연결 요청
삼양홀딩스,262,268,B,"지주회사 기업, 유가증권시장, 서울특별시 종로구 소재, 2025년 매출 약 3.3조원, 직원 145명.",지주회사,유가증권시장,서울특별시 종로구 종로33길 31,145,"33,482.90",100,100,100,100,0,100,80,4,교육자립지원(1) / 기초생계지원(1) / 주거안전지원(1),취약계층 사랑의 밑반찬 나눔사업 / 학교부적응 청소년의 대안교육 지원사업 / 한부모가족 공동생활가정형 주거지원사업,3,1,33.30%,청소년·청년 교육,학교부적응 청소년의 대안교육 지원사업,"청소년 학습·진로 프로그램 기획, 학교·지역기관 연계, 참여자 운영",개별 귀속 여부는 원문 기준,http://www.samyang.com/,https://www.samyang.com/kr/esg/report,https://csrhub.chest.or.kr/contributors/private/262,기본: 02-740-7114 / https://www.samyang.com/kr/index | 접근: 대표전화에서 ESG·사회공헌 담당 연결 요청 | 기업 홈페이지: http://www.samyang.com/
포스코엠텍,139,268,A,"그 외 기타 1차 철강 제조업 기업, 코스닥시장, 경상북도 포항시 소재, 2025년 매출 약 3,574억원, 직원 999명.",그 외 기타 1차 철강 제조업,코스닥시장,경상북도 포항시 남구 형산강북로 131 포스코엠텍,999,"3,574.30",100,100,100,100,0,100,80,4,교육자립지원(2) / 소통과참여확대(1) / 심리정서지원(1),취약계층 아동 대상 연말 선물 지원 사업 : HOPE BOX(희망꾸러미) / 저소득 계층 아동 장학금 지원사업 / 미래세대 자연 탐방 야외 활동 지원,4,2,50.00%,교육격차·취약계층 / 진로·취업·자립 / 청소년·청년 교육,저소득 계층 아동 장학금 지원사업 / 미래세대 자연 탐방 야외 활동 지원,"청년·경력전환자 직무교육·취업지원, 멘토링, 성과관리 / 청소년 학습·진로 프로그램 기획, 학교·지역기관 연계, 참여자 운영 / 교육취약계층 맞춤형 학습지원, 모집·운영 통합관리, 지역 확산",개별 귀속 여부는 원문 기준,http://www.poscomtech.com/,http://www.poscomtech.com/esg/citizen3.do,https://csrhub.chest.or.kr/contributors/private/139,우선: 포스코1%나눔재단 02-3457-1002 / nanum@poscofoundation.org / https://www.poscofoundation.org/front/consortium/location.do | 접근: 재단 메일·전화로 교육사업 제안 후 사업 귀속 계열사 확인 | 기업 홈페이지: http://www.poscomtech.com/
포스코플로우,143,268,A,"기타 해상 운송업 기업, 기타법인, 전라남도 광양시 소재, 2025년 매출 약 2.3조원, 직원 0명.",기타 해상 운송업,기타법인,"전라남도 광양시 제철로 1800, 씨티에스 기지 내(금호동)",0,"23,296.30",100,100,100,100,0,100,80,4,교육자립지원(2),평택시 취약계층 영유아 양육격차 해소를 위한 도서 지원 「내 생애 첫 책」 / 소외계층 음악교육 '광양 엘 시스테마(El Sistema) 사업',2,2,100.00%,교육격차·취약계층 / 청소년·청년 교육,평택시 취약계층 영유아 양육격차 해소를 위한 도서 지원 「내 생애 첫 책」 / 소외계층 음악교육 '광양 엘 시스테마(El Sistema) 사업',"청소년 학습·진로 프로그램 기획, 학교·지역기관 연계, 참여자 운영 / 교육취약계층 맞춤형 학습지원, 모집·운영 통합관리, 지역 확산",개별 귀속 여부는 원문 기준,http://www.poscoflow.com/,https://www.poscoflow.com/esg/esg3.do,https://csrhub.chest.or.kr/contributors/private/143,우선: 포스코1%나눔재단 02-3457-1002 / nanum@poscofoundation.org / https://www.poscofoundation.org/front/consortium/location.do | 접근: 재단 메일·전화로 교육사업 제안 후 사업 귀속 계열사 확인 | 기업 홈페이지: http://www.poscoflow.com/
코오롱이앤피,196,272,B,"합성수지 및 기타 플라스틱 물질 제조업 기업, 기타법인, 경상북도 김천시 소재, 2025년 매출 약 4,687억원, 직원 405명.",합성수지 및 기타 플라스틱 물질 제조업,기타법인,경상북도 김천시 공단3길 64 (응명동),405,"4,686.90",130,130,130,0,20,97.5,82,3,교육자립지원(1) / 주거안전지원(1),아동 놀 권리 회복을 위한 '놀이터를 지켜라' 캠페인 : 도시놀이환경개선사업 / 지역아동센터 지원 Hello Dream ‘Eco Science Class’,2,1,50.00%,청소년·청년 교육,지역아동센터 지원 Hello Dream ‘Eco Science Class’,"청소년 학습·진로 프로그램 기획, 학교·지역기관 연계, 참여자 운영",동일한 공개 사업 목록이 6개 기업에 공통 표시됨(그룹 사업 가능성),http://www.kolonenp.com/,https://kolonenp.com/sub/sbm-report.php,https://csrhub.chest.or.kr/contributors/private/196,"우선: 해당 계열사 공식 홈페이지·대표문의 | 접근: 교육·장학형 사업은 코오롱 그룹 공익재단 주관 여부를 먼저 확인하고, 대표전화에서 사회공헌 담당 연결 요청(공개 직통 미확인) | 기업 홈페이지: http://www.kolonenp.com/"
동우화인켐,470,273,C,"석탄화학계 화합물 및 기타 기초 유기화학 물질 제조업 기업, 기타법인, 전라북도 익산시 소재.",석탄화학계 화합물 및 기타 기초 유기화학 물질 제조업,기타법인,전라북도 익산시 약촌로 132,,,100.9,95.1,93.7,94.9,0,96.1,76.9,4,소통과참여확대(1) / 심리정서지원(1),어르신 네일케어 사랑의 손길 / 평택시 아동시설 환경 개선사업,2,0,0.00%,,,현재 공개 주요사업에서는 직접적인 교육 접점이 확인되지 않음. 신규 교육형 사회공헌사업 제안 가능,개별 귀속 여부는 원문 기준,http://www.dwchem.co.kr/,https://www.dwchem.co.kr/contents.do?lang=kor&menuPos=34,https://csrhub.chest.or.kr/contributors/private/470,2차 선별 외—심층 연락처 우선조사 미실시 | 기본: http://www.dwchem.co.kr/ | 접근: 공식 대표·문의 페이지에서 ESG·사회공헌·대외협력 담당 연결 요청
삼진,1499,274,D,"통신 및 방송장비 제조업 기업, 코스닥시장, 경기도 안양시 소재, 2025년 매출 약 1,483억원, 직원 63명.",통신 및 방송장비 제조업,코스닥시장,경기도 안양시 만안구 안양천서로 81 (주)삼진,63,"1,483.20",96,96,96,96,9,96,78.6,4,공개 주요사업 없음,,0,0,,,,현재 공개 주요사업에서는 직접적인 교육 접점이 확인되지 않음. 신규 교육형 사회공헌사업 제안 가능,개별 귀속 여부는 원문 기준,http://www.samjin.com/,,https://csrhub.chest.or.kr/contributors/private/1499,2차 선별 외—심층 연락처 우선조사 미실시 | 기본: http://www.samjin.com/ | 접근: 공식 대표·문의 페이지에서 ESG·사회공헌·대외협력 담당 연결 요청
동원개발,1352,275,D,"아파트 건설업 기업, 코스닥시장, 부산광역시 수영구 소재, 2025년 매출 약 3,873억원, 직원 286명.",아파트 건설업,코스닥시장,"부산광역시 수영구 수영로 754 동원빌딩 (민락동,센텀비스타동원)",286,"3,873.40",252.5,0,117.6,13.8,0,96,76.8,2,공개 주요사업 없음,,0,0,,,,현재 공개 주요사업에서는 직접적인 교육 접점이 확인되지 않음. 신규 교육형 사회공헌사업 제안 가능,개별 귀속 여부는 원문 기준,http://www.dongwonapt.co.kr/,,https://csrhub.chest.or.kr/contributors/private/1352,2차 선별 외—심층 연락처 우선조사 미실시 | 기본: http://www.dongwonapt.co.kr/ | 접근: 공식 대표·문의 페이지에서 ESG·사회공헌·대외협력 담당 연결 요청
한화갤러리아,1328,276,D,"백화점 기업, 유가증권시장, 서울특별시 마포구 소재, 2025년 매출 약 5,752억원, 직원 761명.",백화점,유가증권시장,"서울특별시 마포구 양화로 81 H스퀘어빌딩 6층, 7층, 8층",761,"5,751.70",0,381.6,0,0,0,95.4,76.3,1,공개 주요사업 없음,,0,0,,,,현재 공개 주요사업에서는 직접적인 교육 접점이 확인되지 않음. 신규 교육형 사회공헌사업 제안 가능,개별 귀속 여부는 원문 기준,http://www.hanwhagalleria.co.kr/,,https://csrhub.chest.or.kr/contributors/private/1328,2차 선별 외—심층 연락처 우선조사 미실시 | 기본: http://www.hanwhagalleria.co.kr/ | 접근: 공식 대표·문의 페이지에서 ESG·사회공헌·대외협력 담당 연결 요청
대구중앙청과,853,277,D,"농산물 유통 및 도매 기업, 기타법인, 대구광역시 북구 소재.",농산물 유통 및 도매,기타법인,대구광역시 북구 매천로18길34,,,50,106,106.5,108,0,92.6,74.1,3,공개 주요사업 없음,,0,0,,,,현재 공개 주요사업에서는 직접적인 교육 접점이 확인되지 않음. 신규 교육형 사회공헌사업 제안 가능,개별 귀속 여부는 원문 기준,http://www.tgjungang.co.kr/renew/main/main.html,,https://csrhub.chest.or.kr/contributors/private/853,2차 선별 외—심층 연락처 우선조사 미실시 | 기본: http://www.tgjungang.co.kr/renew/main/main.html | 접근: 공식 대표·문의 페이지에서 ESG·사회공헌·대외협력 담당 연결 요청
세아베스틸,255,278,A,"기타 제철 및 제강업 기업, 기타법인, 서울특별시 마포구 소재, 2025년 매출 약 2.0조원, 직원 1,527명.",기타 제철 및 제강업,기타법인,서울특별시 마포구 양화로 45 세아타워,"1,527","20,008.00",50,110,110,100,0,92.5,74,3,교육자립지원(3) / 주거안전지원(1),학대피해아동 원가정 기능 회복을 위한 주거환경개선사업 '우리가족 울타리이음' / 아동청소년의 자기주도적 미래설계를 위한 법교육 및 진로교육 / 자립준비청년 및 청년의 취업역량 강화를 위한 일 경험(인턴십) 프로그램 : '아름다운 함께서기',4,3,75.00%,교육격차·취약계층 / 진로·취업·자립 / 청소년·청년 교육 / 환경·안전·문화 교육,아동청소년의 자기주도적 미래설계를 위한 법교육 및 진로교육 / 자립준비청년 및 청년의 취업역량 강화를 위한 일 경험(인턴십) 프로그램 : '아름다운 함께서기' / 북한이탈여성청년들의 자립기반형성프로젝트_'서로잇다'_함께 책 한잔 어때요?,"청년·경력전환자 직무교육·취업지원, 멘토링, 성과관리 / 청소년 학습·진로 프로그램 기획, 학교·지역기관 연계, 참여자 운영 / 교육취약계층 맞춤형 학습지원, 모집·운영 통합관리, 지역 확산",동일한 공개 사업 목록이 7개 기업에 공통 표시됨(그룹 사업 가능성),http://www.seahbesteel.co.kr/,https://www.seahbesteel.co.kr/about/sustainability/esg.asp,https://csrhub.chest.or.kr/contributors/private/255,우선: 세아해암학술장학재단 02-6970-0171 / hwangeun.choi@seah.co.kr / https://haiam.seah.co.kr/pages/?p=6 | 효과적 경로: 홈페이지 카카오톡 1:1상담(재단은 전화상담이 어렵다고 안내) | 기업 홈페이지: http://www.seahbesteel.co.kr/
현대비앤지스틸,128,279,D,"냉간 압연 및 압출 제품 제조업 기업, 유가증권시장, 경상남도 창원시 소재, 2025년 매출 약 7,413억원, 직원 476명.",냉간 압연 및 압출 제품 제조업,유가증권시장,경상남도 창원시 성산구 적현로 124,476,"7,412.50",75,98.5,124.9,71,0,92.3,73.9,4,공개 주요사업 없음,,0,0,,,,현재 공개 주요사업에서는 직접적인 교육 접점이 확인되지 않음. 신규 교육형 사회공헌사업 제안 가능,개별 귀속 여부는 원문 기준,http://www.hyundai-bngsteel.com/,https://www.bngsteel.com/kr/pds/file/pdf/Sustainability_Report.pdf,https://csrhub.chest.or.kr/contributors/private/128,2차 선별 외—심층 연락처 우선조사 미실시 | 기본: http://www.hyundai-bngsteel.com/ | 접근: 공식 대표·문의 페이지에서 ESG·사회공헌·대외협력 담당 연결 요청
이마트,19,280,C,"종합 소매업 기업, 유가증권시장, 서울특별시 중구 소재, 2025년 매출 약 29.0조원, 직원 23,075명.",종합 소매업,유가증권시장,서울특별시 중구 세종대로7길 37,"23,075","289,703.90",123.4,149.6,51.3,37.8,1.1,90.5,72.6,2,기초생계지원(1) / 주거안전지원(1),*** 출입구 새단장 사업 / 2024 정담은 생신상 차려드리기 사업,2,0,0.00%,,,현재 공개 주요사업에서는 직접적인 교육 접점이 확인되지 않음. 신규 교육형 사회공헌사업 제안 가능,개별 귀속 여부는 원문 기준,http://emartcompany.com/ko/main.do,https://company.emart.com/ko/ethic/sustainability_report.do,https://csrhub.chest.or.kr/contributors/private/19,2차 선별 외—심층 연락처 우선조사 미실시 | 기본: http://emartcompany.com/ko/main.do | 접근: 공식 대표·문의 페이지에서 ESG·사회공헌·대외협력 담당 연결 요청
세방전지,1005,281,D,"축전지 제조업 기업, 유가증권시장, 서울특별시 강남구 소재, 2025년 매출 약 2.1조원, 직원 1,284명.",축전지 제조업,유가증권시장,서울특별시 강남구 선릉로 433,"1,284","21,420.70",3,3,3,353,3,90.5,73,1,공개 주요사업 없음,,0,0,,,,현재 공개 주요사업에서는 직접적인 교육 접점이 확인되지 않음. 신규 교육형 사회공헌사업 제안 가능,개별 귀속 여부는 원문 기준,http://www.gbattery.com/,,https://csrhub.chest.or.kr/contributors/private/1005,2차 선별 외—심층 연락처 우선조사 미실시 | 기본: http://www.gbattery.com/ | 접근: 공식 대표·문의 페이지에서 ESG·사회공헌·대외협력 담당 연결 요청
청담글로벌,1321,282,D,"화장품 및 화장용품 도매업 기업, 코스닥시장, 서울특별시 강남구 소재, 2025년 매출 약 2,174억원, 직원 67명.",화장품 및 화장용품 도매업,코스닥시장,서울특별시 강남구 언주로 735 16층,67,"2,173.90",0,0,0,361.9,0,90.5,72.4,1,공개 주요사업 없음,,0,0,,,,현재 공개 주요사업에서는 직접적인 교육 접점이 확인되지 않음. 신규 교육형 사회공헌사업 제안 가능,개별 귀속 여부는 원문 기준,http://www.chungdamgroup.com/,,https://csrhub.chest.or.kr/contributors/private/1321,2차 선별 외—심층 연락처 우선조사 미실시 | 기본: http://www.chungdamgroup.com/ | 접근: 공식 대표·문의 페이지에서 ESG·사회공헌·대외협력 담당 연결 요청
새만금희망태양광,373,283,D,"태양력 발전업 기업, 기타법인, 전라북도 군산시 소재, 직원 0명.",태양력 발전업,기타법인,"전라북도 군산시 새만금북로 510 (오식도동), 3층 새만금희망태양광",0,,0,0,10,351,361,90.3,144.4,1,공개 주요사업 없음,,0,0,,,,현재 공개 주요사업에서는 직접적인 교육 접점이 확인되지 않음. 신규 교육형 사회공헌사업 제안 가능,개별 귀속 여부는 원문 기준,,https://www.sdco.or.kr/menu.es?mid=a10501010000,https://csrhub.chest.or.kr/contributors/private/373,2차 선별 외—심층 연락처 우선조사 미실시 | 기본: 공식 홈페이지 미확인 | 접근: 공식 대표·문의 페이지에서 ESG·사회공헌·대외협력 담당 연결 요청
현대커머셜,131,284,A,"신용카드 및 할부 금융업 기업, 기타법인, 서울특별시 영등포구 소재, 2025년 매출 약 1.1조원, 직원 491명.",신용카드 및 할부 금융업,기타법인,서울특별시 영등포구 국회대로66길 3 현대카드빌딩 2관,491,"10,708.40",57.1,84,90.5,128.6,0,90,72,3,주거안전지원(16) / 교육자립지원(13) / 보건의료지원(6),아동학대 예방 및 아동보호체계 강화를 위한 통합지원 사업 현대자동차그룹 'i-CARE(아이케어)'- 2차년도 / 전국 사회복지기관 친환경 EV패키지 지원사업 ‘E-share’ / 지역사회복지기관 지원을 통한 사회복지 서비스 역량 강화：지역사회복지 지원사업,50,22,44.00%,교육격차·취약계층 / 디지털·AI 교육 / 멘토링·학습관리 / 시니어·중장년 교육 / 진로·취업·자립 / 청소년·청년 교육 / 환경·안전·문화 교육,지역사회복지기관 지원을 통한 사회복지 서비스 역량 강화：지역사회복지 지원사업 / 취약계층 청소년 및 대학생 인재의 교육기회 불평등 해소를 위한 학습지도 및 멘토링 지원 사업 : H-점프스쿨 / 고령자 교통안전을 위한 교육 및 인식개선 사업 「2024년 교통안전 베테랑 교실」,"AI·디지털 교육과정 설계, 강사 운영, 프로젝트형 학습·성과관리 / 멘토 모집·교육·매칭, 활동 모니터링, 학습·성과관리 / 시니어·중장년 디지털·생애역량 교육과 지역 거점 운영",동일한 공개 사업 목록이 18개 기업에 공통 표시됨(그룹 사업 가능성),http://www.hyundaicommercial.com/,https://www.hyundaicommercial.com/ir/iki/ia/ikiia0501selectList.hc,https://csrhub.chest.or.kr/contributors/private/131,"우선: 현대차정몽구재단 02-746-0001 / https://www.hyundai-cmkfoundation.org/ | 보조: 현대자동차 공식 1:1 문의 https://www.hyundai.com/kr/ko/digital-customer-support/helpdesk/ask | 접근: 그룹 공동교육이면 재단, 계열사 단독사업이면 해당사 ESG 담당 연결 요청 | 기업 홈페이지: http://www.hyundaicommercial.com/"
GS글로벌,77,285,B,"상품 종합 도매업 기업, 유가증권시장, 서울특별시 강남구 소재, 2025년 매출 약 4.1조원, 직원 271명.",상품 종합 도매업,유가증권시장,서울특별시 강남구 논현로 508 GS강남타워,271,"41,092.60",10,90,170,90,5,90,73,3,심리정서지원(2) / 교육자립지원(1) / 기초생계지원(1),초기 청소년의 사회성 증진을 중심으로 한 심리정서지원사업 '마음톡톡' / 희망풍차 위기가정 긴급지원 / GS EPS(주) 민관 협업을 통한 지역사회 맞춤형 사회공헌(24년 1차),5,1,20.00%,교육격차·취약계층 / 진로·취업·자립 / 청소년·청년 교육 / 환경·안전·문화 교육,다문화 청소년 창의인재 양성 지원 『에너지 플러스』,"청년·경력전환자 직무교육·취업지원, 멘토링, 성과관리 / 청소년 학습·진로 프로그램 기획, 학교·지역기관 연계, 참여자 운영 / 교육취약계층 맞춤형 학습지원, 모집·운영 통합관리, 지역 확산",동일한 공개 사업 목록이 5개 기업에 공통 표시됨(그룹 사업 가능성),http://www.gsgcorp.com/,https://www.gsgcorp.com/Kr/SustainBusiness/index.aspx,https://csrhub.chest.or.kr/contributors/private/77,2차 선별 외—심층 연락처 우선조사 미실시 | 기본: http://www.gsgcorp.com/ | 접근: 공식 대표·문의 페이지에서 ESG·사회공헌·대외협력 담당 연결 요청
아시아나항공,46,285,D,"항공 여객 운송업 기업, 유가증권시장, 서울특별시 강서구 소재, 2025년 매출 약 7.3조원, 직원 7,479명.",항공 여객 운송업,유가증권시장,서울특별시 강서구 오정로 443-83,"7,479","72,668.50",0,0,0,360,0,90,72,1,공개 주요사업 없음,,0,0,,,,현재 공개 주요사업에서는 직접적인 교육 접점이 확인되지 않음. 신규 교육형 사회공헌사업 제안 가능,개별 귀속 여부는 원문 기준,http://www.flyasiana.com/,https://flyasiana.com/C/KR/KO/contents/sustainability-report-esg1,https://csrhub.chest.or.kr/contributors/private/46,2차 선별 외—심층 연락처 우선조사 미실시 | 기본: http://www.flyasiana.com/ | 접근: 공식 대표·문의 페이지에서 ESG·사회공헌·대외협력 담당 연결 요청
녹십자,306,287,C,"의약품 제조업 기업, 유가증권시장, 경기도 용인시 소재, 2025년 매출 약 2.0조원, 직원 2,351명.",의약품 제조업,유가증권시장,경기도 용인시 기흥구 이현로30번길 107(보정동),"2,351","19,912.80",72.7,69.7,56.8,157.7,7.1,89.2,72.8,2,기초생계지원(2) / 소통과참여확대(2),"2024. 청주복지페스티벌 ""통합 10년 청주 복지 앙상블"" 지원사업 / 청주시 저소득 가구의 긴급한 위기상황 해소 지원사업 “365! 두드림 통합복지포털 긴급지원” / 청주시 지역사회보호체계 구축을 위한 차량지원사업 ‘민관협력은 촘촘한 바람을 타고’",4,0,0.00%,,,현재 공개 주요사업에서는 직접적인 교육 접점이 확인되지 않음. 신규 교육형 사회공헌사업 제안 가능,개별 귀속 여부는 원문 기준,http://www.gcbiopharma.com/,https://www.gccorp.com/kor/esg/esg,https://csrhub.chest.or.kr/contributors/private/306,2차 선별 외—심층 연락처 우선조사 미실시 | 기본: http://www.gcbiopharma.com/ | 접근: 공식 대표·문의 페이지에서 ESG·사회공헌·대외협력 담당 연결 요청
에이비엘생명보험,981,288,D,"생명보험업 기업, 기타법인, 서울특별시 영등포구 소재.",생명보험업,기타법인,서울특별시 영등포구 의사당대로 147 ABL타워,,,0,0,0,356,0,89,71.2,1,공개 주요사업 없음,,0,0,,,,현재 공개 주요사업에서는 직접적인 교육 접점이 확인되지 않음. 신규 교육형 사회공헌사업 제안 가능,개별 귀속 여부는 원문 기준,https://www.abllife.co.kr/,,https://csrhub.chest.or.kr/contributors/private/981,2차 선별 외—심층 연락처 우선조사 미실시 | 기본: https://www.abllife.co.kr/ | 접근: 공식 대표·문의 페이지에서 ESG·사회공헌·대외협력 담당 연결 요청
로쏘,434,289,D,"빵류 제조업 기업, 기타법인, 대전광역시 중구 소재, 직원 0명.",빵류 제조업,기타법인,대전광역시 중구 대종로480번길 15 (은행동),0,,35,50,100,171,0,89,71.2,2,공개 주요사업 없음,,0,0,,,,현재 공개 주요사업에서는 직접적인 교육 접점이 확인되지 않음. 신규 교육형 사회공헌사업 제안 가능,개별 귀속 여부는 원문 기준,https://www.sungsimdang.co.kr/,https://www.sungsimdang.co.kr/page/23,https://csrhub.chest.or.kr/contributors/private/434,2차 선별 외—심층 연락처 우선조사 미실시 | 기본: https://www.sungsimdang.co.kr/ | 접근: 공식 대표·문의 페이지에서 ESG·사회공헌·대외협력 담당 연결 요청
동원F&B,1053,290,D,"동물용 사료 및 조제식품 제조업 기업, 기타법인, 서울특별시 서초구 소재, 2025년 매출 약 4.9조원, 직원 3,260명.",동물용 사료 및 조제식품 제조업,기타법인,서울특별시 서초구 마방로 68 (양재동) 동원산업빌딩,"3,260","48,777.30",25.7,272.5,28,29,13.8,88.8,73.8,1,공개 주요사업 없음,,0,0,,,,현재 공개 주요사업에서는 직접적인 교육 접점이 확인되지 않음. 신규 교육형 사회공헌사업 제안 가능,개별 귀속 여부는 원문 기준,http://www.dongwonfnb.com/,,https://csrhub.chest.or.kr/contributors/private/1053,2차 선별 외—심층 연락처 우선조사 미실시 | 기본: http://www.dongwonfnb.com/ | 접근: 공식 대표·문의 페이지에서 ESG·사회공헌·대외협력 담당 연결 요청
웅진씽크빅,1529,291,D,"초등학교 기업, 유가증권시장, 경기도 파주시 소재, 2025년 매출 약 7,974억원, 직원 1,532명.",초등학교,유가증권시장,경기도 파주시 회동길 20,"1,532","7,973.60",130.8,121.9,54.2,45.6,0.3,88.1,70.6,2,공개 주요사업 없음,,0,0,,,,현재 공개 주요사업에서는 직접적인 교육 접점이 확인되지 않음. 신규 교육형 사회공헌사업 제안 가능,개별 귀속 여부는 원문 기준,http://www.wjthinkbig.com/,,https://csrhub.chest.or.kr/contributors/private/1529,2차 선별 외—심층 연락처 우선조사 미실시 | 기본: http://www.wjthinkbig.com/ | 접근: 공식 대표·문의 페이지에서 ESG·사회공헌·대외협력 담당 연결 요청
하나저축은행,227,292,A,"상호 저축은행 및 기타 저축기관 기업, 기타법인, 서울특별시 강남구 소재, 직원 0명.",상호 저축은행 및 기타 저축기관,기타법인,서울특별시 강남구 테헤란로 127 하나금융그룹강남사옥 16층,0,,84,84,79.5,101.1,0.3,87.1,69.8,4,교육자립지원(8) / 기초생계지원(6) / 문화정보격차해소(4),자립·자활을 위한 자산형성지원사업 / K리그 통합축구활성화 및 친환경리그 지원사업 / 해외청소년 한국어 교육 연수지원사업,22,9,40.90%,교육격차·취약계층 / 멘토링·학습관리 / 진로·취업·자립 / 청소년·청년 교육 / 환경·안전·문화 교육,해외청소년 한국어 교육 연수지원사업 / 소외계층 청년세대를 위한 복합문화공간 지원사업 : HANA SHARING / 지역아동센터 아동/청소년의 미래를 위한 환경교육지원사업,"멘토 모집·교육·매칭, 활동 모니터링, 학습·성과관리 / 청년·경력전환자 직무교육·취업지원, 멘토링, 성과관리 / 청소년 학습·진로 프로그램 기획, 학교·지역기관 연계, 참여자 운영",동일한 공개 사업 목록이 14개 기업에 공통 표시됨(그룹 사업 가능성),http://www.hanasavings.com/,https://hanafn.com/esg/reporting/reprt.do,https://csrhub.chest.or.kr/contributors/private/227,"우선: 하나금융나눔재단 사업신청·문의 https://hana-nanum.com/?p=43&page=3&viewMode=add | 신청 안내 02-728-4092~5 / 재단 02-729-8934~7 | 접근: 기관회원 가입 후 사업신청, 전화는 접수 절차 확인용 | 기업 홈페이지: http://www.hanasavings.com/"
블루인더스,326,293,D,"기타 직물제품 제조업 기업, 기타법인, 경상남도 양산시 소재.",기타 직물제품 제조업,기타법인,"경상남도 양산시 어곡공단4길 17-30 (어곡동, (주)블루인더스)",,,118.4,99.6,128.4,0,55,86.6,80.3,3,공개 주요사업 없음,,0,0,,,,현재 공개 주요사업에서는 직접적인 교육 접점이 확인되지 않음. 신규 교육형 사회공헌사업 제안 가능,개별 귀속 여부는 원문 기준,http://www.blueind.co.kr/,https://www.blueind.co.kr/?id=inc&action=SDGs,https://csrhub.chest.or.kr/contributors/private/326,2차 선별 외—심층 연락처 우선조사 미실시 | 기본: http://www.blueind.co.kr/ | 접근: 공식 대표·문의 페이지에서 ESG·사회공헌·대외협력 담당 연결 요청
중흥토건,1095,294,D,"아파트 건설업 기업, 기타법인, 광주광역시 북구 소재, 직원 0명.",아파트 건설업,기타법인,광주광역시 북구 무등로 204 (신안동),0,,200,105,27.6,13.8,1,86.6,69.5,2,공개 주요사업 없음,,0,0,,,,현재 공개 주요사업에서는 직접적인 교육 접점이 확인되지 않음. 신규 교육형 사회공헌사업 제안 가능,개별 귀속 여부는 원문 기준,http://www.jungheung.co.kr/,,https://csrhub.chest.or.kr/contributors/private/1095,2차 선별 외—심층 연락처 우선조사 미실시 | 기본: http://www.jungheung.co.kr/ | 접근: 공식 대표·문의 페이지에서 ESG·사회공헌·대외협력 담당 연결 요청
에스비선보,297,295,D,"선박 구성 부분품 제조업 기업, 기타법인, 부산광역시 사하구 소재, 2025년 매출 약 2,089억원, 직원 0명.",선박 구성 부분품 제조업,기타법인,부산광역시 사하구 다산로 80,0,"2,089.00",132,35,79,95,0,85.2,68.2,3,공개 주요사업 없음,,0,0,,,,현재 공개 주요사업에서는 직접적인 교육 접점이 확인되지 않음. 신규 교육형 사회공헌사업 제안 가능,개별 귀속 여부는 원문 기준,https://sbsunbo.com/,https://sunboind.co.kr/bbs/board.php?bo_table=news&sca=%EC%82%AC%ED%9A%8C%EA%B3%B5%ED%97%8C&gubun=society,https://csrhub.chest.or.kr/contributors/private/297,2차 선별 외—심층 연락처 우선조사 미실시 | 기본: https://sbsunbo.com/ | 접근: 공식 대표·문의 페이지에서 ESG·사회공헌·대외협력 담당 연결 요청
동양,1173,296,D,"레미콘 제조업 기업, 유가증권시장, 서울특별시 영등포구 소재, 2025년 매출 약 6,306억원, 직원 483명.",레미콘 제조업,유가증권시장,서울특별시 영등포구 국제금융로2길 24 -,483,"6,306.30",100,100,60,80,0,85,68,3,공개 주요사업 없음,,0,0,,,,현재 공개 주요사업에서는 직접적인 교육 접점이 확인되지 않음. 신규 교육형 사회공헌사업 제안 가능,개별 귀속 여부는 원문 기준,http://www.tongyanginc.co.kr/,,https://csrhub.chest.or.kr/contributors/private/1173,2차 선별 외—심층 연락처 우선조사 미실시 | 기본: http://www.tongyanginc.co.kr/ | 접근: 공식 대표·문의 페이지에서 ESG·사회공헌·대외협력 담당 연결 요청
주성씨앤에어,381,297,C,"화물 운송 중개, 대리 및 관련 서비스업 기업, 기타법인, 서울특별시 중구 소재, 직원 0명.","화물 운송 중개, 대리 및 관련 서비스업",기타법인,"서울특별시 중구 필동로 47 3층(필동3가, 주성빌딩)",0,,100,64.3,67.1,107.9,4,84.8,68.7,2,기초생계지원(1),2024년 줄포면 복지사각지대 해소를 위한 맞춤형 복지사업,1,0,0.00%,,,현재 공개 주요사업에서는 직접적인 교육 접점이 확인되지 않음. 신규 교육형 사회공헌사업 제안 가능,개별 귀속 여부는 원문 기준,http://www.jssa.co.kr/,,https://csrhub.chest.or.kr/contributors/private/381,2차 선별 외—심층 연락처 우선조사 미실시 | 기본: http://www.jssa.co.kr/ | 접근: 공식 대표·문의 페이지에서 ESG·사회공헌·대외협력 담당 연결 요청
농협금융지주,1039,298,D,"지주회사 기업, 기타법인, 서울특별시 중구 소재.",지주회사,기타법인,서울특별시 중구 새문안로 16 농협금융지주 주식회사,,,84,29,60,155.4,0,82.1,65.7,2,공개 주요사업 없음,,0,0,,,,현재 공개 주요사업에서는 직접적인 교육 접점이 확인되지 않음. 신규 교육형 사회공헌사업 제안 가능,개별 귀속 여부는 원문 기준,http://www.nhfngroup.com/,,https://csrhub.chest.or.kr/contributors/private/1039,2차 선별 외—심층 연락처 우선조사 미실시 | 기본: http://www.nhfngroup.com/ | 접근: 공식 대표·문의 페이지에서 ESG·사회공헌·대외협력 담당 연결 요청
골프존카운티,1420,299,D,"골프장 운영업 기업, 기타법인, 대전광역시 유성구 소재, 2025년 매출 약 1,775억원, 직원 0명.",골프장 운영업,기타법인,"대전광역시 유성구 엑스포로97번길 40 (도룡동, 골프존대전사옥) 6층",0,"1,775.20",165,162,0,0,0,81.8,65.4,2,공개 주요사업 없음,,0,0,,,,현재 공개 주요사업에서는 직접적인 교육 접점이 확인되지 않음. 신규 교육형 사회공헌사업 제안 가능,개별 귀속 여부는 원문 기준,http://www.golfzoncounty.com/,,https://csrhub.chest.or.kr/contributors/private/1420,2차 선별 외—심층 연락처 우선조사 미실시 | 기본: http://www.golfzoncounty.com/ | 접근: 공식 대표·문의 페이지에서 ESG·사회공헌·대외협력 담당 연결 요청
오리온,987,300,D,"동물용 사료 및 조제식품 제조업 기업, 유가증권시장, 서울특별시 강남구 소재, 2025년 매출 약 3.3조원, 직원 1,623명.",동물용 사료 및 조제식품 제조업,유가증권시장,서울특별시 강남구 남부순환로 2745 -,"1,623","33,324.40",42.4,53.5,35.4,194.9,0,81.6,65.3,1,공개 주요사업 없음,,0,0,,,,현재 공개 주요사업에서는 직접적인 교육 접점이 확인되지 않음. 신규 교육형 사회공헌사업 제안 가능,개별 귀속 여부는 원문 기준,http://www.orionworld.com/,,https://csrhub.chest.or.kr/contributors/private/987,2차 선별 외—심층 연락처 우선조사 미실시 | 기본: http://www.orionworld.com/ | 접근: 공식 대표·문의 페이지에서 ESG·사회공헌·대외협력 담당 연결 요청
두나무,1323,301,D,"정보서비스업 기업, 기타법인, 서울특별시 서초구 소재, 직원 696명.",정보서비스업,기타법인,"서울특별시 서초구 강남대로 369 (서초동, 디에프타워) 8층, 12층, 15층, 17층, 18층",696,,83.2,0,0,241.9,784.8,81.3,222,2,공개 주요사업 없음,,0,0,,,,현재 공개 주요사업에서는 직접적인 교육 접점이 확인되지 않음. 신규 교육형 사회공헌사업 제안 가능,개별 귀속 여부는 원문 기준,http://www.dunamu.com/,,https://csrhub.chest.or.kr/contributors/private/1323,2차 선별 외—심층 연락처 우선조사 미실시 | 기본: http://www.dunamu.com/ | 접근: 공식 대표·문의 페이지에서 ESG·사회공헌·대외협력 담당 연결 요청
하나자산신탁,226,302,A,"신탁업 및 집합 투자업 기업, 기타법인, 서울특별시 강남구 소재, 직원 0명.",신탁업 및 집합 투자업,기타법인,서울특별시 강남구 테헤란로 127,0,,106.5,75,58.5,82.9,0.2,80.7,64.6,3,교육자립지원(8) / 기초생계지원(6) / 문화정보격차해소(4),자립·자활을 위한 자산형성지원사업 / K리그 통합축구활성화 및 친환경리그 지원사업 / 해외청소년 한국어 교육 연수지원사업,22,9,40.90%,교육격차·취약계층 / 멘토링·학습관리 / 진로·취업·자립 / 청소년·청년 교육 / 환경·안전·문화 교육,해외청소년 한국어 교육 연수지원사업 / 소외계층 청년세대를 위한 복합문화공간 지원사업 : HANA SHARING / 지역아동센터 아동/청소년의 미래를 위한 환경교육지원사업,"멘토 모집·교육·매칭, 활동 모니터링, 학습·성과관리 / 청년·경력전환자 직무교육·취업지원, 멘토링, 성과관리 / 청소년 학습·진로 프로그램 기획, 학교·지역기관 연계, 참여자 운영",동일한 공개 사업 목록이 14개 기업에 공통 표시됨(그룹 사업 가능성),http://www.hanatrust.com/,https://hanafn.com/esg/reporting/reprt.do,https://csrhub.chest.or.kr/contributors/private/226,"우선: 하나금융나눔재단 사업신청·문의 https://hana-nanum.com/?p=43&page=3&viewMode=add | 신청 안내 02-728-4092~5 / 재단 02-729-8934~7 | 접근: 기관회원 가입 후 사업신청, 전화는 접수 절차 확인용 | 기업 홈페이지: http://www.hanatrust.com/"
삼영전자공업,286,303,D,"전자 축전기 제조업 기업, 유가증권시장, 경기도 성남시 소재, 2025년 매출 약 1,497억원, 직원 305명.",전자 축전기 제조업,유가증권시장,경기도 성남시 중원구 사기막골로 47 (상대원동),305,"1,497.30",100,120,100,0,0,80,64,3,공개 주요사업 없음,,0,0,,,,현재 공개 주요사업에서는 직접적인 교육 접점이 확인되지 않음. 신규 교육형 사회공헌사업 제안 가능,개별 귀속 여부는 원문 기준,http://www.samyoung.co.kr/,https://www.samyoung.co.kr/company/public.asp,https://csrhub.chest.or.kr/contributors/private/286,2차 선별 외—심층 연락처 우선조사 미실시 | 기본: http://www.samyoung.co.kr/ | 접근: 공식 대표·문의 페이지에서 ESG·사회공헌·대외협력 담당 연결 요청
SK바이오사이언스,837,304,A,"기초 의약 물질 및 생물학적 제제 제조업 기업, 유가증권시장, 인천광역시 연수구 소재, 2025년 매출 약 6,514억원, 직원 1,129명.",기초 의약 물질 및 생물학적 제제 제조업,유가증권시장,인천광역시 연수구 연구단지로 38 -,"1,129","6,513.70",0,119,0,200,0,79.8,63.8,2,교육자립지원(2) / 문화정보격차해소(1) / 보건의료지원(1),치매노인 및 발달장애인 실종예방을 위한 배회감지기 보급지원 사업 '행복GPS' / 전국 발달장애인 음악활동 지원사업 「GREAT MUSIC FESTIVAL」 / 장애청소년 행복 AI 코딩 챌린지 대회 배분신청서,6,3,50.00%,교육격차·취약계층 / 디지털·AI 교육 / 청소년·청년 교육 / 환경·안전·문화 교육,"장애청소년 행복 AI 코딩 챌린지 대회 배분신청서 / 청소년 행복AI코딩스쿨 / 베트남 짜빈성 기후위기 대응과 지역구성원들의 기후환경의식 및 삶의 질 개선을 위한 교육 지원 및 맹그로브 조림사업 ""지구 온난화 대응을 위한 맹그로브 숲 복원사업""","AI·디지털 교육과정 설계, 강사 운영, 프로젝트형 학습·성과관리 / 청소년 학습·진로 프로그램 기획, 학교·지역기관 연계, 참여자 운영 / 교육취약계층 맞춤형 학습지원, 모집·운영 통합관리, 지역 확산",개별 귀속 여부는 원문 기준,http://www.skbioscience.com/,https://esg.skbioscience.com/kr/,https://csrhub.chest.or.kr/contributors/private/837,우선: 행복나눔재단 02-333-3963 / https://skhappiness.org/contact/ | 접근: 교육·사회혁신 제안은 재단 문의 후 실제 사업 귀속 계열사 담당 연결 요청 | 기업 홈페이지: http://www.skbioscience.com/
대방건설,456,305,D,"주거용 건물 건설업 기업, 기타법인, 경기도 고양시 소재, 직원 0명.",주거용 건물 건설업,기타법인,경기도 고양시 일산동구 중앙로 1072 아이비프라자 5층 (백석동),0,,91.4,0,126.3,100,0,79.4,63.5,3,공개 주요사업 없음,,0,0,,,,현재 공개 주요사업에서는 직접적인 교육 접점이 확인되지 않음. 신규 교육형 사회공헌사업 제안 가능,개별 귀속 여부는 원문 기준,,https://www.dbcons.co.kr/user/nd80111.do,https://csrhub.chest.or.kr/contributors/private/456,2차 선별 외—심층 연락처 우선조사 미실시 | 기본: 공식 홈페이지 미확인 | 접근: 공식 대표·문의 페이지에서 ESG·사회공헌·대외협력 담당 연결 요청
한국공항,156,306,D,"기타 항공 운송지원 서비스업 기업, 유가증권시장, 서울특별시 강서구 소재, 2025년 매출 약 6,632억원, 직원 3,409명.",기타 항공 운송지원 서비스업,유가증권시장,서울특별시 강서구 양천로 13 (방화동) 한국공항(주),"3,409","6,631.90",0,115,100,100,0,78.8,63,3,공개 주요사업 없음,,0,0,,,,현재 공개 주요사업에서는 직접적인 교육 접점이 확인되지 않음. 신규 교육형 사회공헌사업 제안 가능,개별 귀속 여부는 원문 기준,http://www.kas.co.kr/,https://www.kas.co.kr/W/ESG/ESG_01.aspx,https://csrhub.chest.or.kr/contributors/private/156,2차 선별 외—심층 연락처 우선조사 미실시 | 기본: http://www.kas.co.kr/ | 접근: 공식 대표·문의 페이지에서 ESG·사회공헌·대외협력 담당 연결 요청
나무가,1534,307,D,"전자 부품 제조업 기업, 코스닥시장, 경기도 성남시 소재, 2025년 매출 약 4,599억원, 직원 129명.",전자 부품 제조업,코스닥시장,경기도 성남시 분당구 대왕판교로 670 유스페이스2 B동 7층,129,"4,598.80",5,0,198,110,0,78.3,62.6,2,공개 주요사업 없음,,0,0,,,,현재 공개 주요사업에서는 직접적인 교육 접점이 확인되지 않음. 신규 교육형 사회공헌사업 제안 가능,개별 귀속 여부는 원문 기준,http://www.namuga.co.kr/,,https://csrhub.chest.or.kr/contributors/private/1534,2차 선별 외—심층 연락처 우선조사 미실시 | 기본: http://www.namuga.co.kr/ | 접근: 공식 대표·문의 페이지에서 ESG·사회공헌·대외협력 담당 연결 요청
나눔테크,870,308,D,"그 외 기타 의료용 기기 제조업 기업, 코넥스시장, 광주광역시 북구 소재.",그 외 기타 의료용 기기 제조업,코넥스시장,광주광역시 북구 첨단벤처소로 57(월출동),,,0,110,100,100.9,40,77.7,70.2,3,공개 주요사업 없음,,0,0,,,,현재 공개 주요사업에서는 직접적인 교육 접점이 확인되지 않음. 신규 교육형 사회공헌사업 제안 가능,개별 귀속 여부는 원문 기준,http://www.nanoomtech.co.kr/,https://www.nanoomtech.co.kr/page/?pid=management_1,https://csrhub.chest.or.kr/contributors/private/870,2차 선별 외—심층 연락처 우선조사 미실시 | 기본: http://www.nanoomtech.co.kr/ | 접근: 공식 대표·문의 페이지에서 ESG·사회공헌·대외협력 담당 연결 요청
농심,1046,309,D,"동물용 사료 및 조제식품 제조업 기업, 유가증권시장, 서울특별시 동작구 소재, 2025년 매출 약 3.5조원, 직원 5,501명.",동물용 사료 및 조제식품 제조업,유가증권시장,서울특별시 동작구 여의대방로 112,"5,501","35,143.20",101.9,63.6,59.5,85.2,0,77.6,62.1,2,공개 주요사업 없음,,0,0,,,,현재 공개 주요사업에서는 직접적인 교육 접점이 확인되지 않음. 신규 교육형 사회공헌사업 제안 가능,개별 귀속 여부는 원문 기준,http://www.nongshim.com/,,https://csrhub.chest.or.kr/contributors/private/1046,2차 선별 외—심층 연락처 우선조사 미실시 | 기본: http://www.nongshim.com/ | 접근: 공식 대표·문의 페이지에서 ESG·사회공헌·대외협력 담당 연결 요청
경신,418,310,D,"자동차 및 트레일러 제조업 기업, 기타법인, 인천광역시 연수구 소재, 직원 0명.",자동차 및 트레일러 제조업,기타법인,"인천광역시 연수구 갯벌로 98 (송도동, 경신공업(주)본사사옥/연구소)",0,,64.9,109,51.5,84,0,77.3,61.9,2,공개 주요사업 없음,,0,0,,,,현재 공개 주요사업에서는 직접적인 교육 접점이 확인되지 않음. 신규 교육형 사회공헌사업 제안 가능,개별 귀속 여부는 원문 기준,http://www.kyungshin.co.kr/,http://www.kyungshin.co.kr/home/esg#none,https://csrhub.chest.or.kr/contributors/private/418,2차 선별 외—심층 연락처 우선조사 미실시 | 기본: http://www.kyungshin.co.kr/ | 접근: 공식 대표·문의 페이지에서 ESG·사회공헌·대외협력 담당 연결 요청
유니퀘스트,1465,311,D,"기타 기계 및 장비 도매업 기업, 유가증권시장, 경기도 성남시 소재, 2025년 매출 약 7,300억원, 직원 248명.",기타 기계 및 장비 도매업,유가증권시장,"경기도 성남시 분당구 황새울로 314 (서현동,유니퀘스트빌딩)",248,"7,300.40",0,0,132,176,0,77,61.6,2,공개 주요사업 없음,,0,0,,,,현재 공개 주요사업에서는 직접적인 교육 접점이 확인되지 않음. 신규 교육형 사회공헌사업 제안 가능,개별 귀속 여부는 원문 기준,http://www.uniquest.co.kr/,,https://csrhub.chest.or.kr/contributors/private/1465,2차 선별 외—심층 연락처 우선조사 미실시 | 기본: http://www.uniquest.co.kr/ | 접근: 공식 대표·문의 페이지에서 ESG·사회공헌·대외협력 담당 연결 요청
한산리니어시스템,293,312,B,"기어 및 동력전달장치 제조업 기업, 기타법인, 경기도 평택시 소재.",기어 및 동력전달장치 제조업,기타법인,경기도 평택시 진위면 마산9로 108,,,63,119,62,62,0,76.5,61.2,1,교육자립지원(1) / 기초생계지원(1),평택 지역 저소득층 다문화가정의 고향방문을 통한 가족 친밀감 증진 프로젝트 / 시설 아동 청소년의 꿈 키움 사업,2,1,50.00%,청소년·청년 교육,시설 아동 청소년의 꿈 키움 사업,"청소년 학습·진로 프로그램 기획, 학교·지역기관 연계, 참여자 운영",개별 귀속 여부는 원문 기준,http://www.hansanls.co.kr/,http://www.hansanls.co.kr/?page_id=91,https://csrhub.chest.or.kr/contributors/private/293,기본: 0504-1383-6493 / hs@hansanls.co.kr / https://blog.daara.co.kr/hansanls | 주의: 공개 페이지가 오래된 제품전시장 형태이므로 사용 전 전화 확인 권장 | 기업 홈페이지: http://www.hansanls.co.kr/
디비메탈,1253,313,D,"합금철 제조업 기업, 기타법인, 서울특별시 강남구 소재.",합금철 제조업,기타법인,서울특별시 강남구 테헤란로 432,,,304.3,0,0,0,0,76.1,60.9,1,공개 주요사업 없음,,0,0,,,,현재 공개 주요사업에서는 직접적인 교육 접점이 확인되지 않음. 신규 교육형 사회공헌사업 제안 가능,개별 귀속 여부는 원문 기준,http://www.dbmetal.co/,,https://csrhub.chest.or.kr/contributors/private/1253,2차 선별 외—심층 연락처 우선조사 미실시 | 기본: http://www.dbmetal.co/ | 접근: 공식 대표·문의 페이지에서 ESG·사회공헌·대외협력 담당 연결 요청
경남에너지,322,314,C,"연료용 가스 제조 및 배관공급업 기업, 기타법인, 경상남도 창원시 소재, 2025년 매출 약 8,645억원, 직원 0명.",연료용 가스 제조 및 배관공급업,기타법인,경상남도 창원시 성산구 연덕로 18 (웅남동),0,"8,645.00",35.9,100.9,32.3,131.1,0,75,60,2,소통과참여확대(1) / 주거안전지원(1),"농촌지역 안전취약계층 지원사업 (Home, Safe Home) / 발달장애인의 지역사회전환을 위한 시민옹호 연계 프로젝트 (부제: 같이 스며든 보통의 삶)",2,0,0.00%,,,현재 공개 주요사업에서는 직접적인 교육 접점이 확인되지 않음. 신규 교육형 사회공헌사업 제안 가능,개별 귀속 여부는 원문 기준,http://www.knenergy.co.kr/,,https://csrhub.chest.or.kr/contributors/private/322,2차 선별 외—심층 연락처 우선조사 미실시 | 기본: http://www.knenergy.co.kr/ | 접근: 공식 대표·문의 페이지에서 ESG·사회공헌·대외협력 담당 연결 요청
현대백화점,1003,315,D,"백화점 기업, 유가증권시장, 서울특별시 강남구 소재, 2025년 매출 약 4.2조원, 직원 3,139명.",백화점,유가증권시장,서울특별시 강남구 테헤란로98길 12 -,"3,139","42,303.20",0,100,100,100,0,75,60,3,공개 주요사업 없음,,0,0,,,,현재 공개 주요사업에서는 직접적인 교육 접점이 확인되지 않음. 신규 교육형 사회공헌사업 제안 가능,개별 귀속 여부는 원문 기준,http://home.e-hyundai.com/,,https://csrhub.chest.or.kr/contributors/private/1003,2차 선별 외—심층 연락처 우선조사 미실시 | 기본: http://home.e-hyundai.com/ | 접근: 공식 대표·문의 페이지에서 ESG·사회공헌·대외협력 담당 연결 요청
선광,424,316,B,"수상 화물 취급업 기업, 코스닥시장, 인천 중구 소재, 2025년 매출 약 1,904억원, 직원 466명.",수상 화물 취급업,코스닥시장,인천 중구 항동 34-2,466,"1,904.20",70,70,80,80,0,75,60,4,교육자립지원(1) / 문화정보격차해소(1),지역아동센터 아동. 일반청소년 및 소외대상자 법교육 / 장애 인식 개선을 위한 음악회(시각장애인 오케스트라 혜광브라인드오케스트라 정기연주회),2,1,50.00%,교육격차·취약계층 / 청소년·청년 교육,지역아동센터 아동. 일반청소년 및 소외대상자 법교육,"청소년 학습·진로 프로그램 기획, 학교·지역기관 연계, 참여자 운영 / 교육취약계층 맞춤형 학습지원, 모집·운영 통합관리, 지역 확산",개별 귀속 여부는 원문 기준,http://www.sun-kwang.co.kr/,http://www.sun-kwang.co.kr/sub/esg_ceo.php,https://csrhub.chest.or.kr/contributors/private/424,"기본: (주)선광 032-880-6500 / https://www.sun-kwang.co.kr/ | 교육·문화사업 우선: 선광문화재단 032-773-1177 | 접근: 장학·문화교육 제안은 재단, 지역사회 사업은 본사 연결 | 기업 홈페이지: http://www.sun-kwang.co.kr/"
신한지주,1004,316,D,"지주회사 기업, 유가증권시장, 서울특별시 중구 소재, 직원 195명.",지주회사,유가증권시장,서울특별시 중구 세종대로9길 20 태평로2가,195,,0,300,0,0,0,75,60,1,공개 주요사업 없음,,0,0,,,,현재 공개 주요사업에서는 직접적인 교육 접점이 확인되지 않음. 신규 교육형 사회공헌사업 제안 가능,개별 귀속 여부는 원문 기준,http://www.shinhangroup.com/,,https://csrhub.chest.or.kr/contributors/private/1004,2차 선별 외—심층 연락처 우선조사 미실시 | 기본: http://www.shinhangroup.com/ | 접근: 공식 대표·문의 페이지에서 ESG·사회공헌·대외협력 담당 연결 요청
에스케이스페셜티,152,316,A,"기초 무기화학 물질 제조업 기업, 기타법인, 경상북도 영주시 소재, 2025년 매출 약 7,494억원, 직원 764명.",기초 무기화학 물질 제조업,기타법인,경상북도 영주시 가흥공단로 63,764,"7,493.90",0,0,300,0,17.2,75,63.4,1,교육자립지원(3) / 사회적돌봄강화(3) / 문화정보격차해소(1),치매노인 및 발달장애인 실종예방을 위한 배회감지기 보급지원 사업 '행복GPS' / 전국 발달장애인 음악활동 지원사업 「GREAT MUSIC FESTIVAL」 / 장애청소년 행복 AI 코딩 챌린지 대회 배분신청서,8,4,50.00%,교육격차·취약계층 / 디지털·AI 교육 / 청소년·청년 교육 / 환경·안전·문화 교육,장애청소년 행복 AI 코딩 챌린지 대회 배분신청서 / 청소년 행복AI코딩스쿨 / Summer Discovery Day “배움과모험이 가득한 날＂,"AI·디지털 교육과정 설계, 강사 운영, 프로젝트형 학습·성과관리 / 청소년 학습·진로 프로그램 기획, 학교·지역기관 연계, 참여자 운영 / 교육취약계층 맞춤형 학습지원, 모집·운영 통합관리, 지역 확산",개별 귀속 여부는 원문 기준,http://www.skspecialty.com/,https://www.skspecialty.com/new/kor/html/sustainability/report.asp,https://csrhub.chest.or.kr/contributors/private/152,우선: 행복나눔재단 02-333-3963 / https://skhappiness.org/contact/ | 접근: 교육·사회혁신 제안은 재단 문의 후 실제 사업 귀속 계열사 담당 연결 요청 | 기업 홈페이지: http://www.skspecialty.com/
코오롱베니트,194,316,B,"시스템 소프트웨어 개발 및 공급업 기업, 기타법인, 경기도 과천시 소재, 직원 0명.",시스템 소프트웨어 개발 및 공급업,기타법인,경기도 과천시 코오롱로 11,0,,100,100,100,0,40,75,68,3,교육자립지원(1) / 주거안전지원(1),아동 놀 권리 회복을 위한 '놀이터를 지켜라' 캠페인 : 도시놀이환경개선사업 / 지역아동센터 지원 Hello Dream ‘Eco Science Class’,2,1,50.00%,청소년·청년 교육,지역아동센터 지원 Hello Dream ‘Eco Science Class’,"청소년 학습·진로 프로그램 기획, 학교·지역기관 연계, 참여자 운영",동일한 공개 사업 목록이 6개 기업에 공통 표시됨(그룹 사업 가능성),http://www.kolonbenit.com/,https://www.kolonbenit.com/company/contentsid/262/index.do,https://csrhub.chest.or.kr/contributors/private/194,"우선: 해당 계열사 공식 홈페이지·대표문의 | 접근: 교육·장학형 사업은 코오롱 그룹 공익재단 주관 여부를 먼저 확인하고, 대표전화에서 사회공헌 담당 연결 요청(공개 직통 미확인) | 기업 홈페이지: http://www.kolonbenit.com/"
동국제약,1314,320,D,"의약품 제조업 기업, 코스닥시장, 서울특별시 강남구 소재, 2025년 매출 약 9,269억원, 직원 1,306명.",의약품 제조업,코스닥시장,서울특별시 강남구 영동대로 715 동국제약 청담빌딩,"1,306","9,268.80",61.6,30.6,18.7,188.4,0,74.8,59.9,1,공개 주요사업 없음,,0,0,,,,현재 공개 주요사업에서는 직접적인 교육 접점이 확인되지 않음. 신규 교육형 사회공헌사업 제안 가능,개별 귀속 여부는 원문 기준,http://www.dkpharm.co.kr/,,https://csrhub.chest.or.kr/contributors/private/1314,2차 선별 외—심층 연락처 우선조사 미실시 | 기본: http://www.dkpharm.co.kr/ | 접근: 공식 대표·문의 페이지에서 ESG·사회공헌·대외협력 담당 연결 요청
한샘,1123,321,D,"생활용 가구 도매업 기업, 유가증권시장, 경기도 안산시 소재, 2025년 매출 약 1.7조원, 직원 2,212명.",생활용 가구 도매업,유가증권시장,경기도 안산시 단원구 번영2로 144,"2,212","17,445.40",55.1,17.4,185.9,38.9,0,74.3,59.5,1,공개 주요사업 없음,,0,0,,,,현재 공개 주요사업에서는 직접적인 교육 접점이 확인되지 않음. 신규 교육형 사회공헌사업 제안 가능,개별 귀속 여부는 원문 기준,http://company.hanssem.com/,,https://csrhub.chest.or.kr/contributors/private/1123,2차 선별 외—심층 연락처 우선조사 미실시 | 기본: http://company.hanssem.com/ | 접근: 공식 대표·문의 페이지에서 ESG·사회공헌·대외협력 담당 연결 요청
신한저축은행,211,322,A,"상호 저축은행 및 기타 저축기관 기업, 기타법인, 서울특별시 중구 소재, 직원 0명.",상호 저축은행 및 기타 저축기관,기타법인,"서울특별시 중구 청계천로 54 (삼각동, 신한금융그룹)",0,,70.2,103.8,92.5,30,0,74.1,59.3,3,교육자립지원(12) / 기초생계지원(5) / 보건의료지원(2),맞벌이가정 자녀 돌봄공백 해소를 위한 공동육아나눔터 공간 조성 지원 ‘신한 꿈도담터’ / 위기가정 재기지원사업(7차년도) / 아동학대 응급(보호)조치 아동 보호 및 가정복귀 지원사업 '신한-SOL Guard(4차)',27,12,44.40%,교육격차·취약계층 / 디지털·AI 교육 / 멘토링·학습관리 / 시니어·중장년 교육 / 진로·취업·자립 / 청소년·청년 교육 / 환경·안전·문화 교육,재생PC를 활용한 경로당 어르신 정보화 및 금융교육 / 해외 사회문제 해결을 위한 '글로벌 원신한' / 학교 밖 청소년의 직업탐색을 위한 뮤지컬 교육 및 공연,"AI·디지털 교육과정 설계, 강사 운영, 프로젝트형 학습·성과관리 / 멘토 모집·교육·매칭, 활동 모니터링, 학습·성과관리 / 시니어·중장년 디지털·생애역량 교육과 지역 거점 운영",동일한 공개 사업 목록이 12개 기업에 공통 표시됨(그룹 사업 가능성),http://www.shinhansavings.com/,https://www.shinhangroup.com/kr/esg/report/report,https://csrhub.chest.or.kr/contributors/private/211,우선: 신한금융희망재단(교육·사회문제 해결) 이메일 shdf@shinhan.com / https://shf.neocoms.co.kr/ | 접근: 재단 메일로 제안서 발송 후 해당 계열사 ESG·사회공헌 담당 연결 요청 | 기업 홈페이지: http://www.shinhansavings.com/
우리벤처파트너스,241,323,B,"기타 금융업 기업, 기타법인, 경기도 성남시 소재, 2025년 매출 약 831억원, 직원 0명.",기타 금융업,기타법인,경기도 성남시 분당구 대왕판교로 670,0,830.6,0,43,50,203,0,74,59.2,1,교육자립지원(1),아동·청소년의 교육기회 확대 및 학업탄력성 향상을 위한 온·오프라인 학습멘토 연계 지원사업-우리 드림 멘토링 'With우리 에듀 프로젝트',1,1,100.00%,교육격차·취약계층 / 디지털·AI 교육 / 멘토링·학습관리 / 청소년·청년 교육,아동·청소년의 교육기회 확대 및 학업탄력성 향상을 위한 온·오프라인 학습멘토 연계 지원사업-우리 드림 멘토링 'With우리 에듀 프로젝트',"AI·디지털 교육과정 설계, 강사 운영, 프로젝트형 학습·성과관리 / 멘토 모집·교육·매칭, 활동 모니터링, 학습·성과관리 / 청소년 학습·진로 프로그램 기획, 학교·지역기관 연계, 참여자 운영",개별 귀속 여부는 원문 기준,http://www.woorivp.com/,https://www.woorifg.com/kor/social-contribution/continuous/list.do,https://csrhub.chest.or.kr/contributors/private/241,우선: 우리금융미래재단 02-2125-2145 / https://www.woorifuturefoundation.or.kr/company/contactus | 접근: 교육·격차해소 제안은 재단 문의 후 해당 계열사 담당 연결 요청 | 기업 홈페이지: http://www.woorivp.com/
피앤에프인터내셔널,452,324,D,"화장품 및 화장용품 도매업 기업, 기타법인, 서울특별시 강서구 소재, 직원 0명.",화장품 및 화장용품 도매업,기타법인,"서울특별시 강서구 강서로 402 (등촌동, 재영빌딩), 6층",0,,34.9,36,136,87.8,8.5,73.7,60.6,2,공개 주요사업 없음,,0,0,,,,현재 공개 주요사업에서는 직접적인 교육 접점이 확인되지 않음. 신규 교육형 사회공헌사업 제안 가능,개별 귀속 여부는 원문 기준,,,https://csrhub.chest.or.kr/contributors/private/452,2차 선별 외—심층 연락처 우선조사 미실시 | 기본: 공식 홈페이지 미확인 | 접근: 공식 대표·문의 페이지에서 ESG·사회공헌·대외협력 담당 연결 요청
샘표식품,1257,325,D,"동물용 사료 및 조제식품 제조업 기업, 유가증권시장, 서울특별시 중구 소재, 2025년 매출 약 4,089억원, 직원 830명.",동물용 사료 및 조제식품 제조업,유가증권시장,"서울특별시 중구 충무로 2 8층 (필동1가, 매일경제빌딩)",830,"4,089.30",37.3,62.6,94.1,100.2,9.2,73.5,60.7,2,공개 주요사업 없음,,0,0,,,,현재 공개 주요사업에서는 직접적인 교육 접점이 확인되지 않음. 신규 교육형 사회공헌사업 제안 가능,개별 귀속 여부는 원문 기준,http://www.sempio.com/,,https://csrhub.chest.or.kr/contributors/private/1257,2차 선별 외—심층 연락처 우선조사 미실시 | 기본: http://www.sempio.com/ | 접근: 공식 대표·문의 페이지에서 ESG·사회공헌·대외협력 담당 연결 요청
하나에프앤아이,231,326,A,"기타 금융 투자업 기업, 기타법인, 경기도 안양시 소재, 직원 58명.",기타 금융 투자업,기타법인,"경기도 안양시 만안구 만안로 49, 1407호",58,,58.5,49.5,75,109.1,0.3,73,58.5,2,교육자립지원(8) / 기초생계지원(6) / 문화정보격차해소(4),자립·자활을 위한 자산형성지원사업 / K리그 통합축구활성화 및 친환경리그 지원사업 / 해외청소년 한국어 교육 연수지원사업,22,9,40.90%,교육격차·취약계층 / 멘토링·학습관리 / 진로·취업·자립 / 청소년·청년 교육 / 환경·안전·문화 교육,해외청소년 한국어 교육 연수지원사업 / 소외계층 청년세대를 위한 복합문화공간 지원사업 : HANA SHARING / 지역아동센터 아동/청소년의 미래를 위한 환경교육지원사업,"멘토 모집·교육·매칭, 활동 모니터링, 학습·성과관리 / 청년·경력전환자 직무교육·취업지원, 멘토링, 성과관리 / 청소년 학습·진로 프로그램 기획, 학교·지역기관 연계, 참여자 운영",동일한 공개 사업 목록이 14개 기업에 공통 표시됨(그룹 사업 가능성),http://www.hanafni.com/,https://hanafn.com/esg/reporting/reprt.do,https://csrhub.chest.or.kr/contributors/private/231,"우선: 하나금융나눔재단 사업신청·문의 https://hana-nanum.com/?p=43&page=3&viewMode=add | 신청 안내 02-728-4092~5 / 재단 02-729-8934~7 | 접근: 기관회원 가입 후 사업신청, 전화는 접수 절차 확인용 | 기업 홈페이지: http://www.hanafni.com/"
하이테크엔지니어링,407,327,C,"엔지니어링 서비스업 기업, 기타법인, 전라남도 여수시 소재, 직원 0명.",엔지니어링 서비스업,기타법인,전라남도 여수시 화치동 국민임대단지 011-06-0004 구역,0,,25,48,55.4,163.5,0,73,58.4,1,기초생계지원(1) / 사회적돌봄강화(1),저소득 취약 계층 다둥이 가구 지원사업 / 사랑은 김장을 싣고 ~ 김장 한 포기 나눔 (저소득 취약가구 김장김치 지원 사업),2,0,0.00%,,,현재 공개 주요사업에서는 직접적인 교육 접점이 확인되지 않음. 신규 교육형 사회공헌사업 제안 가능,개별 귀속 여부는 원문 기준,http://hi-techeng.co.kr/,http://hi-techeng.co.kr/managementenvironment.html,https://csrhub.chest.or.kr/contributors/private/407,2차 선별 외—심층 연락처 우선조사 미실시 | 기본: http://hi-techeng.co.kr/ | 접근: 공식 대표·문의 페이지에서 ESG·사회공헌·대외협력 담당 연결 요청
세아특수강,256,328,A,"냉간 압연 및 압출 제품 제조업 기업, 기타법인, 경상북도 포항시 소재, 2025년 매출 약 9,567억원, 직원 445명.",냉간 압연 및 압출 제품 제조업,기타법인,경상북도 포항시 남구 괴동로 40,445,"9,566.60",51,51.1,51.1,138.6,0,72.9,58.3,1,교육자립지원(3) / 주거안전지원(1),학대피해아동 원가정 기능 회복을 위한 주거환경개선사업 '우리가족 울타리이음' / 아동청소년의 자기주도적 미래설계를 위한 법교육 및 진로교육 / 자립준비청년 및 청년의 취업역량 강화를 위한 일 경험(인턴십) 프로그램 : '아름다운 함께서기',4,3,75.00%,교육격차·취약계층 / 진로·취업·자립 / 청소년·청년 교육 / 환경·안전·문화 교육,아동청소년의 자기주도적 미래설계를 위한 법교육 및 진로교육 / 자립준비청년 및 청년의 취업역량 강화를 위한 일 경험(인턴십) 프로그램 : '아름다운 함께서기' / 북한이탈여성청년들의 자립기반형성프로젝트_'서로잇다'_함께 책 한잔 어때요?,"청년·경력전환자 직무교육·취업지원, 멘토링, 성과관리 / 청소년 학습·진로 프로그램 기획, 학교·지역기관 연계, 참여자 운영 / 교육취약계층 맞춤형 학습지원, 모집·운영 통합관리, 지역 확산",동일한 공개 사업 목록이 7개 기업에 공통 표시됨(그룹 사업 가능성),http://www.seahsp.co.kr/,https://www.seahsp.co.kr/about/sustainability/esg.asp,https://csrhub.chest.or.kr/contributors/private/256,우선: 세아해암학술장학재단 02-6970-0171 / hwangeun.choi@seah.co.kr / https://haiam.seah.co.kr/pages/?p=6 | 효과적 경로: 홈페이지 카카오톡 1:1상담(재단은 전화상담이 어렵다고 안내) | 기업 홈페이지: http://www.seahsp.co.kr/
홍덕산업,1348,329,D,"열간 압연 및 압출제품 제조업 기업, 기타법인, 부산광역시 수영구 소재, 직원 0명.",열간 압연 및 압출제품 제조업,기타법인,부산광역시 수영구 구락로141번길 37 (망미동),0,,170,60,40,21,0.5,72.8,58.3,1,공개 주요사업 없음,,0,0,,,,현재 공개 주요사업에서는 직접적인 교육 접점이 확인되지 않음. 신규 교육형 사회공헌사업 제안 가능,개별 귀속 여부는 원문 기준,http://www.kiswire.com/,,https://csrhub.chest.or.kr/contributors/private/1348,2차 선별 외—심층 연락처 우선조사 미실시 | 기본: http://www.kiswire.com/ | 접근: 공식 대표·문의 페이지에서 ESG·사회공헌·대외협력 담당 연결 요청
유토개발1차,436,330,D,"기타 부동산 개발 및 공급업 기업, 기타법인, 대전광역시 유성구 소재, 직원 0명.",기타 부동산 개발 및 공급업,기타법인,대전광역시 유성구 문화원로 95 (봉명동) 가은빌딩 401호,0,,91.5,99.3,100,0,100,72.7,78.2,3,공개 주요사업 없음,,0,0,,,,현재 공개 주요사업에서는 직접적인 교육 접점이 확인되지 않음. 신규 교육형 사회공헌사업 제안 가능,개별 귀속 여부는 원문 기준,,,https://csrhub.chest.or.kr/contributors/private/436,2차 선별 외—심층 연락처 우선조사 미실시 | 기본: 공식 홈페이지 미확인 | 접근: 공식 대표·문의 페이지에서 ESG·사회공헌·대외협력 담당 연결 요청
씨제이올리브네트웍스,180,331,B,"컴퓨터 시스템 통합 자문, 구축 및 관리업 기업, 기타법인, 서울특별시 용산구 소재, 2025년 매출 약 7,948억원, 직원 0명.","컴퓨터 시스템 통합 자문, 구축 및 관리업",기타법인,"서울특별시 용산구 한강대로 366 (동자동, 트윈시티남산) 10층",0,"7,947.70",100,70,0,120,0,72.5,58,3,교육자립지원(1),IT소외계층 대상 원데이 캠프 제공을 통한 교육격차 해소 및 미래 인재 양성,1,1,100.00%,교육격차·취약계층 / 디지털·AI 교육 / 진로·취업·자립 / 청소년·청년 교육,IT소외계층 대상 원데이 캠프 제공을 통한 교육격차 해소 및 미래 인재 양성,"AI·디지털 교육과정 설계, 강사 운영, 프로젝트형 학습·성과관리 / 청년·경력전환자 직무교육·취업지원, 멘토링, 성과관리 / 청소년 학습·진로 프로그램 기획, 학교·지역기관 연계, 참여자 운영",개별 귀속 여부는 원문 기준,http://www.cjolivenetworks.co.kr/,https://www.cjolivenetworks.co.kr/sustainability/esg_overview,https://csrhub.chest.or.kr/contributors/private/180,우선: CJ나눔재단·CJ도너스캠프 기관문의 1899-0233 / https://www.donorscamp.org/mapInfo.do | 접근: 아동·청소년 교육·멘토링 제안은 재단 기관문의로 접수 | 기업 홈페이지: http://www.cjolivenetworks.co.kr/
예람,432,332,D,"데이터베이스 및 온라인 정보 제공업 기업, 기타법인, 대전광역시 중구 소재, 직원 0명.",데이터베이스 및 온라인 정보 제공업,기타법인,대전광역시 중구 동서대로1304번길 33 예람빌딩 5층 (오류동),0,,91.6,60,66.7,68.3,128.3,71.7,83,1,공개 주요사업 없음,,0,0,,,,현재 공개 주요사업에서는 직접적인 교육 접점이 확인되지 않음. 신규 교육형 사회공헌사업 제안 가능,개별 귀속 여부는 원문 기준,http://www.yeram.co.kr/,,https://csrhub.chest.or.kr/contributors/private/432,2차 선별 외—심층 연락처 우선조사 미실시 | 기본: http://www.yeram.co.kr/ | 접근: 공식 대표·문의 페이지에서 ESG·사회공헌·대외협력 담당 연결 요청
한국콜마,390,333,D,"화장품 제조업 기업, 유가증권시장, 세종특별자치시 전의면 소재, 2025년 매출 약 2.7조원, 직원 1,542명.",화장품 제조업,유가증권시장,세종특별자치시 전의면 덕고개길 12-11,"1,542","27,224.20",126.9,56.1,31.7,71.1,0.2,71.4,57.2,2,공개 주요사업 없음,,0,0,,,,현재 공개 주요사업에서는 직접적인 교육 접점이 확인되지 않음. 신규 교육형 사회공헌사업 제안 가능,개별 귀속 여부는 원문 기준,https://www.kolmar.co.kr/,https://www.kolmar.co.kr/esg/esg2.php,https://csrhub.chest.or.kr/contributors/private/390,2차 선별 외—심층 연락처 우선조사 미실시 | 기본: https://www.kolmar.co.kr/ | 접근: 공식 대표·문의 페이지에서 ESG·사회공헌·대외협력 담당 연결 요청
삼익THK,342,334,D,"구름베어링 제조업 기업, 유가증권시장, 대구광역시 달서구 소재, 2025년 매출 약 2,222억원, 직원 526명.",구름베어링 제조업,유가증권시장,대구광역시 달서구 성서동로 163,526,"2,221.80",152,100,30,0,0,70.5,56.4,2,공개 주요사업 없음,,0,0,,,,현재 공개 주요사업에서는 직접적인 교육 접점이 확인되지 않음. 신규 교육형 사회공헌사업 제안 가능,개별 귀속 여부는 원문 기준,http://www.samickthk.co.kr/,https://www.samickthk.co.kr/kr/company/esg,https://csrhub.chest.or.kr/contributors/private/342,2차 선별 외—심층 연락처 우선조사 미실시 | 기본: http://www.samickthk.co.kr/ | 접근: 공식 대표·문의 페이지에서 ESG·사회공헌·대외협력 담당 연결 요청
삼성글로벌리서치,115,335,A,"경제 및 경영학 연구개발업 기업, 기타법인, 서울특별시 서초구 소재, 직원 0명.",경제 및 경영학 연구개발업,기타법인,서울특별시 서초구 서초대로74길 4 31층,0,,62,71.5,56.2,90.5,0,70,56,2,교육자립지원(6) / 심리정서지원(3) / 보건의료지원(2),미취업 청년들의 취업경쟁력을 높이기 위한 '삼성 청년 SW 아카데미'(SSAFY) / 취약계층 건강 증진을 위한 의료비 지원 사업 '희망진료센터' / 명절맞이 취약계층 및 사회복지시설 물품지원 사업,14,8,57.10%,교육격차·취약계층 / 디지털·AI 교육 / 멘토링·학습관리 / 시니어·중장년 교육 / 진로·취업·자립 / 청소년·청년 교육 / 환경·안전·문화 교육,미취업 청년들의 취업경쟁력을 높이기 위한 '삼성 청년 SW 아카데미'(SSAFY) / 시니어 디지털 역량 강화 및 활용을 위한 「삼성 시니어 디지털 아카데미」 / 삼성전자와 함께하는 자립준비청년 취업지원사업 ‘희망디딤돌 2.0’,"AI·디지털 교육과정 설계, 강사 운영, 프로젝트형 학습·성과관리 / 멘토 모집·교육·매칭, 활동 모니터링, 학습·성과관리 / 시니어·중장년 디지털·생애역량 교육과 지역 거점 운영",동일한 공개 사업 목록이 20개 기업에 공통 표시됨(그룹 사업 가능성),,,https://csrhub.chest.or.kr/contributors/private/115,우선: 삼성 CSR 공식 채널 https://csr.samsung.com/ko/ | 접근: 해당 계열사 대표전화·공식 문의에서 ‘사회공헌/ESG/대외협력 담당’ 연결 요청(공개된 공통 CSR 직통 연락처는 미확인)
,,,,,,,,,,,,,,,,,,,,,,,,,,,,,,
,,,,,,,,,,,,,,,,,,,,,,,,,,,,,,
,,,,,,,,,,,,,,,,,,,,,,,,,,,,,,
,,,"A등급
교육 연관사업이 2건 이상이거나
교육 연관사업이 1건 이상이면서 2022~2025년 연평균 기부금이 10억원 이상인 기업

B등급
교육 연관사업이 1건 이상이지만 A등급 기준에는 미달하는 기업

C등급
공개된 주요 사업은 있으나 교육 연관사업이 확인되지 않은 기업

D등급
CSR Hub에 공개된 주요 사업 목록 자체가 없는 기업

**한해 평균 기부금 7천만원 이상 대상 기업 리스트업 후 등급 매김",,,,,,,,,,,,,,,,,,,,,,,,,,,